complaint_id,account_id,borrower_id,event_at,complaint_type,severity,status,source,resolution_at
COMPLAINT0000001,ACC0015256,BRW0010194,2026-04-29 16:34:08,DISPUTE,HIGH,CLOSED,FIELD,2026-05-12 16:34:08
COMPLAINT0000002,ACC0002310,BRW0009657,2026-06-20 04:52:15,HARASSMENT,MEDIUM,RESOLVED,CALL,2026-06-28 04:52:15
COMPLAINT0000003,ACC0002989,BRW0008434,2026-01-29 14:31:42,WRONG_CONTACT,MEDIUM,INVESTIGATING,WHATSAPP,2026-02-07 14:31:42
COMPLAINT0000004,ACC0005034,BRW0011197,2026-07-06 03:59:49,DISPUTE,HIGH,INVESTIGATING,EMAIL,2026-07-08 03:59:49
COMPLAINT0000005,ACC0017220,BRW0001397,2026-05-30 18:10:30,DND,MEDIUM,RESOLVED,FIELD,2026-06-09 18:10:30
COMPLAINT0000006,ACC0004217,BRW0008701,2026-02-11 14:03:47,AGENT_BEHAVIOUR,LOW,OPEN,CALL,2026-02-22 14:03:47
COMPLAINT0000007,ACC0003784,BRW0000204,2026-08-05 12:03:19,DISPUTE,HIGH,OPEN,WHATSAPP,2026-08-18 12:03:19
COMPLAINT0000008,ACC0026249,BRW0001818,2026-07-09 04:41:04,DND,CRITICAL,INVESTIGATING,CALL,2026-07-18 04:41:04
COMPLAINT0000009,ACC0021956,BRW0002487,2026-07-15 17:58:57,DND,MEDIUM,RESOLVED,EMAIL,2026-07-18 17:58:57
COMPLAINT0000010,ACC0011583,BRW0001911,2026-03-17 22:36:09,HARASSMENT,CRITICAL,CLOSED,SMS,2026-03-27 22:36:09
COMPLAINT0000011,ACC0016602,BRW0005948,2026-03-20 07:42:07,PRIVACY,MEDIUM,RESOLVED,FIELD,2026-03-23 07:42:07
COMPLAINT0000012,ACC0027879,BRW0007058,2026-06-21 01:21:53,PRIVACY,MEDIUM,RESOLVED,FIELD,2026-07-06 01:21:53
COMPLAINT0000013,ACC0021737,BRW0002861,2026-02-14 10:41:36,PRIVACY,LOW,RESOLVED,CALL,2026-02-18 10:41:36
COMPLAINT0000014,ACC0005760,BRW0001184,2026-03-04 21:36:11,WRONG_CONTACT,LOW,CLOSED,EMAIL,2026-03-11 21:36:11
COMPLAINT0000015,ACC0020478,BRW0006987,2026-08-05 15:55:58,AGENT_BEHAVIOUR,MEDIUM,CLOSED,FIELD,2026-08-24 15:55:58
COMPLAINT0000016,ACC0017515,BRW0007525,2026-02-28 15:47:02,PRIVACY,CRITICAL,RESOLVED,EMAIL,2026-03-11 15:47:02
COMPLAINT0000017,ACC0028350,BRW0002184,2026-01-11 03:01:13,DND,LOW,CLOSED,WHATSAPP,2026-01-16 03:01:13
COMPLAINT0000018,ACC0010375,BRW0002024,2026-03-05 21:54:25,DISPUTE,HIGH,INVESTIGATING,WHATSAPP,2026-03-14 21:54:25
COMPLAINT0000019,ACC0022619,BRW0007126,2026-07-10 06:57:25,AGENT_BEHAVIOUR,CRITICAL,RESOLVED,CALL,2026-07-18 06:57:25
COMPLAINT0000020,ACC0008861,BRW0005505,2026-06-26 19:59:50,PAYMENT,HIGH,RESOLVED,EMAIL,2026-07-13 19:59:50
COMPLAINT0000021,ACC0027579,BRW0003584,2026-08-03 10:55:41,DND,LOW,INVESTIGATING,WHATSAPP,2026-08-06 10:55:41
COMPLAINT0000022,ACC0000270,BRW0000492,2026-01-08 20:50:02,PRIVACY,MEDIUM,RESOLVED,EMAIL,2026-01-17 20:50:02
COMPLAINT0000023,ACC0007938,BRW0002147,2026-05-04 01:22:35,PRIVACY,CRITICAL,CLOSED,WHATSAPP,2026-05-12 01:22:35
COMPLAINT0000024,ACC0012537,BRW0006734,2026-01-25 03:34:52,WRONG_CONTACT,CRITICAL,RESOLVED,CALL,2026-02-06 03:34:52
COMPLAINT0000025,ACC0004531,BRW0006493,2026-03-16 16:02:47,HARASSMENT,MEDIUM,RESOLVED,WHATSAPP,2026-03-25 16:02:47
COMPLAINT0000026,ACC0025179,BRW0008856,2026-01-18 08:12:13,DISPUTE,CRITICAL,OPEN,CALL,2026-01-22 08:12:13
COMPLAINT0000027,ACC0010168,BRW0009025,2026-05-19 18:29:41,DISPUTE,MEDIUM,RESOLVED,FIELD,2026-05-26 18:29:41
COMPLAINT0000028,ACC0013658,BRW0006629,2026-05-19 20:03:37,DND,LOW,INVESTIGATING,WHATSAPP,2026-05-27 20:03:37
COMPLAINT0000029,ACC0004353,BRW0011620,2026-07-21 10:46:55,PAYMENT,CRITICAL,OPEN,EMAIL,2026-07-24 10:46:55
COMPLAINT0000030,ACC0006592,BRW0010029,2026-04-18 21:49:06,PRIVACY,HIGH,INVESTIGATING,WHATSAPP,2026-04-27 21:49:06
COMPLAINT0000031,ACC0017003,BRW0001677,2026-05-02 06:50:14,PAYMENT,LOW,OPEN,FIELD,2026-05-18 06:50:14
COMPLAINT0000032,ACC0013084,BRW0009742,2026-06-16 23:23:26,WRONG_CONTACT,MEDIUM,INVESTIGATING,CALL,2026-06-18 23:23:26
COMPLAINT0000033,ACC0023908,BRW0006520,2026-08-03 03:04:33,HARASSMENT,HIGH,INVESTIGATING,FIELD,2026-08-12 03:04:33
COMPLAINT0000034,ACC0008636,BRW0005685,2026-06-04 09:10:02,DND,HIGH,INVESTIGATING,SMS,2026-06-17 09:10:02
COMPLAINT0000035,ACC0025127,BRW0002602,2026-04-09 10:25:17,DND,HIGH,INVESTIGATING,CALL,2026-04-22 10:25:17
COMPLAINT0000036,ACC0015117,BRW0010603,2026-02-01 17:27:10,PAYMENT,CRITICAL,CLOSED,WHATSAPP,2026-02-20 17:27:10
COMPLAINT0000037,ACC0014831,BRW0009925,2026-04-09 20:20:47,DND,MEDIUM,CLOSED,EMAIL,2026-04-11 20:20:47
COMPLAINT0000038,ACC0023527,BRW0003905,2026-05-02 03:26:49,PRIVACY,MEDIUM,RESOLVED,SMS,2026-05-13 03:26:49
COMPLAINT0000039,ACC0009195,BRW0006369,2026-07-15 06:13:13,AGENT_BEHAVIOUR,MEDIUM,CLOSED,EMAIL,2026-07-31 06:13:13
COMPLAINT0000040,ACC0008262,BRW0002313,2026-02-01 13:33:50,HARASSMENT,MEDIUM,INVESTIGATING,CALL,2026-02-03 13:33:50
COMPLAINT0000041,ACC0018972,BRW0010666,2026-05-07 14:59:26,DISPUTE,CRITICAL,CLOSED,WHATSAPP,2026-05-11 14:59:26
COMPLAINT0000042,ACC0000801,BRW0005001,2026-05-31 05:28:15,WRONG_CONTACT,CRITICAL,INVESTIGATING,WHATSAPP,2026-06-07 05:28:15
COMPLAINT0000043,ACC0011935,BRW0004065,2026-06-14 16:10:39,PRIVACY,MEDIUM,CLOSED,SMS,2026-07-02 16:10:39
COMPLAINT0000044,ACC0002274,BRW0000360,2026-01-29 02:57:08,PAYMENT,HIGH,CLOSED,EMAIL,2026-02-04 02:57:08
COMPLAINT0000045,ACC0013319,BRW0003273,2026-05-08 02:29:40,HARASSMENT,LOW,INVESTIGATING,CALL,2026-05-22 02:29:40
COMPLAINT0000046,ACC0002209,BRW0002382,2026-02-19 23:09:22,DISPUTE,HIGH,INVESTIGATING,SMS,2026-02-24 23:09:22
COMPLAINT0000047,ACC0010968,BRW0008681,2026-05-21 18:44:54,DND,MEDIUM,RESOLVED,EMAIL,2026-05-30 18:44:54
COMPLAINT0000048,ACC0022662,BRW0000927,2026-07-17 01:32:54,AGENT_BEHAVIOUR,HIGH,OPEN,WHATSAPP,2026-08-05 01:32:54
COMPLAINT0000049,ACC0006172,BRW0000101,2026-03-09 12:36:36,DND,MEDIUM,INVESTIGATING,WHATSAPP,2026-03-16 12:36:36
COMPLAINT0000050,ACC0011680,BRW0000185,2026-06-27 09:57:15,AGENT_BEHAVIOUR,LOW,INVESTIGATING,EMAIL,2026-07-14 09:57:15
COMPLAINT0000051,ACC0018394,BRW0001433,2026-04-19 19:27:56,PAYMENT,HIGH,OPEN,FIELD,2026-04-24 19:27:56
COMPLAINT0000052,ACC0007242,BRW0004494,2026-05-20 23:45:02,PRIVACY,MEDIUM,INVESTIGATING,EMAIL,2026-05-29 23:45:02
COMPLAINT0000053,ACC0011690,BRW0004528,2026-05-07 22:57:31,PRIVACY,CRITICAL,INVESTIGATING,EMAIL,2026-05-09 22:57:31
COMPLAINT0000054,ACC0016810,BRW0006255,2026-07-09 20:55:26,WRONG_CONTACT,CRITICAL,CLOSED,CALL,2026-07-19 20:55:26
COMPLAINT0000055,ACC0007282,BRW0000595,2026-06-16 19:30:41,DISPUTE,MEDIUM,OPEN,EMAIL,2026-07-03 19:30:41
COMPLAINT0000056,ACC0002245,BRW0005878,2026-03-01 02:59:52,AGENT_BEHAVIOUR,HIGH,RESOLVED,EMAIL,2026-03-14 02:59:52
COMPLAINT0000057,ACC0026400,BRW0000763,2026-01-09 10:09:56,WRONG_CONTACT,CRITICAL,CLOSED,CALL,2026-01-19 10:09:56
COMPLAINT0000058,ACC0014493,BRW0010197,2026-02-25 03:29:36,PRIVACY,LOW,RESOLVED,CALL,2026-03-01 03:29:36
COMPLAINT0000059,ACC0025031,BRW0000751,2026-01-25 11:59:45,AGENT_BEHAVIOUR,HIGH,INVESTIGATING,EMAIL,2026-02-11 11:59:45
COMPLAINT0000060,ACC0026022,BRW0004397,2026-03-18 09:35:33,DND,MEDIUM,RESOLVED,WHATSAPP,2026-03-24 09:35:33
COMPLAINT0000061,ACC0003198,BRW0009186,2026-05-26 01:22:49,WRONG_CONTACT,LOW,INVESTIGATING,FIELD,2026-06-06 01:22:49
COMPLAINT0000062,ACC0029827,BRW0000924,2026-06-07 15:59:39,DND,MEDIUM,INVESTIGATING,FIELD,2026-06-16 15:59:39
COMPLAINT0000063,ACC0028076,BRW0000456,2026-07-07 17:03:40,AGENT_BEHAVIOUR,CRITICAL,CLOSED,EMAIL,2026-07-26 17:03:40
COMPLAINT0000064,ACC0013159,BRW0010278,2026-01-04 08:59:56,DISPUTE,HIGH,CLOSED,FIELD,2026-01-07 08:59:56
COMPLAINT0000065,ACC0001395,BRW0001214,2026-06-05 07:36:23,HARASSMENT,CRITICAL,RESOLVED,EMAIL,2026-06-06 07:36:23
COMPLAINT0000066,ACC0027585,BRW0007365,2026-06-15 13:54:45,PRIVACY,HIGH,RESOLVED,SMS,2026-06-19 13:54:45
COMPLAINT0000067,ACC0007255,BRW0010502,2026-04-23 09:09:05,DND,MEDIUM,OPEN,CALL,2026-05-08 09:09:05
COMPLAINT0000068,ACC0000438,BRW0011806,2026-01-16 08:53:51,AGENT_BEHAVIOUR,MEDIUM,INVESTIGATING,FIELD,2026-02-03 08:53:51
COMPLAINT0000069,ACC0006898,BRW0000371,2026-01-30 16:32:31,AGENT_BEHAVIOUR,CRITICAL,OPEN,WHATSAPP,2026-02-03 16:32:31
COMPLAINT0000070,ACC0008533,BRW0002840,2026-07-18 07:41:07,HARASSMENT,HIGH,CLOSED,WHATSAPP,2026-07-29 07:41:07
COMPLAINT0000071,ACC0018347,BRW0005842,2026-08-04 01:33:09,AGENT_BEHAVIOUR,CRITICAL,CLOSED,EMAIL,2026-08-20 01:33:09
COMPLAINT0000072,ACC0026439,BRW0008927,2026-04-05 02:36:16,DND,HIGH,RESOLVED,SMS,2026-04-12 02:36:16
COMPLAINT0000073,ACC0023161,BRW0008376,2026-05-15 21:07:35,PAYMENT,LOW,OPEN,FIELD,2026-05-28 21:07:35
COMPLAINT0000074,ACC0003215,BRW0010959,2026-04-16 12:11:02,DISPUTE,MEDIUM,INVESTIGATING,EMAIL,2026-05-04 12:11:02
COMPLAINT0000075,ACC0006403,BRW0006799,2026-03-09 20:18:24,DISPUTE,LOW,INVESTIGATING,SMS,2026-03-18 20:18:24
COMPLAINT0000076,ACC0005088,BRW0005669,2026-04-30 18:38:07,HARASSMENT,CRITICAL,CLOSED,SMS,2026-05-03 18:38:07
COMPLAINT0000077,ACC0028281,BRW0010487,2026-05-28 22:27:20,PRIVACY,LOW,RESOLVED,EMAIL,2026-05-30 22:27:20
COMPLAINT0000078,ACC0003312,BRW0010552,2026-03-03 00:48:40,DND,LOW,RESOLVED,SMS,2026-03-18 00:48:40
COMPLAINT0000079,ACC0006062,BRW0010850,2026-08-07 23:57:06,PRIVACY,LOW,RESOLVED,WHATSAPP,2026-08-23 23:57:06
COMPLAINT0000080,ACC0024091,BRW0009725,2026-02-18 13:39:49,AGENT_BEHAVIOUR,HIGH,RESOLVED,EMAIL,2026-03-03 13:39:49
COMPLAINT0000081,ACC0023904,BRW0011110,2026-06-03 11:13:13,PRIVACY,MEDIUM,INVESTIGATING,EMAIL,2026-06-10 11:13:13
COMPLAINT0000082,ACC0006432,BRW0008187,2026-07-06 17:20:10,AGENT_BEHAVIOUR,HIGH,OPEN,WHATSAPP,2026-07-11 17:20:10
COMPLAINT0000083,ACC0023749,BRW0005841,2026-01-26 08:04:00,AGENT_BEHAVIOUR,MEDIUM,INVESTIGATING,CALL,2026-02-03 08:04:00
COMPLAINT0000084,ACC0012859,BRW0011765,2026-06-04 19:47:33,DND,CRITICAL,OPEN,FIELD,2026-06-15 19:47:33
COMPLAINT0000085,ACC0013331,BRW0008268,2026-02-06 16:22:36,PAYMENT,CRITICAL,CLOSED,SMS,2026-02-19 16:22:36
COMPLAINT0000086,ACC0018727,BRW0009861,2026-05-14 19:12:19,HARASSMENT,HIGH,RESOLVED,FIELD,2026-05-30 19:12:19
COMPLAINT0000087,ACC0013677,BRW0010978,2026-02-06 18:15:41,WRONG_CONTACT,CRITICAL,RESOLVED,SMS,2026-02-14 18:15:41
COMPLAINT0000088,ACC0013693,BRW0002640,2026-02-08 15:58:18,PAYMENT,HIGH,RESOLVED,EMAIL,2026-02-14 15:58:18
COMPLAINT0000089,ACC0010999,BRW0009872,2026-05-20 19:28:53,DND,CRITICAL,INVESTIGATING,CALL,2026-06-02 19:28:53
COMPLAINT0000090,ACC0001237,BRW0009228,2026-03-12 05:04:13,HARASSMENT,CRITICAL,CLOSED,CALL,2026-03-25 05:04:13
COMPLAINT0000091,ACC0024741,BRW0006140,2026-01-05 18:24:33,DISPUTE,CRITICAL,RESOLVED,SMS,2026-01-16 18:24:33
COMPLAINT0000092,ACC0027742,BRW0007820,2026-07-27 04:51:24,WRONG_CONTACT,MEDIUM,CLOSED,FIELD,2026-08-15 04:51:24
COMPLAINT0000093,ACC0009234,BRW0008429,2026-05-15 21:07:20,WRONG_CONTACT,MEDIUM,OPEN,WHATSAPP,2026-05-20 21:07:20
COMPLAINT0000094,ACC0018061,BRW0004931,2026-03-06 20:21:12,PRIVACY,LOW,CLOSED,SMS,2026-03-19 20:21:12
COMPLAINT0000095,ACC0028942,BRW0008614,2026-04-25 22:42:01,AGENT_BEHAVIOUR,HIGH,RESOLVED,FIELD,2026-05-06 22:42:01
COMPLAINT0000096,ACC0008736,BRW0009317,2026-02-13 01:41:55,PRIVACY,HIGH,RESOLVED,FIELD,2026-03-01 01:41:55
COMPLAINT0000097,ACC0013727,BRW0011865,2026-05-15 18:34:19,AGENT_BEHAVIOUR,LOW,INVESTIGATING,SMS,2026-05-22 18:34:19
COMPLAINT0000098,ACC0006805,BRW0004131,2026-05-19 14:10:24,PAYMENT,MEDIUM,RESOLVED,EMAIL,2026-05-22 14:10:24
COMPLAINT0000099,ACC0027276,BRW0004472,2026-06-30 13:14:46,PAYMENT,MEDIUM,OPEN,EMAIL,2026-07-16 13:14:46
COMPLAINT0000100,ACC0004538,BRW0000959,2026-05-24 10:24:05,AGENT_BEHAVIOUR,MEDIUM,OPEN,WHATSAPP,2026-06-05 10:24:05
COMPLAINT0000101,ACC0027025,BRW0011399,2026-07-23 02:04:57,PRIVACY,LOW,INVESTIGATING,WHATSAPP,2026-08-08 02:04:57
COMPLAINT0000102,ACC0012904,BRW0002570,2026-06-02 12:18:33,PRIVACY,LOW,INVESTIGATING,EMAIL,2026-06-12 12:18:33
COMPLAINT0000103,ACC0024597,BRW0006511,2026-03-25 05:40:12,HARASSMENT,LOW,INVESTIGATING,SMS,2026-03-31 05:40:12
COMPLAINT0000104,ACC0018968,BRW0000848,2026-03-07 13:43:15,AGENT_BEHAVIOUR,LOW,CLOSED,SMS,2026-03-24 13:43:15
COMPLAINT0000105,ACC0004973,BRW0010636,2026-02-21 00:26:44,AGENT_BEHAVIOUR,CRITICAL,RESOLVED,SMS,2026-02-26 00:26:44
COMPLAINT0000106,ACC0006462,BRW0007379,2026-05-13 02:24:04,AGENT_BEHAVIOUR,LOW,RESOLVED,WHATSAPP,2026-05-15 02:24:04
COMPLAINT0000107,ACC0009753,BRW0003541,2026-03-20 21:39:15,DISPUTE,MEDIUM,RESOLVED,CALL,2026-04-01 21:39:15
COMPLAINT0000108,ACC0013760,BRW0010656,2026-02-04 04:16:40,AGENT_BEHAVIOUR,MEDIUM,RESOLVED,FIELD,2026-02-05 04:16:40
COMPLAINT0000109,ACC0024167,BRW0006491,2026-01-08 03:41:32,PRIVACY,CRITICAL,INVESTIGATING,EMAIL,2026-01-19 03:41:32
COMPLAINT0000110,ACC0014898,BRW0004161,2026-02-14 03:50:22,HARASSMENT,HIGH,INVESTIGATING,SMS,2026-02-25 03:50:22
COMPLAINT0000111,ACC0022641,BRW0011211,2026-04-11 12:06:39,DISPUTE,HIGH,OPEN,WHATSAPP,2026-04-15 12:06:39
COMPLAINT0000112,ACC0011008,BRW0006691,2026-04-09 22:15:06,HARASSMENT,HIGH,INVESTIGATING,FIELD,2026-04-12 22:15:06
COMPLAINT0000113,ACC0003322,BRW0000889,2026-02-25 03:12:31,WRONG_CONTACT,MEDIUM,RESOLVED,SMS,2026-03-14 03:12:31
COMPLAINT0000114,ACC0028486,BRW0010116,2026-08-05 11:10:48,PRIVACY,MEDIUM,CLOSED,EMAIL,2026-08-08 11:10:48
COMPLAINT0000115,ACC0002362,BRW0000294,2026-03-19 03:10:04,AGENT_BEHAVIOUR,HIGH,RESOLVED,FIELD,2026-03-31 03:10:04
COMPLAINT0000116,ACC0011940,BRW0009296,2026-03-07 12:48:58,DISPUTE,HIGH,INVESTIGATING,EMAIL,2026-03-17 12:48:58
COMPLAINT0000117,ACC0004641,BRW0006458,2026-02-14 10:48:44,WRONG_CONTACT,HIGH,OPEN,FIELD,2026-02-20 10:48:44
COMPLAINT0000118,ACC0019847,BRW0008757,2026-01-19 20:04:25,WRONG_CONTACT,LOW,CLOSED,CALL,2026-02-04 20:04:25
COMPLAINT0000119,ACC0021915,BRW0007711,2026-01-01 05:24:54,PRIVACY,CRITICAL,CLOSED,EMAIL,2026-01-03 05:24:54
COMPLAINT0000120,ACC0013715,BRW0010914,2026-03-27 09:48:57,PRIVACY,CRITICAL,OPEN,EMAIL,2026-04-15 09:48:57
COMPLAINT0000121,ACC0014353,BRW0004457,2026-03-28 14:02:55,HARASSMENT,MEDIUM,RESOLVED,FIELD,2026-04-07 14:02:55
COMPLAINT0000122,ACC0023133,BRW0001997,2026-01-01 11:56:00,DND,LOW,INVESTIGATING,EMAIL,2026-01-06 11:56:00
COMPLAINT0000123,ACC0027979,BRW0006894,2026-03-19 22:57:05,PAYMENT,MEDIUM,INVESTIGATING,SMS,2026-03-29 22:57:05
COMPLAINT0000124,ACC0002565,BRW0011195,2026-07-08 22:31:38,WRONG_CONTACT,MEDIUM,RESOLVED,FIELD,2026-07-10 22:31:38
COMPLAINT0000125,ACC0025177,BRW0004380,2026-08-08 19:12:54,AGENT_BEHAVIOUR,CRITICAL,CLOSED,WHATSAPP,2026-08-13 19:12:54
COMPLAINT0000126,ACC0029768,BRW0002766,2026-03-02 00:21:13,WRONG_CONTACT,CRITICAL,RESOLVED,CALL,2026-03-17 00:21:13
COMPLAINT0000127,ACC0018745,BRW0007412,2026-07-15 17:30:48,HARASSMENT,HIGH,OPEN,FIELD,2026-07-18 17:30:48
COMPLAINT0000128,ACC0023008,BRW0006920,2026-04-27 19:28:32,DISPUTE,HIGH,CLOSED,FIELD,2026-04-29 19:28:32
COMPLAINT0000129,ACC0007127,BRW0010933,2026-01-22 06:19:32,DISPUTE,CRITICAL,CLOSED,SMS,2026-02-04 06:19:32
COMPLAINT0000130,ACC0004141,BRW0002321,2026-05-19 17:22:27,HARASSMENT,HIGH,OPEN,WHATSAPP,2026-05-21 17:22:27
COMPLAINT0000131,ACC0017434,BRW0009939,2026-01-08 03:35:18,DND,CRITICAL,INVESTIGATING,SMS,2026-01-18 03:35:18
COMPLAINT0000132,ACC0013897,BRW0011321,2026-05-06 17:30:15,PRIVACY,LOW,CLOSED,SMS,2026-05-19 17:30:15
COMPLAINT0000133,ACC0024859,BRW0011047,2026-05-24 18:14:47,PAYMENT,CRITICAL,OPEN,FIELD,2026-05-27 18:14:47
COMPLAINT0000134,ACC0029924,BRW0010061,2026-05-08 16:16:17,DND,MEDIUM,CLOSED,FIELD,2026-05-17 16:16:17
COMPLAINT0000135,ACC0022228,BRW0001323,2026-07-01 20:07:06,AGENT_BEHAVIOUR,HIGH,INVESTIGATING,SMS,2026-07-07 20:07:06
COMPLAINT0000136,ACC0003003,BRW0000810,2026-01-21 12:04:23,DISPUTE,HIGH,OPEN,WHATSAPP,2026-01-30 12:04:23
COMPLAINT0000137,ACC0015410,BRW0004780,2026-05-16 11:40:15,WRONG_CONTACT,CRITICAL,CLOSED,EMAIL,2026-06-03 11:40:15
COMPLAINT0000138,ACC0017862,BRW0007724,2026-05-03 13:20:52,DISPUTE,HIGH,RESOLVED,CALL,2026-05-09 13:20:52
COMPLAINT0000139,ACC0006466,BRW0006915,2026-06-02 04:36:28,PAYMENT,MEDIUM,CLOSED,WHATSAPP,2026-06-11 04:36:28
COMPLAINT0000140,ACC0004950,BRW0006620,2026-05-02 10:36:49,HARASSMENT,CRITICAL,RESOLVED,WHATSAPP,2026-05-10 10:36:49
COMPLAINT0000141,ACC0017994,BRW0006167,2026-05-05 22:32:20,DND,MEDIUM,CLOSED,WHATSAPP,2026-05-23 22:32:20
COMPLAINT0000142,ACC0002286,BRW0003418,2026-04-26 13:24:00,AGENT_BEHAVIOUR,LOW,INVESTIGATING,FIELD,2026-05-10 13:24:00
COMPLAINT0000143,ACC0025524,BRW0009110,2026-04-11 23:21:22,AGENT_BEHAVIOUR,MEDIUM,RESOLVED,FIELD,2026-04-17 23:21:22
COMPLAINT0000144,ACC0005633,BRW0004095,2026-06-29 16:33:25,PAYMENT,MEDIUM,RESOLVED,CALL,2026-07-03 16:33:25
COMPLAINT0000145,ACC0026694,BRW0003729,2026-03-23 11:40:39,DISPUTE,LOW,CLOSED,WHATSAPP,2026-03-26 11:40:39
COMPLAINT0000146,ACC0013439,BRW0007774,2026-03-14 11:51:22,DISPUTE,LOW,OPEN,WHATSAPP,2026-03-30 11:51:22
COMPLAINT0000147,ACC0003595,BRW0003158,2026-04-03 02:50:01,WRONG_CONTACT,CRITICAL,INVESTIGATING,CALL,2026-04-14 02:50:01
COMPLAINT0000148,ACC0006574,BRW0005017,2026-05-29 17:30:32,PRIVACY,CRITICAL,RESOLVED,CALL,2026-06-09 17:30:32
COMPLAINT0000149,ACC0000281,BRW0010927,2026-03-20 11:05:15,HARASSMENT,LOW,INVESTIGATING,EMAIL,2026-04-04 11:05:15
COMPLAINT0000150,ACC0017754,BRW0009031,2026-08-08 16:27:38,HARASSMENT,HIGH,OPEN,CALL,2026-08-12 16:27:38
COMPLAINT0000151,ACC0006333,BRW0005187,2026-07-08 15:28:50,AGENT_BEHAVIOUR,MEDIUM,INVESTIGATING,FIELD,2026-07-09 15:28:50
COMPLAINT0000152,ACC0012312,BRW0004291,2026-03-15 14:38:08,PAYMENT,CRITICAL,CLOSED,CALL,2026-04-02 14:38:08
COMPLAINT0000153,ACC0000768,BRW0005473,2026-02-24 01:13:39,DISPUTE,LOW,OPEN,FIELD,2026-03-09 01:13:39
COMPLAINT0000154,ACC0005735,BRW0002954,2026-07-16 06:09:49,PRIVACY,CRITICAL,OPEN,CALL,2026-08-04 06:09:49
COMPLAINT0000155,ACC0003307,BRW0005433,2026-06-30 16:10:50,DISPUTE,MEDIUM,RESOLVED,CALL,2026-07-13 16:10:50
COMPLAINT0000156,ACC0024815,BRW0011905,2026-04-25 23:51:57,PRIVACY,MEDIUM,RESOLVED,EMAIL,2026-05-14 23:51:57
COMPLAINT0000157,ACC0027693,BRW0010742,2026-06-01 11:46:24,PRIVACY,LOW,INVESTIGATING,FIELD,2026-06-09 11:46:24
COMPLAINT0000158,ACC0007178,BRW0008485,2026-01-21 14:52:54,PRIVACY,LOW,OPEN,EMAIL,2026-02-07 14:52:54
COMPLAINT0000159,ACC0021006,BRW0001243,2026-04-07 18:15:23,PAYMENT,HIGH,INVESTIGATING,FIELD,2026-04-10 18:15:23
COMPLAINT0000160,ACC0011251,BRW0010076,2026-02-15 12:53:50,AGENT_BEHAVIOUR,CRITICAL,CLOSED,SMS,2026-02-18 12:53:50
COMPLAINT0000161,ACC0019802,BRW0002267,2026-04-11 16:01:27,PAYMENT,LOW,INVESTIGATING,EMAIL,2026-04-28 16:01:27
COMPLAINT0000162,ACC0008812,BRW0008151,2026-02-22 05:44:09,DISPUTE,MEDIUM,RESOLVED,SMS,2026-03-13 05:44:09
COMPLAINT0000163,ACC0003989,BRW0008575,2026-01-30 05:22:12,HARASSMENT,CRITICAL,OPEN,FIELD,2026-02-01 05:22:12
COMPLAINT0000164,ACC0008504,BRW0006898,2026-03-23 12:15:36,DISPUTE,MEDIUM,RESOLVED,CALL,2026-03-28 12:15:36
COMPLAINT0000165,ACC0008027,BRW0001093,2026-01-30 11:23:58,DND,LOW,OPEN,EMAIL,2026-02-09 11:23:58
COMPLAINT0000166,ACC0012103,BRW0005733,2026-07-21 03:31:57,WRONG_CONTACT,MEDIUM,RESOLVED,SMS,2026-07-22 03:31:57
COMPLAINT0000167,ACC0025215,BRW0010496,2026-06-09 00:40:38,PAYMENT,LOW,INVESTIGATING,FIELD,2026-06-24 00:40:38
COMPLAINT0000168,ACC0021502,BRW0006960,2026-02-25 06:11:23,DISPUTE,HIGH,RESOLVED,CALL,2026-03-10 06:11:23
COMPLAINT0000169,ACC0020177,BRW0003354,2026-01-29 14:51:18,WRONG_CONTACT,HIGH,CLOSED,CALL,2026-02-15 14:51:18
COMPLAINT0000170,ACC0021270,BRW0002994,2026-03-28 01:38:56,PRIVACY,HIGH,CLOSED,FIELD,2026-04-02 01:38:56
COMPLAINT0000171,ACC0016651,BRW0010595,2026-04-08 03:38:44,WRONG_CONTACT,LOW,OPEN,CALL,2026-04-18 03:38:44
COMPLAINT0000172,ACC0011658,BRW0008865,2026-06-19 02:30:04,WRONG_CONTACT,LOW,CLOSED,EMAIL,2026-07-08 02:30:04
COMPLAINT0000173,ACC0017704,BRW0001134,2026-01-04 01:48:34,DISPUTE,MEDIUM,INVESTIGATING,EMAIL,2026-01-05 01:48:34
COMPLAINT0000174,ACC0006486,BRW0008469,2026-02-17 18:01:28,HARASSMENT,MEDIUM,CLOSED,WHATSAPP,2026-02-21 18:01:28
COMPLAINT0000175,ACC0012264,BRW0000211,2026-04-29 08:50:50,DND,HIGH,INVESTIGATING,SMS,2026-05-05 08:50:50
COMPLAINT0000176,ACC0012138,BRW0009996,2026-05-18 20:30:22,PRIVACY,CRITICAL,CLOSED,CALL,2026-05-31 20:30:22
COMPLAINT0000177,ACC0009749,BRW0009084,2026-07-05 15:26:30,HARASSMENT,LOW,CLOSED,WHATSAPP,2026-07-24 15:26:30
COMPLAINT0000178,ACC0004105,BRW0006229,2026-01-03 18:57:02,PAYMENT,CRITICAL,RESOLVED,WHATSAPP,2026-01-22 18:57:02
COMPLAINT0000179,ACC0021012,BRW0006016,2026-04-19 23:36:35,DND,CRITICAL,INVESTIGATING,SMS,2026-04-24 23:36:35
COMPLAINT0000180,ACC0012813,BRW0008638,2026-05-27 09:28:34,DND,CRITICAL,RESOLVED,FIELD,2026-05-29 09:28:34
COMPLAINT0000181,ACC0019182,BRW0010353,2026-05-16 13:38:36,DND,HIGH,CLOSED,EMAIL,2026-06-02 13:38:36
COMPLAINT0000182,ACC0025007,BRW0008527,2026-02-22 11:17:42,DND,CRITICAL,RESOLVED,WHATSAPP,2026-03-11 11:17:42
COMPLAINT0000183,ACC0006932,BRW0009967,2026-05-20 19:36:01,DISPUTE,HIGH,RESOLVED,WHATSAPP,2026-05-31 19:36:01
COMPLAINT0000184,ACC0011115,BRW0010602,2026-07-16 13:05:07,HARASSMENT,HIGH,INVESTIGATING,CALL,2026-08-02 13:05:07
COMPLAINT0000185,ACC0015654,BRW0011081,2026-03-30 17:57:12,PRIVACY,CRITICAL,RESOLVED,EMAIL,2026-04-06 17:57:12
COMPLAINT0000186,ACC0010230,BRW0001782,2026-01-13 06:56:46,WRONG_CONTACT,HIGH,RESOLVED,FIELD,2026-01-24 06:56:46
COMPLAINT0000187,ACC0003996,BRW0011252,2026-03-24 19:56:05,WRONG_CONTACT,CRITICAL,INVESTIGATING,CALL,2026-04-09 19:56:05
COMPLAINT0000188,ACC0028520,BRW0009083,2026-08-07 01:39:44,DISPUTE,MEDIUM,CLOSED,SMS,2026-08-19 01:39:44
COMPLAINT0000189,ACC0020906,BRW0009333,2026-06-01 10:51:46,PRIVACY,MEDIUM,OPEN,WHATSAPP,2026-06-10 10:51:46
COMPLAINT0000190,ACC0011737,BRW0010964,2026-08-07 03:30:19,PAYMENT,CRITICAL,OPEN,CALL,2026-08-12 03:30:19
COMPLAINT0000191,ACC0021861,BRW0005284,2026-05-11 03:32:37,HARASSMENT,CRITICAL,RESOLVED,FIELD,2026-05-14 03:32:37
COMPLAINT0000192,ACC0023744,BRW0002322,2026-02-06 04:12:44,PRIVACY,CRITICAL,CLOSED,SMS,2026-02-19 04:12:44
COMPLAINT0000193,ACC0010753,BRW0002364,2026-03-06 15:31:15,HARASSMENT,LOW,INVESTIGATING,FIELD,2026-03-18 15:31:15
COMPLAINT0000194,ACC0020768,BRW0009537,2026-07-25 07:18:16,PAYMENT,MEDIUM,INVESTIGATING,EMAIL,2026-08-07 07:18:16
COMPLAINT0000195,ACC0025893,BRW0005496,2026-07-30 16:54:47,WRONG_CONTACT,CRITICAL,CLOSED,EMAIL,2026-08-05 16:54:47
COMPLAINT0000196,ACC0008048,BRW0006721,2026-07-02 20:31:39,AGENT_BEHAVIOUR,MEDIUM,INVESTIGATING,SMS,2026-07-20 20:31:39
COMPLAINT0000197,ACC0004077,BRW0007042,2026-05-13 18:43:53,DISPUTE,CRITICAL,RESOLVED,EMAIL,2026-05-23 18:43:53
COMPLAINT0000198,ACC0025238,BRW0005341,2026-07-19 04:53:22,AGENT_BEHAVIOUR,LOW,CLOSED,CALL,2026-07-28 04:53:22
COMPLAINT0000199,ACC0017767,BRW0008635,2026-01-17 04:51:38,DND,MEDIUM,RESOLVED,FIELD,2026-02-03 04:51:38
COMPLAINT0000200,ACC0013461,BRW0003682,2026-02-22 02:44:02,DISPUTE,MEDIUM,OPEN,WHATSAPP,2026-03-02 02:44:02
COMPLAINT0000201,ACC0003937,BRW0004119,2026-04-05 15:26:51,PRIVACY,HIGH,INVESTIGATING,CALL,2026-04-17 15:26:51
COMPLAINT0000202,ACC0004296,BRW0004904,2026-01-06 13:47:25,WRONG_CONTACT,CRITICAL,OPEN,SMS,2026-01-20 13:47:25
COMPLAINT0000203,ACC0017355,BRW0003317,2026-04-13 06:21:27,DISPUTE,LOW,RESOLVED,WHATSAPP,2026-04-14 06:21:27
COMPLAINT0000204,ACC0020883,BRW0011555,2026-05-23 05:40:05,WRONG_CONTACT,CRITICAL,RESOLVED,FIELD,2026-06-07 05:40:05
COMPLAINT0000205,ACC0014605,BRW0011369,2026-05-05 16:28:37,DND,MEDIUM,RESOLVED,WHATSAPP,2026-05-24 16:28:37
COMPLAINT0000206,ACC0007227,BRW0005944,2026-03-20 15:04:50,WRONG_CONTACT,HIGH,OPEN,FIELD,2026-03-25 15:04:50
COMPLAINT0000207,ACC0018190,BRW0003473,2026-02-21 17:22:45,PAYMENT,MEDIUM,INVESTIGATING,FIELD,2026-03-10 17:22:45
COMPLAINT0000208,ACC0026549,BRW0000249,2026-02-15 23:16:24,DND,LOW,INVESTIGATING,WHATSAPP,2026-02-23 23:16:24
COMPLAINT0000209,ACC0009136,BRW0000410,2026-03-13 06:52:48,HARASSMENT,LOW,INVESTIGATING,FIELD,2026-03-28 06:52:48
COMPLAINT0000210,ACC0011383,BRW0007721,2026-01-15 11:43:24,PAYMENT,CRITICAL,RESOLVED,WHATSAPP,2026-01-26 11:43:24
COMPLAINT0000211,ACC0023850,BRW0009710,2026-04-06 16:45:36,WRONG_CONTACT,LOW,RESOLVED,FIELD,2026-04-11 16:45:36
COMPLAINT0000212,ACC0025554,BRW0007941,2026-04-10 23:01:40,PRIVACY,MEDIUM,OPEN,FIELD,2026-04-13 23:01:40
COMPLAINT0000213,ACC0005282,BRW0008648,2026-05-21 05:40:18,WRONG_CONTACT,CRITICAL,INVESTIGATING,FIELD,2026-06-04 05:40:18
COMPLAINT0000214,ACC0004507,BRW0000190,2026-02-19 00:24:43,PAYMENT,CRITICAL,RESOLVED,FIELD,2026-03-02 00:24:43
COMPLAINT0000215,ACC0017066,BRW0006510,2026-04-24 06:17:47,PRIVACY,MEDIUM,INVESTIGATING,FIELD,2026-04-29 06:17:47
COMPLAINT0000216,ACC0002912,BRW0008445,2026-05-26 02:52:38,HARASSMENT,LOW,CLOSED,EMAIL,2026-06-11 02:52:38
COMPLAINT0000217,ACC0023115,BRW0005699,2026-03-17 22:51:04,DND,CRITICAL,INVESTIGATING,WHATSAPP,2026-03-23 22:51:04
COMPLAINT0000218,ACC0027762,BRW0001025,2026-06-29 05:45:05,HARASSMENT,MEDIUM,OPEN,SMS,2026-07-13 05:45:05
COMPLAINT0000219,ACC0003926,BRW0006686,2026-01-23 06:17:20,DISPUTE,HIGH,OPEN,FIELD,2026-02-01 06:17:20
COMPLAINT0000220,ACC0016533,BRW0003440,2026-06-18 06:20:59,DISPUTE,LOW,RESOLVED,SMS,2026-07-01 06:20:59
COMPLAINT0000221,ACC0005096,BRW0009251,2026-07-27 12:41:49,PAYMENT,MEDIUM,INVESTIGATING,SMS,2026-08-04 12:41:49
COMPLAINT0000222,ACC0015780,BRW0006859,2026-03-15 18:47:00,PAYMENT,CRITICAL,RESOLVED,FIELD,2026-03-31 18:47:00
COMPLAINT0000223,ACC0000154,BRW0008846,2026-07-09 02:49:17,WRONG_CONTACT,CRITICAL,OPEN,EMAIL,2026-07-25 02:49:17
COMPLAINT0000224,ACC0016163,BRW0010937,2026-05-16 02:17:25,DND,CRITICAL,INVESTIGATING,EMAIL,2026-05-19 02:17:25
COMPLAINT0000225,ACC0006579,BRW0010602,2026-01-06 15:58:42,PAYMENT,CRITICAL,RESOLVED,CALL,2026-01-21 15:58:42
COMPLAINT0000226,ACC0002604,BRW0001544,2026-04-01 04:31:32,PRIVACY,HIGH,RESOLVED,FIELD,2026-04-10 04:31:32
COMPLAINT0000227,ACC0019507,BRW0006836,2026-07-23 00:22:30,DND,HIGH,RESOLVED,SMS,2026-08-05 00:22:30
COMPLAINT0000228,ACC0005461,BRW0001532,2026-07-21 08:48:17,PRIVACY,MEDIUM,CLOSED,EMAIL,2026-07-27 08:48:17
COMPLAINT0000229,ACC0020446,BRW0007087,2026-03-20 14:00:52,DISPUTE,MEDIUM,RESOLVED,FIELD,2026-03-31 14:00:52
COMPLAINT0000230,ACC0019690,BRW0002241,2026-06-16 12:36:11,DISPUTE,MEDIUM,RESOLVED,CALL,2026-07-02 12:36:11
COMPLAINT0000231,ACC0021682,BRW0008795,2026-05-27 21:43:21,DND,HIGH,CLOSED,WHATSAPP,2026-06-15 21:43:21
COMPLAINT0000232,ACC0010301,BRW0011160,2026-06-06 20:23:39,PAYMENT,MEDIUM,CLOSED,WHATSAPP,2026-06-15 20:23:39
COMPLAINT0000233,ACC0010499,BRW0001076,2026-06-08 18:41:00,PAYMENT,HIGH,OPEN,FIELD,2026-06-14 18:41:00
COMPLAINT0000234,ACC0004114,BRW0001151,2026-03-23 20:54:25,AGENT_BEHAVIOUR,LOW,RESOLVED,WHATSAPP,2026-04-09 20:54:25
COMPLAINT0000235,ACC0020069,BRW0007369,2026-01-21 21:29:36,PAYMENT,HIGH,RESOLVED,WHATSAPP,2026-02-01 21:29:36
COMPLAINT0000236,ACC0001292,BRW0004549,2026-05-27 14:49:59,DISPUTE,MEDIUM,OPEN,FIELD,2026-05-30 14:49:59
COMPLAINT0000237,ACC0000679,BRW0008760,2026-06-11 03:43:57,PAYMENT,HIGH,CLOSED,WHATSAPP,2026-06-12 03:43:57
COMPLAINT0000238,ACC0028819,BRW0010905,2026-01-18 19:08:02,DND,MEDIUM,CLOSED,SMS,2026-01-25 19:08:02
COMPLAINT0000239,ACC0029459,BRW0004280,2026-07-10 23:52:50,PAYMENT,MEDIUM,OPEN,WHATSAPP,2026-07-12 23:52:50
COMPLAINT0000240,ACC0019787,BRW0009827,2026-06-11 00:57:23,AGENT_BEHAVIOUR,CRITICAL,OPEN,FIELD,2026-06-27 00:57:23
COMPLAINT0000241,ACC0029087,BRW0000539,2026-03-05 04:50:21,PAYMENT,HIGH,OPEN,CALL,2026-03-20 04:50:21
COMPLAINT0000242,ACC0009894,BRW0003263,2026-08-06 01:09:18,PRIVACY,CRITICAL,INVESTIGATING,WHATSAPP,2026-08-17 01:09:18
COMPLAINT0000243,ACC0017956,BRW0002943,2026-06-07 22:54:45,PRIVACY,MEDIUM,CLOSED,EMAIL,2026-06-26 22:54:45
COMPLAINT0000244,ACC0008489,BRW0008222,2026-06-25 03:25:17,DISPUTE,MEDIUM,RESOLVED,FIELD,2026-07-11 03:25:17
COMPLAINT0000245,ACC0002621,BRW0000534,2026-04-06 00:26:40,HARASSMENT,LOW,RESOLVED,CALL,2026-04-15 00:26:40
COMPLAINT0000246,ACC0002069,BRW0009943,2026-05-03 00:55:32,HARASSMENT,CRITICAL,INVESTIGATING,FIELD,2026-05-14 00:55:32
COMPLAINT0000247,ACC0010461,BRW0008217,2026-02-28 13:38:02,HARASSMENT,CRITICAL,RESOLVED,SMS,2026-03-11 13:38:02
COMPLAINT0000248,ACC0028897,BRW0005101,2026-02-25 13:53:29,AGENT_BEHAVIOUR,LOW,RESOLVED,EMAIL,2026-02-26 13:53:29
COMPLAINT0000249,ACC0002625,BRW0006773,2026-06-22 09:48:37,DND,MEDIUM,OPEN,CALL,2026-06-30 09:48:37
COMPLAINT0000250,ACC0019891,BRW0008064,2026-01-04 20:23:10,HARASSMENT,CRITICAL,RESOLVED,SMS,2026-01-10 20:23:10
COMPLAINT0000251,ACC0010986,BRW0010087,2026-06-30 10:37:33,HARASSMENT,MEDIUM,INVESTIGATING,EMAIL,2026-07-07 10:37:33
COMPLAINT0000252,ACC0020035,BRW0006176,2026-08-02 06:28:50,PAYMENT,LOW,RESOLVED,SMS,2026-08-10 06:28:50
COMPLAINT0000253,ACC0026087,BRW0009102,2026-03-18 11:00:15,DISPUTE,MEDIUM,OPEN,CALL,2026-03-22 11:00:15
COMPLAINT0000254,ACC0025611,BRW0007224,2026-02-12 15:45:12,DISPUTE,CRITICAL,OPEN,EMAIL,2026-02-18 15:45:12
COMPLAINT0000255,ACC0002759,BRW0006135,2026-04-02 09:48:47,DND,CRITICAL,RESOLVED,SMS,2026-04-19 09:48:47
COMPLAINT0000256,ACC0001036,BRW0008990,2026-07-31 08:43:16,DND,MEDIUM,OPEN,EMAIL,2026-08-18 08:43:16
COMPLAINT0000257,ACC0007017,BRW0004346,2026-01-28 21:19:28,DISPUTE,HIGH,OPEN,WHATSAPP,2026-02-02 21:19:28
COMPLAINT0000258,ACC0003989,BRW0011576,2026-02-07 11:01:38,PRIVACY,CRITICAL,RESOLVED,EMAIL,2026-02-23 11:01:38
COMPLAINT0000259,ACC0006215,BRW0010893,2026-01-07 18:26:34,HARASSMENT,CRITICAL,RESOLVED,FIELD,2026-01-14 18:26:34
COMPLAINT0000260,ACC0001938,BRW0002892,2026-03-27 15:36:48,AGENT_BEHAVIOUR,LOW,RESOLVED,WHATSAPP,2026-04-11 15:36:48
COMPLAINT0000261,ACC0021171,BRW0008873,2026-04-14 00:24:35,AGENT_BEHAVIOUR,MEDIUM,OPEN,FIELD,2026-04-22 00:24:35
COMPLAINT0000262,ACC0019571,BRW0003104,2026-06-15 16:26:30,PAYMENT,LOW,RESOLVED,EMAIL,2026-06-29 16:26:30
COMPLAINT0000263,ACC0014992,BRW0006647,2026-05-13 05:16:38,AGENT_BEHAVIOUR,LOW,INVESTIGATING,FIELD,2026-05-19 05:16:38
COMPLAINT0000264,ACC0001846,BRW0003325,2026-04-07 16:58:34,WRONG_CONTACT,HIGH,RESOLVED,WHATSAPP,2026-04-21 16:58:34
COMPLAINT0000265,ACC0011632,BRW0009556,2026-07-14 19:17:53,PRIVACY,CRITICAL,INVESTIGATING,FIELD,2026-08-01 19:17:53
COMPLAINT0000266,ACC0001419,BRW0004534,2026-01-24 15:18:09,WRONG_CONTACT,CRITICAL,CLOSED,EMAIL,2026-01-30 15:18:09
COMPLAINT0000267,ACC0028412,BRW0002617,2026-03-27 14:04:16,HARASSMENT,MEDIUM,CLOSED,WHATSAPP,2026-04-08 14:04:16
COMPLAINT0000268,ACC0022558,BRW0010978,2026-06-11 08:00:48,DISPUTE,LOW,CLOSED,SMS,2026-06-25 08:00:48
COMPLAINT0000269,ACC0010400,BRW0005603,2026-04-13 04:36:51,AGENT_BEHAVIOUR,CRITICAL,OPEN,EMAIL,2026-04-27 04:36:51
COMPLAINT0000270,ACC0024436,BRW0002937,2026-05-08 15:50:10,DISPUTE,LOW,RESOLVED,WHATSAPP,2026-05-21 15:50:10
COMPLAINT0000271,ACC0011514,BRW0011536,2026-06-26 19:30:02,PRIVACY,LOW,INVESTIGATING,FIELD,2026-06-28 19:30:02
COMPLAINT0000272,ACC0016690,BRW0005957,2026-03-01 10:19:13,PRIVACY,LOW,RESOLVED,WHATSAPP,2026-03-17 10:19:13
COMPLAINT0000273,ACC0024964,BRW0004293,2026-04-07 09:18:21,WRONG_CONTACT,MEDIUM,RESOLVED,FIELD,2026-04-19 09:18:21
COMPLAINT0000274,ACC0026259,BRW0009405,2026-03-13 00:43:23,AGENT_BEHAVIOUR,MEDIUM,INVESTIGATING,WHATSAPP,2026-03-21 00:43:23
COMPLAINT0000275,ACC0006796,BRW0002577,2026-05-02 03:46:26,DND,LOW,RESOLVED,SMS,2026-05-15 03:46:26
COMPLAINT0000276,ACC0015463,BRW0008036,2026-07-05 04:31:21,HARASSMENT,HIGH,CLOSED,EMAIL,2026-07-20 04:31:21
COMPLAINT0000277,ACC0008074,BRW0007842,2026-02-26 11:12:09,DISPUTE,HIGH,INVESTIGATING,CALL,2026-03-16 11:12:09
COMPLAINT0000278,ACC0017670,BRW0003282,2026-01-30 07:44:51,WRONG_CONTACT,LOW,INVESTIGATING,SMS,2026-02-09 07:44:51
COMPLAINT0000279,ACC0018956,BRW0002595,2026-06-08 20:55:22,HARASSMENT,HIGH,INVESTIGATING,WHATSAPP,2026-06-17 20:55:22
COMPLAINT0000280,ACC0029241,BRW0009740,2026-05-04 16:39:14,PAYMENT,LOW,OPEN,EMAIL,2026-05-07 16:39:14
COMPLAINT0000281,ACC0006249,BRW0011110,2026-01-30 01:04:11,PAYMENT,HIGH,CLOSED,CALL,2026-02-18 01:04:11
COMPLAINT0000282,ACC0000521,BRW0010314,2026-02-08 03:26:00,PAYMENT,CRITICAL,RESOLVED,FIELD,2026-02-19 03:26:00
COMPLAINT0000283,ACC0027975,BRW0001351,2026-02-02 05:14:55,PAYMENT,CRITICAL,OPEN,EMAIL,2026-02-11 05:14:55
COMPLAINT0000284,ACC0013551,BRW0002197,2026-06-25 13:06:03,DND,CRITICAL,CLOSED,WHATSAPP,2026-07-11 13:06:03
COMPLAINT0000285,ACC0008744,BRW0007706,2026-04-13 09:41:24,HARASSMENT,LOW,RESOLVED,EMAIL,2026-04-24 09:41:24
COMPLAINT0000286,ACC0003135,BRW0011556,2026-07-21 00:47:15,AGENT_BEHAVIOUR,CRITICAL,INVESTIGATING,EMAIL,2026-07-30 00:47:15
COMPLAINT0000287,ACC0009172,BRW0002508,2026-01-25 09:07:56,DND,MEDIUM,INVESTIGATING,WHATSAPP,2026-01-27 09:07:56
COMPLAINT0000288,ACC0012475,BRW0000056,2026-07-24 07:19:13,AGENT_BEHAVIOUR,CRITICAL,RESOLVED,FIELD,2026-07-28 07:19:13
COMPLAINT0000289,ACC0010816,BRW0003746,2026-05-28 05:53:42,PAYMENT,LOW,INVESTIGATING,SMS,2026-06-14 05:53:42
COMPLAINT0000290,ACC0018485,BRW0005174,2026-03-03 01:01:58,WRONG_CONTACT,MEDIUM,INVESTIGATING,FIELD,2026-03-16 01:01:58
COMPLAINT0000291,ACC0001638,BRW0008301,2026-04-15 19:39:55,PRIVACY,CRITICAL,OPEN,CALL,2026-04-22 19:39:55
COMPLAINT0000292,ACC0019595,BRW0003716,2026-07-11 08:54:27,PRIVACY,LOW,RESOLVED,FIELD,2026-07-26 08:54:27
COMPLAINT0000293,ACC0010168,BRW0001957,2026-04-14 17:39:00,DND,MEDIUM,INVESTIGATING,CALL,2026-04-15 17:39:00
COMPLAINT0000294,ACC0026591,BRW0009504,2026-01-07 07:06:27,HARASSMENT,CRITICAL,INVESTIGATING,CALL,2026-01-16 07:06:27
COMPLAINT0000295,ACC0021105,BRW0000222,2026-05-08 18:17:00,PAYMENT,HIGH,CLOSED,CALL,2026-05-22 18:17:00
COMPLAINT0000296,ACC0021667,BRW0011633,2026-08-08 06:18:29,WRONG_CONTACT,CRITICAL,OPEN,FIELD,2026-08-13 06:18:29
COMPLAINT0000297,ACC0017864,BRW0009322,2026-02-07 15:05:28,DND,CRITICAL,OPEN,CALL,2026-02-16 15:05:28
COMPLAINT0000298,ACC0000833,BRW0008522,2026-07-31 00:52:56,DISPUTE,MEDIUM,OPEN,SMS,2026-08-14 00:52:56
COMPLAINT0000299,ACC0024589,BRW0006408,2026-08-01 21:38:50,PRIVACY,HIGH,OPEN,SMS,2026-08-02 21:38:50
COMPLAINT0000300,ACC0000304,BRW0004783,2026-07-08 21:30:58,PRIVACY,HIGH,CLOSED,WHATSAPP,2026-07-20 21:30:58
COMPLAINT0000301,ACC0016961,BRW0003517,2026-05-14 12:03:51,DISPUTE,HIGH,OPEN,EMAIL,2026-05-23 12:03:51
COMPLAINT0000302,ACC0001951,BRW0008018,2026-06-14 22:03:06,AGENT_BEHAVIOUR,CRITICAL,OPEN,EMAIL,2026-06-24 22:03:06
COMPLAINT0000303,ACC0023897,BRW0007896,2026-03-27 00:38:44,DND,LOW,INVESTIGATING,WHATSAPP,2026-04-01 00:38:44
COMPLAINT0000304,ACC0006537,BRW0001757,2026-04-07 08:08:04,HARASSMENT,LOW,CLOSED,CALL,2026-04-15 08:08:04
COMPLAINT0000305,ACC0001237,BRW0000302,2026-04-20 19:01:56,HARASSMENT,MEDIUM,CLOSED,EMAIL,2026-04-22 19:01:56
COMPLAINT0000306,ACC0020249,BRW0008438,2026-04-21 13:25:57,AGENT_BEHAVIOUR,HIGH,RESOLVED,WHATSAPP,2026-04-27 13:25:57
COMPLAINT0000307,ACC0002889,BRW0010054,2026-03-13 12:07:53,AGENT_BEHAVIOUR,CRITICAL,OPEN,FIELD,2026-03-30 12:07:53
COMPLAINT0000308,ACC0016051,BRW0005444,2026-06-22 00:05:21,AGENT_BEHAVIOUR,MEDIUM,INVESTIGATING,FIELD,2026-06-29 00:05:21
COMPLAINT0000309,ACC0003563,BRW0005131,2026-05-25 00:49:53,PRIVACY,HIGH,OPEN,EMAIL,2026-05-29 00:49:53
COMPLAINT0000310,ACC0010993,BRW0009765,2026-04-01 22:28:59,DISPUTE,LOW,RESOLVED,WHATSAPP,2026-04-08 22:28:59
COMPLAINT0000311,ACC0019457,BRW0002809,2026-06-18 21:12:23,DISPUTE,LOW,RESOLVED,WHATSAPP,2026-06-30 21:12:23
COMPLAINT0000312,ACC0006573,BRW0001657,2026-05-01 03:20:14,PRIVACY,HIGH,INVESTIGATING,SMS,2026-05-14 03:20:14
COMPLAINT0000313,ACC0023326,BRW0000913,2026-04-16 19:59:30,WRONG_CONTACT,LOW,INVESTIGATING,WHATSAPP,2026-05-05 19:59:30
COMPLAINT0000314,ACC0025182,BRW0001874,2026-05-29 00:20:21,PAYMENT,HIGH,INVESTIGATING,WHATSAPP,2026-06-12 00:20:21
COMPLAINT0000315,ACC0029538,BRW0000282,2026-02-26 04:39:46,PAYMENT,CRITICAL,CLOSED,EMAIL,2026-03-10 04:39:46
COMPLAINT0000316,ACC0001998,BRW0009499,2026-03-02 00:06:12,WRONG_CONTACT,LOW,CLOSED,WHATSAPP,2026-03-04 00:06:12
COMPLAINT0000317,ACC0027004,BRW0011716,2026-03-16 10:03:14,WRONG_CONTACT,LOW,INVESTIGATING,SMS,2026-04-02 10:03:14
COMPLAINT0000318,ACC0004379,BRW0004835,2026-05-12 09:42:26,PAYMENT,CRITICAL,OPEN,EMAIL,2026-05-25 09:42:26
COMPLAINT0000319,ACC0021582,BRW0000626,2026-07-03 04:56:34,DND,CRITICAL,RESOLVED,FIELD,2026-07-22 04:56:34
COMPLAINT0000320,ACC0004799,BRW0004552,2026-06-10 12:28:17,DISPUTE,CRITICAL,INVESTIGATING,CALL,2026-06-12 12:28:17
COMPLAINT0000321,ACC0012669,BRW0007468,2026-01-14 18:45:47,DISPUTE,HIGH,INVESTIGATING,WHATSAPP,2026-01-20 18:45:47
COMPLAINT0000322,ACC0029353,BRW0004575,2026-08-07 10:13:11,PRIVACY,LOW,CLOSED,CALL,2026-08-19 10:13:11
COMPLAINT0000323,ACC0001555,BRW0007184,2026-04-03 00:55:23,DISPUTE,HIGH,CLOSED,EMAIL,2026-04-15 00:55:23
COMPLAINT0000324,ACC0019254,BRW0000597,2026-06-04 21:13:36,DISPUTE,CRITICAL,CLOSED,SMS,2026-06-12 21:13:36
COMPLAINT0000325,ACC0022323,BRW0011322,2026-07-10 06:32:26,AGENT_BEHAVIOUR,MEDIUM,OPEN,EMAIL,2026-07-18 06:32:26
COMPLAINT0000326,ACC0002340,BRW0001962,2026-07-20 15:36:09,AGENT_BEHAVIOUR,LOW,INVESTIGATING,FIELD,2026-07-29 15:36:09
COMPLAINT0000327,ACC0017139,BRW0006883,2026-01-30 03:38:17,PRIVACY,LOW,CLOSED,CALL,2026-02-10 03:38:17
COMPLAINT0000328,ACC0020953,BRW0011563,2026-04-21 08:51:12,DISPUTE,MEDIUM,OPEN,CALL,2026-04-30 08:51:12
COMPLAINT0000329,ACC0007717,BRW0010101,2026-05-28 20:36:17,WRONG_CONTACT,LOW,INVESTIGATING,EMAIL,2026-06-15 20:36:17
COMPLAINT0000330,ACC0029432,BRW0011656,2026-03-15 06:12:24,WRONG_CONTACT,MEDIUM,INVESTIGATING,EMAIL,2026-03-23 06:12:24
COMPLAINT0000331,ACC0018742,BRW0008724,2026-02-15 11:13:08,WRONG_CONTACT,HIGH,OPEN,SMS,2026-03-01 11:13:08
COMPLAINT0000332,ACC0010740,BRW0000064,2026-05-19 19:10:39,DISPUTE,MEDIUM,RESOLVED,FIELD,2026-05-23 19:10:39
COMPLAINT0000333,ACC0022413,BRW0000199,2026-06-20 02:03:44,WRONG_CONTACT,CRITICAL,RESOLVED,EMAIL,2026-07-08 02:03:44
COMPLAINT0000334,ACC0010601,BRW0010243,2026-07-15 18:21:45,PRIVACY,MEDIUM,OPEN,SMS,2026-07-27 18:21:45
COMPLAINT0000335,ACC0013745,BRW0002824,2026-03-01 03:33:37,WRONG_CONTACT,CRITICAL,RESOLVED,SMS,2026-03-17 03:33:37
COMPLAINT0000336,ACC0004446,BRW0011315,2026-05-23 18:55:44,DISPUTE,LOW,CLOSED,SMS,2026-06-07 18:55:44
COMPLAINT0000337,ACC0006004,BRW0004962,2026-03-28 03:10:17,DND,HIGH,RESOLVED,CALL,2026-04-01 03:10:17
COMPLAINT0000338,ACC0016422,BRW0001606,2026-01-08 22:32:48,DND,LOW,CLOSED,FIELD,2026-01-14 22:32:48
COMPLAINT0000339,ACC0025871,BRW0004171,2026-07-09 23:20:30,DND,CRITICAL,CLOSED,EMAIL,2026-07-24 23:20:30
COMPLAINT0000340,ACC0026047,BRW0000873,2026-04-18 07:15:08,AGENT_BEHAVIOUR,LOW,CLOSED,SMS,2026-04-20 07:15:08
COMPLAINT0000341,ACC0002816,BRW0002406,2026-03-21 22:14:23,DND,CRITICAL,RESOLVED,SMS,2026-03-26 22:14:23
COMPLAINT0000342,ACC0010002,BRW0001448,2026-06-22 13:31:10,DND,CRITICAL,OPEN,SMS,2026-07-05 13:31:10
COMPLAINT0000343,ACC0029365,BRW0009792,2026-07-11 23:57:25,AGENT_BEHAVIOUR,HIGH,OPEN,CALL,2026-07-21 23:57:25
COMPLAINT0000344,ACC0000516,BRW0001954,2026-05-30 17:05:27,AGENT_BEHAVIOUR,HIGH,OPEN,FIELD,2026-06-02 17:05:27
COMPLAINT0000345,ACC0025725,BRW0008902,2026-03-10 13:49:53,WRONG_CONTACT,LOW,OPEN,SMS,2026-03-26 13:49:53
COMPLAINT0000346,ACC0008229,BRW0000902,2026-07-16 20:42:38,PAYMENT,MEDIUM,CLOSED,WHATSAPP,2026-07-19 20:42:38
COMPLAINT0000347,ACC0014951,BRW0011537,2026-06-26 22:44:51,WRONG_CONTACT,LOW,CLOSED,CALL,2026-06-30 22:44:51
COMPLAINT0000348,ACC0003946,BRW0009851,2026-03-07 18:53:25,PAYMENT,HIGH,OPEN,CALL,2026-03-19 18:53:25
COMPLAINT0000349,ACC0016652,BRW0000692,2026-04-07 04:10:48,WRONG_CONTACT,LOW,RESOLVED,WHATSAPP,2026-04-19 04:10:48
COMPLAINT0000350,ACC0003883,BRW0005603,2026-01-15 08:12:04,DND,CRITICAL,INVESTIGATING,SMS,2026-02-03 08:12:04
COMPLAINT0000351,ACC0005453,BRW0008995,2026-03-07 09:07:20,DND,HIGH,INVESTIGATING,FIELD,2026-03-26 09:07:20
COMPLAINT0000352,ACC0013137,BRW0002027,2026-07-26 00:33:27,PRIVACY,MEDIUM,OPEN,CALL,2026-08-07 00:33:27
COMPLAINT0000353,ACC0006184,BRW0008751,2026-07-03 10:00:12,DISPUTE,MEDIUM,CLOSED,EMAIL,2026-07-07 10:00:12
COMPLAINT0000354,ACC0014854,BRW0010248,2026-01-07 21:49:35,DND,CRITICAL,CLOSED,EMAIL,2026-01-10 21:49:35
COMPLAINT0000355,ACC0029436,BRW0007586,2026-02-14 16:03:00,WRONG_CONTACT,HIGH,CLOSED,WHATSAPP,2026-03-02 16:03:00
COMPLAINT0000356,ACC0018752,BRW0005956,2026-07-18 03:56:52,HARASSMENT,CRITICAL,CLOSED,FIELD,2026-07-21 03:56:52
COMPLAINT0000357,ACC0013122,BRW0001852,2026-07-27 21:01:31,DISPUTE,MEDIUM,INVESTIGATING,SMS,2026-08-10 21:01:31
COMPLAINT0000358,ACC0008455,BRW0005626,2026-01-25 06:08:36,AGENT_BEHAVIOUR,LOW,CLOSED,SMS,2026-02-09 06:08:36
COMPLAINT0000359,ACC0006853,BRW0007095,2026-02-21 17:03:47,PAYMENT,LOW,CLOSED,FIELD,2026-03-09 17:03:47
COMPLAINT0000360,ACC0004286,BRW0006942,2026-06-26 18:51:48,DND,LOW,OPEN,EMAIL,2026-06-30 18:51:48
COMPLAINT0000361,ACC0007717,BRW0003365,2026-06-17 16:52:12,DND,MEDIUM,CLOSED,WHATSAPP,2026-06-24 16:52:12
COMPLAINT0000362,ACC0008698,BRW0004329,2026-02-21 03:40:51,WRONG_CONTACT,CRITICAL,RESOLVED,SMS,2026-03-08 03:40:51
COMPLAINT0000363,ACC0006907,BRW0011891,2026-02-09 22:19:09,WRONG_CONTACT,HIGH,CLOSED,FIELD,2026-02-12 22:19:09
COMPLAINT0000364,ACC0025384,BRW0011748,2026-02-07 15:47:44,WRONG_CONTACT,MEDIUM,INVESTIGATING,WHATSAPP,2026-02-17 15:47:44
COMPLAINT0000365,ACC0008319,BRW0010885,2026-03-18 04:11:54,HARASSMENT,LOW,INVESTIGATING,WHATSAPP,2026-03-21 04:11:54
COMPLAINT0000366,ACC0011035,BRW0007102,2026-06-24 20:40:51,DND,CRITICAL,CLOSED,FIELD,2026-07-04 20:40:51
COMPLAINT0000367,ACC0008284,BRW0008252,2026-04-11 08:22:07,WRONG_CONTACT,MEDIUM,OPEN,EMAIL,2026-04-12 08:22:07
COMPLAINT0000368,ACC0024109,BRW0005918,2026-06-17 01:50:29,PRIVACY,HIGH,RESOLVED,CALL,2026-07-06 01:50:29
COMPLAINT0000369,ACC0008112,BRW0005567,2026-05-27 18:10:25,DISPUTE,CRITICAL,OPEN,WHATSAPP,2026-06-03 18:10:25
COMPLAINT0000370,ACC0011296,BRW0004280,2026-02-27 16:39:07,PRIVACY,CRITICAL,OPEN,EMAIL,2026-03-09 16:39:07
COMPLAINT0000371,ACC0020809,BRW0000123,2026-02-27 01:59:28,HARASSMENT,MEDIUM,RESOLVED,FIELD,2026-03-08 01:59:28
COMPLAINT0000372,ACC0027419,BRW0009899,2026-06-08 14:34:46,PAYMENT,LOW,INVESTIGATING,EMAIL,2026-06-16 14:34:46
COMPLAINT0000373,ACC0016702,BRW0003849,2026-07-30 01:27:05,DND,CRITICAL,RESOLVED,SMS,2026-08-18 01:27:05
COMPLAINT0000374,ACC0019528,BRW0002825,2026-06-03 15:24:34,WRONG_CONTACT,MEDIUM,CLOSED,CALL,2026-06-19 15:24:34
COMPLAINT0000375,ACC0021258,BRW0006335,2026-01-13 19:26:09,DISPUTE,CRITICAL,INVESTIGATING,CALL,2026-01-20 19:26:09
COMPLAINT0000376,ACC0010504,BRW0009651,2026-03-22 12:15:33,DISPUTE,MEDIUM,RESOLVED,EMAIL,2026-04-06 12:15:33
COMPLAINT0000377,ACC0014559,BRW0010749,2026-08-01 19:19:31,PAYMENT,HIGH,CLOSED,CALL,2026-08-11 19:19:31
COMPLAINT0000378,ACC0003974,BRW0009696,2026-02-27 21:40:09,DISPUTE,MEDIUM,RESOLVED,EMAIL,2026-03-01 21:40:09
COMPLAINT0000379,ACC0001554,BRW0007926,2026-05-19 03:58:57,WRONG_CONTACT,LOW,CLOSED,WHATSAPP,2026-05-29 03:58:57
COMPLAINT0000380,ACC0023231,BRW0007656,2026-07-16 23:44:17,AGENT_BEHAVIOUR,HIGH,RESOLVED,FIELD,2026-07-21 23:44:17
COMPLAINT0000381,ACC0016240,BRW0000864,2026-03-15 12:09:21,DISPUTE,MEDIUM,INVESTIGATING,SMS,2026-04-02 12:09:21
COMPLAINT0000382,ACC0018948,BRW0001371,2026-02-09 16:17:36,DISPUTE,MEDIUM,OPEN,SMS,2026-02-19 16:17:36
COMPLAINT0000383,ACC0011322,BRW0002581,2026-01-06 21:34:32,AGENT_BEHAVIOUR,MEDIUM,OPEN,FIELD,2026-01-17 21:34:32
COMPLAINT0000384,ACC0015030,BRW0000612,2026-04-18 08:43:55,WRONG_CONTACT,LOW,CLOSED,FIELD,2026-04-21 08:43:55
COMPLAINT0000385,ACC0027395,BRW0001910,2026-07-11 09:19:27,HARASSMENT,MEDIUM,INVESTIGATING,EMAIL,2026-07-18 09:19:27
COMPLAINT0000386,ACC0013206,BRW0009979,2026-07-20 02:23:08,AGENT_BEHAVIOUR,HIGH,RESOLVED,EMAIL,2026-08-08 02:23:08
COMPLAINT0000387,ACC0015551,BRW0003501,2026-03-03 06:37:57,WRONG_CONTACT,MEDIUM,RESOLVED,CALL,2026-03-14 06:37:57
COMPLAINT0000388,ACC0028694,BRW0004295,2026-05-04 23:46:43,HARASSMENT,MEDIUM,OPEN,FIELD,2026-05-12 23:46:43
COMPLAINT0000389,ACC0011217,BRW0005077,2026-06-07 11:33:08,PRIVACY,LOW,RESOLVED,FIELD,2026-06-21 11:33:08
COMPLAINT0000390,ACC0010884,BRW0010837,2026-05-24 18:56:44,WRONG_CONTACT,MEDIUM,OPEN,SMS,2026-06-11 18:56:44
COMPLAINT0000391,ACC0003296,BRW0011516,2026-05-22 14:05:00,WRONG_CONTACT,MEDIUM,OPEN,CALL,2026-06-08 14:05:00
COMPLAINT0000392,ACC0023167,BRW0003315,2026-01-31 00:17:59,WRONG_CONTACT,MEDIUM,OPEN,FIELD,2026-02-12 00:17:59
COMPLAINT0000393,ACC0020543,BRW0007987,2026-01-30 15:16:25,AGENT_BEHAVIOUR,HIGH,OPEN,WHATSAPP,2026-02-15 15:16:25
COMPLAINT0000394,ACC0024991,BRW0002894,2026-03-25 14:58:27,PRIVACY,LOW,CLOSED,WHATSAPP,2026-04-13 14:58:27
COMPLAINT0000395,ACC0002480,BRW0008015,2026-02-01 14:07:34,PAYMENT,CRITICAL,RESOLVED,FIELD,2026-02-09 14:07:34
COMPLAINT0000396,ACC0007150,BRW0002508,2026-01-21 20:08:27,DISPUTE,LOW,OPEN,SMS,2026-02-08 20:08:27
COMPLAINT0000397,ACC0022897,BRW0011836,2026-04-04 00:28:29,HARASSMENT,HIGH,INVESTIGATING,EMAIL,2026-04-13 00:28:29
COMPLAINT0000398,ACC0013410,BRW0009137,2026-05-16 00:34:56,WRONG_CONTACT,LOW,INVESTIGATING,CALL,2026-05-28 00:34:56
COMPLAINT0000399,ACC0016973,BRW0000556,2026-08-06 03:50:42,DND,HIGH,RESOLVED,EMAIL,2026-08-19 03:50:42
COMPLAINT0000400,ACC0006167,BRW0008197,2026-04-04 11:25:13,DND,MEDIUM,INVESTIGATING,FIELD,2026-04-17 11:25:13
COMPLAINT0000401,ACC0012656,BRW0004553,2026-02-03 23:31:09,PRIVACY,LOW,INVESTIGATING,WHATSAPP,2026-02-15 23:31:09
COMPLAINT0000402,ACC0028670,BRW0010945,2026-05-23 16:10:10,PAYMENT,HIGH,OPEN,SMS,2026-05-25 16:10:10
COMPLAINT0000403,ACC0010446,BRW0000003,2026-05-13 16:48:44,DISPUTE,HIGH,CLOSED,CALL,2026-05-21 16:48:44
COMPLAINT0000404,ACC0020548,BRW0011374,2026-01-14 19:57:18,HARASSMENT,CRITICAL,CLOSED,SMS,2026-01-31 19:57:18
COMPLAINT0000405,ACC0003651,BRW0008817,2026-06-07 23:44:08,HARASSMENT,CRITICAL,INVESTIGATING,CALL,2026-06-21 23:44:08
COMPLAINT0000406,ACC0006037,BRW0006457,2026-01-27 23:56:31,PRIVACY,HIGH,CLOSED,EMAIL,2026-01-30 23:56:31
COMPLAINT0000407,ACC0017040,BRW0001619,2026-05-23 05:46:36,HARASSMENT,LOW,OPEN,CALL,2026-06-07 05:46:36
COMPLAINT0000408,ACC0014496,BRW0001970,2026-07-08 05:13:04,HARASSMENT,MEDIUM,INVESTIGATING,SMS,2026-07-20 05:13:04
COMPLAINT0000409,ACC0010451,BRW0006345,2026-03-05 13:08:26,HARASSMENT,CRITICAL,INVESTIGATING,WHATSAPP,2026-03-06 13:08:26
COMPLAINT0000410,ACC0008637,BRW0001260,2026-03-19 22:14:25,PAYMENT,CRITICAL,INVESTIGATING,EMAIL,2026-03-29 22:14:25
COMPLAINT0000411,ACC0024906,BRW0002524,2026-03-26 23:58:32,WRONG_CONTACT,MEDIUM,CLOSED,FIELD,2026-03-28 23:58:32
COMPLAINT0000412,ACC0017082,BRW0003866,2026-06-08 17:59:58,WRONG_CONTACT,MEDIUM,INVESTIGATING,WHATSAPP,2026-06-24 17:59:58
COMPLAINT0000413,ACC0020346,BRW0008652,2026-04-06 16:52:42,HARASSMENT,MEDIUM,CLOSED,CALL,2026-04-18 16:52:42
COMPLAINT0000414,ACC0002152,BRW0011029,2026-01-26 22:28:09,AGENT_BEHAVIOUR,MEDIUM,OPEN,FIELD,2026-02-12 22:28:09
COMPLAINT0000415,ACC0009489,BRW0003992,2026-01-20 07:15:00,PRIVACY,MEDIUM,OPEN,CALL,2026-01-31 07:15:00
COMPLAINT0000416,ACC0007268,BRW0000625,2026-04-13 02:27:15,PRIVACY,LOW,INVESTIGATING,SMS,2026-05-01 02:27:15
COMPLAINT0000417,ACC0009011,BRW0010530,2026-01-02 18:55:03,WRONG_CONTACT,MEDIUM,RESOLVED,EMAIL,2026-01-16 18:55:03
COMPLAINT0000418,ACC0005799,BRW0010116,2026-01-03 06:16:57,PAYMENT,MEDIUM,CLOSED,WHATSAPP,2026-01-11 06:16:57
COMPLAINT0000419,ACC0001866,BRW0005946,2026-01-29 18:01:13,DND,LOW,RESOLVED,CALL,2026-02-13 18:01:13
COMPLAINT0000420,ACC0025701,BRW0002669,2026-06-28 10:42:12,HARASSMENT,CRITICAL,OPEN,FIELD,2026-07-06 10:42:12
COMPLAINT0000421,ACC0003654,BRW0003623,2026-07-29 13:45:55,HARASSMENT,MEDIUM,OPEN,CALL,2026-08-17 13:45:55
COMPLAINT0000422,ACC0013540,BRW0003177,2026-07-05 18:42:34,HARASSMENT,HIGH,RESOLVED,EMAIL,2026-07-21 18:42:34
COMPLAINT0000423,ACC0005304,BRW0004090,2026-06-28 00:36:13,DISPUTE,HIGH,CLOSED,FIELD,2026-07-13 00:36:13
COMPLAINT0000424,ACC0003692,BRW0003681,2026-03-19 23:30:38,DND,CRITICAL,RESOLVED,SMS,2026-03-25 23:30:38
COMPLAINT0000425,ACC0004196,BRW0007662,2026-04-30 23:58:25,PRIVACY,LOW,CLOSED,SMS,2026-05-06 23:58:25
COMPLAINT0000426,ACC0019813,BRW0010449,2026-07-13 01:58:12,HARASSMENT,HIGH,OPEN,WHATSAPP,2026-08-01 01:58:12
COMPLAINT0000427,ACC0018431,BRW0001670,2026-07-24 13:22:55,DND,MEDIUM,INVESTIGATING,SMS,2026-07-25 13:22:55
COMPLAINT0000428,ACC0019870,BRW0000928,2026-06-25 22:08:16,HARASSMENT,MEDIUM,OPEN,FIELD,2026-07-06 22:08:16
COMPLAINT0000429,ACC0027902,BRW0009979,2026-02-13 18:21:26,DND,MEDIUM,OPEN,FIELD,2026-02-15 18:21:26
COMPLAINT0000430,ACC0027112,BRW0003952,2026-01-26 07:48:02,HARASSMENT,HIGH,RESOLVED,SMS,2026-02-08 07:48:02
COMPLAINT0000431,ACC0012715,BRW0011014,2026-01-25 19:25:39,PRIVACY,HIGH,INVESTIGATING,SMS,2026-01-29 19:25:39
COMPLAINT0000432,ACC0006636,BRW0009284,2026-03-26 10:10:32,PRIVACY,CRITICAL,INVESTIGATING,WHATSAPP,2026-03-31 10:10:32
COMPLAINT0000433,ACC0015099,BRW0004792,2026-02-19 15:28:59,WRONG_CONTACT,CRITICAL,RESOLVED,EMAIL,2026-03-08 15:28:59
COMPLAINT0000434,ACC0020027,BRW0001508,2026-04-18 19:11:50,WRONG_CONTACT,LOW,RESOLVED,FIELD,2026-05-07 19:11:50
COMPLAINT0000435,ACC0012724,BRW0006587,2026-02-14 12:35:53,WRONG_CONTACT,MEDIUM,CLOSED,EMAIL,2026-03-05 12:35:53
COMPLAINT0000436,ACC0021706,BRW0005393,2026-06-17 09:34:03,WRONG_CONTACT,CRITICAL,OPEN,WHATSAPP,2026-07-05 09:34:03
COMPLAINT0000437,ACC0024154,BRW0006383,2026-04-19 22:05:57,DISPUTE,HIGH,OPEN,EMAIL,2026-04-22 22:05:57
COMPLAINT0000438,ACC0018766,BRW0008186,2026-03-25 13:25:05,WRONG_CONTACT,HIGH,RESOLVED,FIELD,2026-04-09 13:25:05
COMPLAINT0000439,ACC0025674,BRW0000028,2026-05-27 14:44:54,PAYMENT,HIGH,RESOLVED,EMAIL,2026-06-08 14:44:54
COMPLAINT0000440,ACC0026776,BRW0008061,2026-08-05 15:43:32,WRONG_CONTACT,HIGH,CLOSED,CALL,2026-08-07 15:43:32
COMPLAINT0000441,ACC0006243,BRW0005960,2026-01-07 09:36:59,AGENT_BEHAVIOUR,HIGH,CLOSED,CALL,2026-01-18 09:36:59
COMPLAINT0000442,ACC0020657,BRW0007133,2026-08-07 01:01:23,PRIVACY,CRITICAL,INVESTIGATING,EMAIL,2026-08-09 01:01:23
COMPLAINT0000443,ACC0008124,BRW0009815,2026-04-12 20:39:35,PRIVACY,LOW,INVESTIGATING,EMAIL,2026-04-24 20:39:35
COMPLAINT0000444,ACC0006835,BRW0000811,2026-01-15 23:43:16,AGENT_BEHAVIOUR,HIGH,RESOLVED,SMS,2026-01-17 23:43:16
COMPLAINT0000445,ACC0021883,BRW0003972,2026-07-15 22:16:28,DND,LOW,INVESTIGATING,FIELD,2026-07-18 22:16:28
COMPLAINT0000446,ACC0003984,BRW0004285,2026-04-15 14:52:54,DISPUTE,MEDIUM,CLOSED,FIELD,2026-04-22 14:52:54
COMPLAINT0000447,ACC0012158,BRW0006552,2026-06-22 19:54:43,DND,MEDIUM,INVESTIGATING,SMS,2026-07-11 19:54:43
COMPLAINT0000448,ACC0005127,BRW0010277,2026-01-24 12:58:31,WRONG_CONTACT,MEDIUM,INVESTIGATING,EMAIL,2026-01-31 12:58:31
COMPLAINT0000449,ACC0015879,BRW0008633,2026-07-06 16:16:11,HARASSMENT,MEDIUM,RESOLVED,EMAIL,2026-07-24 16:16:11
COMPLAINT0000450,ACC0008411,BRW0009565,2026-06-29 21:51:44,DISPUTE,CRITICAL,CLOSED,CALL,2026-07-04 21:51:44
COMPLAINT0000451,ACC0008688,BRW0006851,2026-01-19 20:11:04,HARASSMENT,MEDIUM,INVESTIGATING,WHATSAPP,2026-02-07 20:11:04
COMPLAINT0000452,ACC0017907,BRW0011219,2026-07-19 11:21:15,AGENT_BEHAVIOUR,LOW,RESOLVED,CALL,2026-08-01 11:21:15
COMPLAINT0000453,ACC0013347,BRW0010537,2026-04-04 08:34:32,AGENT_BEHAVIOUR,CRITICAL,RESOLVED,SMS,2026-04-13 08:34:32
COMPLAINT0000454,ACC0009814,BRW0001670,2026-08-05 06:14:53,PAYMENT,HIGH,OPEN,WHATSAPP,2026-08-06 06:14:53
COMPLAINT0000455,ACC0011063,BRW0010381,2026-05-17 23:12:06,WRONG_CONTACT,CRITICAL,CLOSED,EMAIL,2026-05-26 23:12:06
COMPLAINT0000456,ACC0028660,BRW0001467,2026-02-01 01:14:36,DISPUTE,MEDIUM,RESOLVED,SMS,2026-02-12 01:14:36
COMPLAINT0000457,ACC0002117,BRW0003203,2026-02-07 22:26:41,PRIVACY,CRITICAL,RESOLVED,FIELD,2026-02-25 22:26:41
COMPLAINT0000458,ACC0021108,BRW0000393,2026-06-29 21:15:07,DND,MEDIUM,OPEN,CALL,2026-07-05 21:15:07
COMPLAINT0000459,ACC0011865,BRW0005454,2026-05-23 14:05:47,PRIVACY,LOW,CLOSED,FIELD,2026-06-10 14:05:47
COMPLAINT0000460,ACC0004519,BRW0001092,2026-06-01 09:28:22,DISPUTE,MEDIUM,OPEN,EMAIL,2026-06-17 09:28:22
COMPLAINT0000461,ACC0000780,BRW0011604,2026-06-02 23:17:27,AGENT_BEHAVIOUR,LOW,INVESTIGATING,FIELD,2026-06-19 23:17:27
COMPLAINT0000462,ACC0023735,BRW0009422,2026-07-15 20:01:54,DISPUTE,HIGH,INVESTIGATING,FIELD,2026-07-16 20:01:54
COMPLAINT0000463,ACC0011668,BRW0008607,2026-02-02 21:50:28,DISPUTE,MEDIUM,OPEN,FIELD,2026-02-11 21:50:28
COMPLAINT0000464,ACC0017885,BRW0000716,2026-05-29 23:53:06,DISPUTE,HIGH,RESOLVED,WHATSAPP,2026-06-02 23:53:06
COMPLAINT0000465,ACC0023312,BRW0009817,2026-04-13 12:52:44,DISPUTE,LOW,INVESTIGATING,SMS,2026-04-15 12:52:44
COMPLAINT0000466,ACC0002801,BRW0010900,2026-05-18 15:30:36,AGENT_BEHAVIOUR,CRITICAL,CLOSED,WHATSAPP,2026-05-27 15:30:36
COMPLAINT0000467,ACC0027109,BRW0008307,2026-02-14 14:41:04,DND,CRITICAL,CLOSED,SMS,2026-03-03 14:41:04
COMPLAINT0000468,ACC0014821,BRW0004056,2026-08-02 06:08:35,PAYMENT,MEDIUM,INVESTIGATING,SMS,2026-08-06 06:08:35
COMPLAINT0000469,ACC0015717,BRW0011107,2026-03-15 10:30:40,PRIVACY,CRITICAL,CLOSED,WHATSAPP,2026-03-29 10:30:40
COMPLAINT0000470,ACC0001221,BRW0006932,2026-06-14 16:37:42,AGENT_BEHAVIOUR,MEDIUM,INVESTIGATING,WHATSAPP,2026-06-17 16:37:42
COMPLAINT0000471,ACC0013458,BRW0009262,2026-02-17 12:29:23,WRONG_CONTACT,LOW,CLOSED,FIELD,2026-03-04 12:29:23
COMPLAINT0000472,ACC0013125,BRW0008260,2026-07-28 00:02:19,DND,LOW,INVESTIGATING,CALL,2026-08-13 00:02:19
COMPLAINT0000473,ACC0017712,BRW0009200,2026-01-24 01:27:38,HARASSMENT,CRITICAL,INVESTIGATING,EMAIL,2026-02-07 01:27:38
COMPLAINT0000474,ACC0029607,BRW0002298,2026-05-09 22:31:18,PAYMENT,MEDIUM,CLOSED,EMAIL,2026-05-12 22:31:18
COMPLAINT0000475,ACC0006964,BRW0000613,2026-05-31 19:14:46,PRIVACY,CRITICAL,CLOSED,EMAIL,2026-06-11 19:14:46
COMPLAINT0000476,ACC0011955,BRW0009858,2026-03-20 02:51:30,DND,LOW,CLOSED,EMAIL,2026-04-05 02:51:30
COMPLAINT0000477,ACC0027487,BRW0003151,2026-03-21 08:20:48,PAYMENT,LOW,RESOLVED,EMAIL,2026-04-06 08:20:48
COMPLAINT0000478,ACC0002665,BRW0008882,2026-06-12 20:28:31,PRIVACY,CRITICAL,OPEN,CALL,2026-06-18 20:28:31
COMPLAINT0000479,ACC0021897,BRW0011518,2026-04-04 20:35:44,DND,LOW,INVESTIGATING,CALL,2026-04-14 20:35:44
COMPLAINT0000480,ACC0008615,BRW0007831,2026-07-25 03:47:40,HARASSMENT,LOW,CLOSED,SMS,2026-07-28 03:47:40
COMPLAINT0000481,ACC0016762,BRW0001485,2026-06-07 23:29:46,PRIVACY,HIGH,OPEN,FIELD,2026-06-13 23:29:46
COMPLAINT0000482,ACC0023567,BRW0000770,2026-05-06 06:39:13,DND,HIGH,OPEN,CALL,2026-05-11 06:39:13
COMPLAINT0000483,ACC0012308,BRW0006401,2026-03-03 13:00:40,HARASSMENT,MEDIUM,CLOSED,EMAIL,2026-03-11 13:00:40
COMPLAINT0000484,ACC0029718,BRW0006722,2026-07-27 16:29:19,PAYMENT,CRITICAL,INVESTIGATING,EMAIL,2026-08-14 16:29:19
COMPLAINT0000485,ACC0002705,BRW0005613,2026-01-23 12:59:31,AGENT_BEHAVIOUR,MEDIUM,OPEN,SMS,2026-02-04 12:59:31
COMPLAINT0000486,ACC0020393,BRW0000731,2026-05-05 09:25:25,PAYMENT,HIGH,INVESTIGATING,CALL,2026-05-10 09:25:25
COMPLAINT0000487,ACC0019646,BRW0008403,2026-06-10 23:21:04,DISPUTE,CRITICAL,INVESTIGATING,SMS,2026-06-19 23:21:04
COMPLAINT0000488,ACC0012985,BRW0000921,2026-07-17 02:28:30,WRONG_CONTACT,LOW,RESOLVED,WHATSAPP,2026-07-26 02:28:30
COMPLAINT0000489,ACC0009716,BRW0003129,2026-06-11 21:16:37,WRONG_CONTACT,MEDIUM,CLOSED,SMS,2026-06-15 21:16:37
COMPLAINT0000490,ACC0024441,BRW0006203,2026-03-08 20:31:54,WRONG_CONTACT,LOW,INVESTIGATING,EMAIL,2026-03-18 20:31:54
COMPLAINT0000491,ACC0025967,BRW0007262,2026-03-27 13:58:15,WRONG_CONTACT,HIGH,RESOLVED,WHATSAPP,2026-04-05 13:58:15
COMPLAINT0000492,ACC0025582,BRW0010242,2026-05-29 11:09:58,DND,MEDIUM,CLOSED,WHATSAPP,2026-06-17 11:09:58
COMPLAINT0000493,ACC0007880,BRW0007088,2026-03-08 15:11:17,WRONG_CONTACT,LOW,OPEN,FIELD,2026-03-13 15:11:17
COMPLAINT0000494,ACC0014952,BRW0005596,2026-03-03 04:27:15,AGENT_BEHAVIOUR,MEDIUM,RESOLVED,CALL,2026-03-21 04:27:15
COMPLAINT0000495,ACC0010869,BRW0004118,2026-05-28 18:33:33,DND,CRITICAL,RESOLVED,SMS,2026-06-13 18:33:33
COMPLAINT0000496,ACC0022220,BRW0004454,2026-02-03 13:04:45,PRIVACY,HIGH,OPEN,EMAIL,2026-02-07 13:04:45
COMPLAINT0000497,ACC0013794,BRW0003627,2026-01-16 19:34:34,AGENT_BEHAVIOUR,MEDIUM,OPEN,SMS,2026-02-04 19:34:34
COMPLAINT0000498,ACC0012545,BRW0004236,2026-03-07 20:43:53,AGENT_BEHAVIOUR,LOW,CLOSED,CALL,2026-03-11 20:43:53
COMPLAINT0000499,ACC0029665,BRW0007403,2026-05-01 15:55:40,AGENT_BEHAVIOUR,CRITICAL,CLOSED,SMS,2026-05-08 15:55:40
COMPLAINT0000500,ACC0005223,BRW0007465,2026-01-16 08:18:28,PAYMENT,HIGH,INVESTIGATING,SMS,2026-01-26 08:18:28
COMPLAINT0000501,ACC0027694,BRW0002206,2026-03-01 11:50:36,AGENT_BEHAVIOUR,MEDIUM,CLOSED,WHATSAPP,2026-03-07 11:50:36
COMPLAINT0000502,ACC0013215,BRW0004983,2026-01-22 03:15:47,PRIVACY,HIGH,RESOLVED,WHATSAPP,2026-01-30 03:15:47
COMPLAINT0000503,ACC0025643,BRW0002598,2026-01-25 16:53:39,DND,HIGH,OPEN,SMS,2026-02-07 16:53:39
COMPLAINT0000504,ACC0009704,BRW0010467,2026-04-04 23:48:11,PRIVACY,HIGH,RESOLVED,SMS,2026-04-21 23:48:11
COMPLAINT0000505,ACC0003295,BRW0004137,2026-03-30 11:19:54,PAYMENT,CRITICAL,RESOLVED,WHATSAPP,2026-04-15 11:19:54
COMPLAINT0000506,ACC0003536,BRW0010093,2026-03-09 20:16:41,DISPUTE,MEDIUM,INVESTIGATING,FIELD,2026-03-17 20:16:41
COMPLAINT0000507,ACC0018781,BRW0010166,2026-05-08 11:53:26,PRIVACY,CRITICAL,OPEN,WHATSAPP,2026-05-11 11:53:26
COMPLAINT0000508,ACC0014504,BRW0007565,2026-04-13 13:14:34,DND,CRITICAL,INVESTIGATING,FIELD,2026-04-26 13:14:34
COMPLAINT0000509,ACC0005600,BRW0011795,2026-06-28 17:40:18,HARASSMENT,LOW,RESOLVED,SMS,2026-07-17 17:40:18
COMPLAINT0000510,ACC0015119,BRW0011017,2026-06-04 14:35:24,WRONG_CONTACT,CRITICAL,CLOSED,CALL,2026-06-17 14:35:24
COMPLAINT0000511,ACC0014005,BRW0002857,2026-06-07 21:29:23,DISPUTE,LOW,CLOSED,SMS,2026-06-26 21:29:23
COMPLAINT0000512,ACC0024119,BRW0008799,2026-02-24 20:14:48,WRONG_CONTACT,LOW,INVESTIGATING,SMS,2026-03-05 20:14:48
COMPLAINT0000513,ACC0024200,BRW0008102,2026-05-10 08:20:06,AGENT_BEHAVIOUR,LOW,INVESTIGATING,FIELD,2026-05-18 08:20:06
COMPLAINT0000514,ACC0003209,BRW0009738,2026-02-08 18:52:12,PAYMENT,HIGH,OPEN,SMS,2026-02-11 18:52:12
COMPLAINT0000515,ACC0007053,BRW0005685,2026-01-13 17:13:50,DISPUTE,HIGH,RESOLVED,CALL,2026-01-14 17:13:50
COMPLAINT0000516,ACC0005022,BRW0003407,2026-01-24 07:30:58,HARASSMENT,LOW,RESOLVED,FIELD,2026-01-29 07:30:58
COMPLAINT0000517,ACC0018965,BRW0000156,2026-06-22 05:22:11,WRONG_CONTACT,MEDIUM,INVESTIGATING,CALL,2026-06-26 05:22:11
COMPLAINT0000518,ACC0018763,BRW0000106,2026-04-07 14:54:17,WRONG_CONTACT,CRITICAL,RESOLVED,WHATSAPP,2026-04-24 14:54:17
COMPLAINT0000519,ACC0011898,BRW0008178,2026-06-20 07:46:06,HARASSMENT,HIGH,INVESTIGATING,WHATSAPP,2026-06-21 07:46:06
COMPLAINT0000520,ACC0025342,BRW0006985,2026-04-11 20:20:02,PRIVACY,MEDIUM,INVESTIGATING,SMS,2026-04-20 20:20:02
COMPLAINT0000521,ACC0011252,BRW0001004,2026-05-25 03:27:57,DND,MEDIUM,RESOLVED,FIELD,2026-05-26 03:27:57
COMPLAINT0000522,ACC0015180,BRW0007817,2026-07-30 21:32:41,DND,CRITICAL,RESOLVED,FIELD,2026-08-03 21:32:41
COMPLAINT0000523,ACC0026003,BRW0009663,2026-04-12 23:47:49,PRIVACY,HIGH,INVESTIGATING,EMAIL,2026-04-20 23:47:49
COMPLAINT0000524,ACC0007281,BRW0004312,2026-01-25 09:08:59,PAYMENT,LOW,INVESTIGATING,SMS,2026-01-26 09:08:59
COMPLAINT0000525,ACC0002996,BRW0006193,2026-07-26 13:48:33,PRIVACY,LOW,OPEN,EMAIL,2026-08-09 13:48:33
COMPLAINT0000526,ACC0008690,BRW0009074,2026-02-15 07:49:57,DND,CRITICAL,INVESTIGATING,FIELD,2026-02-24 07:49:57
COMPLAINT0000527,ACC0017334,BRW0008919,2026-05-29 03:48:58,DND,MEDIUM,INVESTIGATING,FIELD,2026-06-06 03:48:58
COMPLAINT0000528,ACC0017092,BRW0008710,2026-02-13 14:59:30,PAYMENT,MEDIUM,INVESTIGATING,WHATSAPP,2026-02-26 14:59:30
COMPLAINT0000529,ACC0019655,BRW0010528,2026-03-19 23:20:17,WRONG_CONTACT,CRITICAL,INVESTIGATING,WHATSAPP,2026-03-27 23:20:17
COMPLAINT0000530,ACC0009028,BRW0001827,2026-05-26 23:13:35,AGENT_BEHAVIOUR,LOW,CLOSED,EMAIL,2026-06-02 23:13:35
COMPLAINT0000531,ACC0021126,BRW0007034,2026-03-08 07:02:40,PAYMENT,CRITICAL,RESOLVED,EMAIL,2026-03-27 07:02:40
COMPLAINT0000532,ACC0011017,BRW0006602,2026-06-11 08:05:25,AGENT_BEHAVIOUR,CRITICAL,RESOLVED,CALL,2026-06-23 08:05:25
COMPLAINT0000533,ACC0009040,BRW0011153,2026-05-29 00:21:32,DISPUTE,CRITICAL,OPEN,EMAIL,2026-05-30 00:21:32
COMPLAINT0000534,ACC0012721,BRW0001717,2026-06-20 10:06:46,HARASSMENT,MEDIUM,CLOSED,CALL,2026-06-27 10:06:46
COMPLAINT0000535,ACC0005925,BRW0003819,2026-07-06 19:01:45,DND,HIGH,RESOLVED,CALL,2026-07-22 19:01:45
COMPLAINT0000536,ACC0024867,BRW0008175,2026-06-08 10:15:22,DISPUTE,MEDIUM,CLOSED,FIELD,2026-06-21 10:15:22
COMPLAINT0000537,ACC0013781,BRW0004228,2026-07-28 12:00:10,WRONG_CONTACT,MEDIUM,CLOSED,CALL,2026-08-15 12:00:10
COMPLAINT0000538,ACC0018842,BRW0000874,2026-02-19 02:14:18,PRIVACY,MEDIUM,OPEN,FIELD,2026-02-26 02:14:18
COMPLAINT0000539,ACC0003600,BRW0010861,2026-07-14 20:54:13,AGENT_BEHAVIOUR,CRITICAL,OPEN,EMAIL,2026-07-25 20:54:13
COMPLAINT0000540,ACC0000667,BRW0007359,2026-05-24 17:16:45,PRIVACY,LOW,OPEN,WHATSAPP,2026-06-09 17:16:45
COMPLAINT0000541,ACC0029487,BRW0004954,2026-02-23 04:03:07,AGENT_BEHAVIOUR,CRITICAL,RESOLVED,WHATSAPP,2026-03-04 04:03:07
COMPLAINT0000542,ACC0015749,BRW0006789,2026-03-31 02:14:13,PAYMENT,LOW,RESOLVED,EMAIL,2026-04-06 02:14:13
COMPLAINT0000543,ACC0024150,BRW0003215,2026-05-03 22:36:27,WRONG_CONTACT,CRITICAL,OPEN,WHATSAPP,2026-05-04 22:36:27
COMPLAINT0000544,ACC0001355,BRW0007090,2026-03-11 18:22:13,PAYMENT,MEDIUM,RESOLVED,EMAIL,2026-03-23 18:22:13
COMPLAINT0000545,ACC0023458,BRW0008323,2026-01-08 07:21:52,AGENT_BEHAVIOUR,LOW,CLOSED,EMAIL,2026-01-20 07:21:52
COMPLAINT0000546,ACC0022630,BRW0005785,2026-03-09 12:41:06,DND,LOW,INVESTIGATING,WHATSAPP,2026-03-13 12:41:06
COMPLAINT0000547,ACC0027830,BRW0005199,2026-05-03 03:18:37,DND,MEDIUM,OPEN,WHATSAPP,2026-05-14 03:18:37
COMPLAINT0000548,ACC0019029,BRW0003265,2026-03-24 10:48:15,HARASSMENT,LOW,RESOLVED,SMS,2026-04-02 10:48:15
COMPLAINT0000549,ACC0011180,BRW0008213,2026-07-20 22:42:41,PRIVACY,LOW,INVESTIGATING,WHATSAPP,2026-08-04 22:42:41
COMPLAINT0000550,ACC0013043,BRW0004436,2026-05-28 16:55:13,PAYMENT,MEDIUM,CLOSED,WHATSAPP,2026-06-10 16:55:13
COMPLAINT0000551,ACC0020698,BRW0005749,2026-01-27 15:09:01,HARASSMENT,HIGH,INVESTIGATING,FIELD,2026-02-05 15:09:01
COMPLAINT0000552,ACC0007918,BRW0011561,2026-02-11 20:34:03,AGENT_BEHAVIOUR,MEDIUM,CLOSED,CALL,2026-02-12 20:34:03
COMPLAINT0000553,ACC0005677,BRW0009144,2026-05-07 23:39:08,AGENT_BEHAVIOUR,MEDIUM,RESOLVED,WHATSAPP,2026-05-14 23:39:08
COMPLAINT0000554,ACC0014537,BRW0004806,2026-04-02 00:03:00,HARASSMENT,MEDIUM,RESOLVED,SMS,2026-04-06 00:03:00
COMPLAINT0000555,ACC0016183,BRW0000487,2026-05-16 01:54:21,PRIVACY,MEDIUM,RESOLVED,CALL,2026-06-01 01:54:21
COMPLAINT0000556,ACC0012944,BRW0003933,2026-05-16 06:52:20,PRIVACY,HIGH,OPEN,WHATSAPP,2026-05-29 06:52:20
COMPLAINT0000557,ACC0010865,BRW0000458,2026-03-25 07:20:55,PAYMENT,LOW,RESOLVED,CALL,2026-04-03 07:20:55
COMPLAINT0000558,ACC0005638,BRW0002540,2026-01-07 11:06:46,PRIVACY,CRITICAL,INVESTIGATING,CALL,2026-01-08 11:06:46
COMPLAINT0000559,ACC0024087,BRW0001295,2026-04-22 21:23:55,PAYMENT,LOW,INVESTIGATING,SMS,2026-05-02 21:23:55
COMPLAINT0000560,ACC0018543,BRW0002791,2026-03-09 12:24:44,DND,HIGH,OPEN,WHATSAPP,2026-03-22 12:24:44
COMPLAINT0000561,ACC0010642,BRW0007096,2026-07-23 02:16:42,AGENT_BEHAVIOUR,MEDIUM,OPEN,WHATSAPP,2026-08-08 02:16:42
COMPLAINT0000562,ACC0020000,BRW0011827,2026-03-26 06:05:15,WRONG_CONTACT,CRITICAL,CLOSED,WHATSAPP,2026-04-05 06:05:15
COMPLAINT0000563,ACC0014090,BRW0010139,2026-02-03 07:36:12,DND,CRITICAL,INVESTIGATING,EMAIL,2026-02-17 07:36:12
COMPLAINT0000564,ACC0025970,BRW0001782,2026-06-05 16:11:48,WRONG_CONTACT,MEDIUM,CLOSED,FIELD,2026-06-24 16:11:48
COMPLAINT0000565,ACC0001291,BRW0000054,2026-02-05 23:13:15,PAYMENT,LOW,CLOSED,CALL,2026-02-06 23:13:15
COMPLAINT0000566,ACC0017896,BRW0002010,2026-06-29 00:56:10,HARASSMENT,LOW,RESOLVED,SMS,2026-07-17 00:56:10
COMPLAINT0000567,ACC0025229,BRW0005398,2026-04-01 07:56:09,DISPUTE,CRITICAL,OPEN,CALL,2026-04-10 07:56:09
COMPLAINT0000568,ACC0008798,BRW0005307,2026-01-05 00:52:37,DISPUTE,LOW,CLOSED,WHATSAPP,2026-01-06 00:52:37
COMPLAINT0000569,ACC0018736,BRW0010617,2026-04-12 13:21:29,AGENT_BEHAVIOUR,MEDIUM,RESOLVED,CALL,2026-04-23 13:21:29
COMPLAINT0000570,ACC0018428,BRW0007648,2026-03-17 09:59:36,PRIVACY,HIGH,RESOLVED,CALL,2026-03-26 09:59:36
COMPLAINT0000571,ACC0020774,BRW0010532,2026-05-21 11:41:08,AGENT_BEHAVIOUR,HIGH,INVESTIGATING,EMAIL,2026-06-05 11:41:08
COMPLAINT0000572,ACC0006458,BRW0000270,2026-01-19 12:05:21,HARASSMENT,HIGH,RESOLVED,EMAIL,2026-01-30 12:05:21
COMPLAINT0000573,ACC0028556,BRW0002085,2026-05-08 17:25:03,DISPUTE,HIGH,OPEN,WHATSAPP,2026-05-14 17:25:03
COMPLAINT0000574,ACC0008636,BRW0005672,2026-04-29 18:51:27,WRONG_CONTACT,MEDIUM,RESOLVED,CALL,2026-05-16 18:51:27
COMPLAINT0000575,ACC0000324,BRW0004308,2026-07-20 06:39:32,DISPUTE,HIGH,OPEN,FIELD,2026-07-31 06:39:32
COMPLAINT0000576,ACC0008257,BRW0001752,2026-03-21 16:37:08,PRIVACY,CRITICAL,CLOSED,WHATSAPP,2026-04-08 16:37:08
COMPLAINT0000577,ACC0011883,BRW0010372,2026-07-07 19:22:56,PRIVACY,CRITICAL,RESOLVED,SMS,2026-07-14 19:22:56
COMPLAINT0000578,ACC0015727,BRW0003352,2026-05-31 23:31:26,PRIVACY,HIGH,CLOSED,CALL,2026-06-01 23:31:26
COMPLAINT0000579,ACC0026608,BRW0002834,2026-03-04 20:37:51,DISPUTE,MEDIUM,INVESTIGATING,FIELD,2026-03-15 20:37:51
COMPLAINT0000580,ACC0022804,BRW0009881,2026-05-27 04:38:29,PAYMENT,CRITICAL,OPEN,CALL,2026-06-01 04:38:29
COMPLAINT0000581,ACC0004154,BRW0008531,2026-06-03 10:37:50,PRIVACY,MEDIUM,RESOLVED,CALL,2026-06-08 10:37:50
COMPLAINT0000582,ACC0002400,BRW0007230,2026-02-21 18:32:30,PAYMENT,LOW,RESOLVED,FIELD,2026-03-04 18:32:30
COMPLAINT0000583,ACC0000583,BRW0001908,2026-04-29 00:53:58,PRIVACY,MEDIUM,OPEN,CALL,2026-05-16 00:53:58
COMPLAINT0000584,ACC0028486,BRW0004522,2026-02-02 06:22:56,PRIVACY,LOW,OPEN,FIELD,2026-02-20 06:22:56
COMPLAINT0000585,ACC0002922,BRW0004925,2026-06-06 05:06:07,PRIVACY,HIGH,CLOSED,EMAIL,2026-06-23 05:06:07
COMPLAINT0000586,ACC0021041,BRW0002384,2026-08-05 22:47:49,AGENT_BEHAVIOUR,CRITICAL,RESOLVED,EMAIL,2026-08-11 22:47:49
COMPLAINT0000587,ACC0029548,BRW0011765,2026-04-04 14:02:31,HARASSMENT,CRITICAL,OPEN,CALL,2026-04-22 14:02:31
COMPLAINT0000588,ACC0024071,BRW0010666,2026-01-14 19:28:58,DISPUTE,MEDIUM,OPEN,CALL,2026-01-15 19:28:58
COMPLAINT0000589,ACC0004265,BRW0006418,2026-04-13 09:17:42,AGENT_BEHAVIOUR,LOW,CLOSED,EMAIL,2026-04-25 09:17:42
COMPLAINT0000590,ACC0003796,BRW0005422,2026-06-01 05:45:54,WRONG_CONTACT,MEDIUM,RESOLVED,CALL,2026-06-20 05:45:54
COMPLAINT0000591,ACC0001910,BRW0002557,2026-04-09 00:24:38,AGENT_BEHAVIOUR,LOW,CLOSED,FIELD,2026-04-25 00:24:38
COMPLAINT0000592,ACC0014373,BRW0010616,2026-06-09 18:15:07,PAYMENT,LOW,OPEN,EMAIL,2026-06-25 18:15:07
COMPLAINT0000593,ACC0011243,BRW0000448,2026-02-02 19:21:16,WRONG_CONTACT,MEDIUM,INVESTIGATING,CALL,2026-02-21 19:21:16
COMPLAINT0000594,ACC0010122,BRW0004827,2026-06-06 22:54:32,WRONG_CONTACT,HIGH,RESOLVED,CALL,2026-06-16 22:54:32
COMPLAINT0000595,ACC0007292,BRW0008262,2026-05-26 05:56:04,DISPUTE,HIGH,RESOLVED,CALL,2026-06-08 05:56:04
COMPLAINT0000596,ACC0014971,BRW0006881,2026-01-08 07:21:34,PRIVACY,LOW,RESOLVED,FIELD,2026-01-17 07:21:34
COMPLAINT0000597,ACC0014710,BRW0004880,2026-01-20 08:47:05,WRONG_CONTACT,MEDIUM,RESOLVED,FIELD,2026-01-24 08:47:05
COMPLAINT0000598,ACC0005423,BRW0011127,2026-07-07 07:15:35,AGENT_BEHAVIOUR,MEDIUM,INVESTIGATING,SMS,2026-07-26 07:15:35
COMPLAINT0000599,ACC0001480,BRW0003804,2026-08-02 13:36:13,WRONG_CONTACT,LOW,CLOSED,SMS,2026-08-20 13:36:13
COMPLAINT0000600,ACC0023274,BRW0002801,2026-06-18 23:18:24,AGENT_BEHAVIOUR,HIGH,INVESTIGATING,CALL,2026-07-02 23:18:24
COMPLAINT0000601,ACC0021230,BRW0006619,2026-05-01 08:22:04,WRONG_CONTACT,HIGH,OPEN,EMAIL,2026-05-20 08:22:04
COMPLAINT0000602,ACC0016230,BRW0010336,2026-06-21 18:05:05,AGENT_BEHAVIOUR,MEDIUM,OPEN,SMS,2026-07-03 18:05:05
COMPLAINT0000603,ACC0014872,BRW0008867,2026-08-06 23:12:46,PRIVACY,LOW,OPEN,EMAIL,2026-08-16 23:12:46
COMPLAINT0000604,ACC0021365,BRW0011875,2026-04-06 12:37:41,AGENT_BEHAVIOUR,LOW,INVESTIGATING,FIELD,2026-04-08 12:37:41
COMPLAINT0000605,ACC0003914,BRW0008494,2026-07-18 22:46:08,WRONG_CONTACT,LOW,INVESTIGATING,SMS,2026-07-28 22:46:08
COMPLAINT0000606,ACC0009172,BRW0002674,2026-06-02 03:47:12,AGENT_BEHAVIOUR,MEDIUM,RESOLVED,FIELD,2026-06-21 03:47:12
COMPLAINT0000607,ACC0015427,BRW0009275,2026-05-10 15:57:14,AGENT_BEHAVIOUR,HIGH,OPEN,FIELD,2026-05-20 15:57:14
COMPLAINT0000608,ACC0005754,BRW0003524,2026-07-11 17:02:51,DND,LOW,RESOLVED,SMS,2026-07-16 17:02:51
COMPLAINT0000609,ACC0022782,BRW0002963,2026-02-02 18:22:26,WRONG_CONTACT,CRITICAL,CLOSED,EMAIL,2026-02-13 18:22:26
COMPLAINT0000610,ACC0017524,BRW0010070,2026-01-31 17:57:25,PAYMENT,HIGH,RESOLVED,FIELD,2026-02-05 17:57:25
COMPLAINT0000611,ACC0001104,BRW0010045,2026-02-11 22:24:07,PAYMENT,MEDIUM,OPEN,WHATSAPP,2026-02-17 22:24:07
COMPLAINT0000612,ACC0028126,BRW0007502,2026-04-21 09:39:27,DND,LOW,CLOSED,FIELD,2026-04-23 09:39:27
COMPLAINT0000613,ACC0005807,BRW0002669,2026-07-22 16:05:25,PAYMENT,MEDIUM,INVESTIGATING,EMAIL,2026-08-06 16:05:25
COMPLAINT0000614,ACC0010966,BRW0001164,2026-01-21 21:40:11,PRIVACY,LOW,RESOLVED,WHATSAPP,2026-01-27 21:40:11
COMPLAINT0000615,ACC0017208,BRW0007923,2026-02-28 07:47:01,DISPUTE,MEDIUM,OPEN,WHATSAPP,2026-03-17 07:47:01
COMPLAINT0000616,ACC0025966,BRW0009020,2026-07-08 12:20:01,AGENT_BEHAVIOUR,CRITICAL,RESOLVED,CALL,2026-07-13 12:20:01
COMPLAINT0000617,ACC0004570,BRW0000276,2026-04-10 09:13:32,PRIVACY,MEDIUM,RESOLVED,EMAIL,2026-04-16 09:13:32
COMPLAINT0000618,ACC0018417,BRW0006237,2026-01-08 16:24:36,HARASSMENT,HIGH,RESOLVED,WHATSAPP,2026-01-13 16:24:36
COMPLAINT0000619,ACC0025566,BRW0003853,2026-01-14 21:21:32,PAYMENT,HIGH,INVESTIGATING,SMS,2026-01-23 21:21:32
COMPLAINT0000620,ACC0002687,BRW0006181,2026-05-23 12:42:52,AGENT_BEHAVIOUR,CRITICAL,OPEN,SMS,2026-05-28 12:42:52
COMPLAINT0000621,ACC0013825,BRW0002822,2026-06-13 11:28:13,DND,HIGH,CLOSED,SMS,2026-06-25 11:28:13
COMPLAINT0000622,ACC0028350,BRW0001531,2026-06-19 03:01:35,DND,MEDIUM,OPEN,EMAIL,2026-07-01 03:01:35
COMPLAINT0000623,ACC0003002,BRW0000197,2026-04-19 17:58:11,DND,HIGH,OPEN,WHATSAPP,2026-05-01 17:58:11
COMPLAINT0000624,ACC0005528,BRW0008024,2026-03-10 03:47:06,DND,HIGH,CLOSED,CALL,2026-03-15 03:47:06
COMPLAINT0000625,ACC0017373,BRW0010361,2026-03-18 00:25:42,WRONG_CONTACT,CRITICAL,INVESTIGATING,WHATSAPP,2026-03-19 00:25:42
COMPLAINT0000626,ACC0006647,BRW0004659,2026-03-01 21:41:07,AGENT_BEHAVIOUR,CRITICAL,RESOLVED,FIELD,2026-03-11 21:41:07
COMPLAINT0000627,ACC0008898,BRW0009697,2026-04-26 19:18:28,PRIVACY,HIGH,CLOSED,WHATSAPP,2026-05-13 19:18:28
COMPLAINT0000628,ACC0024660,BRW0002822,2026-01-16 12:16:58,DISPUTE,CRITICAL,OPEN,CALL,2026-01-28 12:16:58
COMPLAINT0000629,ACC0023175,BRW0001817,2026-06-14 01:06:09,DND,LOW,OPEN,SMS,2026-06-17 01:06:09
COMPLAINT0000630,ACC0007586,BRW0003547,2026-02-05 21:08:29,DND,LOW,RESOLVED,EMAIL,2026-02-24 21:08:29
COMPLAINT0000631,ACC0025406,BRW0005216,2026-02-27 00:30:47,DISPUTE,MEDIUM,CLOSED,WHATSAPP,2026-03-10 00:30:47
COMPLAINT0000632,ACC0015197,BRW0005322,2026-03-10 21:16:49,AGENT_BEHAVIOUR,CRITICAL,OPEN,SMS,2026-03-13 21:16:49
COMPLAINT0000633,ACC0015900,BRW0003009,2026-02-23 01:43:14,PAYMENT,HIGH,RESOLVED,CALL,2026-02-27 01:43:14
COMPLAINT0000634,ACC0005696,BRW0005328,2026-01-22 15:07:49,WRONG_CONTACT,HIGH,INVESTIGATING,CALL,2026-02-08 15:07:49
COMPLAINT0000635,ACC0021264,BRW0005842,2026-04-08 00:17:45,HARASSMENT,CRITICAL,CLOSED,EMAIL,2026-04-19 00:17:45
COMPLAINT0000636,ACC0020521,BRW0001189,2026-07-17 11:02:41,HARASSMENT,HIGH,RESOLVED,WHATSAPP,2026-08-03 11:02:41
COMPLAINT0000637,ACC0003095,BRW0006689,2026-06-18 10:52:35,DISPUTE,LOW,OPEN,CALL,2026-07-03 10:52:35
COMPLAINT0000638,ACC0001581,BRW0005660,2026-03-10 22:52:49,PAYMENT,LOW,CLOSED,EMAIL,2026-03-29 22:52:49
COMPLAINT0000639,ACC0012892,BRW0002909,2026-03-04 14:38:59,PAYMENT,MEDIUM,OPEN,EMAIL,2026-03-08 14:38:59
COMPLAINT0000640,ACC0017380,BRW0003341,2026-01-27 19:44:07,WRONG_CONTACT,HIGH,CLOSED,CALL,2026-01-28 19:44:07
COMPLAINT0000641,ACC0013786,BRW0011054,2026-08-07 09:43:33,AGENT_BEHAVIOUR,HIGH,OPEN,FIELD,2026-08-15 09:43:33
COMPLAINT0000642,ACC0028080,BRW0004658,2026-08-05 06:17:57,HARASSMENT,HIGH,RESOLVED,SMS,2026-08-17 06:17:57
COMPLAINT0000643,ACC0023434,BRW0010515,2026-06-30 10:04:20,HARASSMENT,HIGH,OPEN,CALL,2026-07-13 10:04:20
COMPLAINT0000644,ACC0004057,BRW0007308,2026-03-13 09:38:05,PRIVACY,LOW,CLOSED,CALL,2026-04-01 09:38:05
COMPLAINT0000645,ACC0025250,BRW0003740,2026-05-03 23:49:58,PAYMENT,CRITICAL,RESOLVED,CALL,2026-05-06 23:49:58
COMPLAINT0000646,ACC0001833,BRW0008343,2026-03-16 06:40:57,HARASSMENT,LOW,RESOLVED,FIELD,2026-03-24 06:40:57
COMPLAINT0000647,ACC0002368,BRW0003993,2026-02-18 15:18:58,WRONG_CONTACT,HIGH,INVESTIGATING,SMS,2026-03-05 15:18:58
COMPLAINT0000648,ACC0006420,BRW0006924,2026-03-22 08:36:47,PRIVACY,CRITICAL,RESOLVED,SMS,2026-04-03 08:36:47
COMPLAINT0000649,ACC0025900,BRW0004845,2026-05-08 23:15:37,PRIVACY,LOW,CLOSED,FIELD,2026-05-26 23:15:37
COMPLAINT0000650,ACC0023994,BRW0008029,2026-03-25 00:10:11,DND,HIGH,INVESTIGATING,WHATSAPP,2026-03-29 00:10:11
COMPLAINT0000651,ACC0012282,BRW0003235,2026-06-13 23:37:33,PRIVACY,LOW,CLOSED,SMS,2026-06-29 23:37:33
COMPLAINT0000652,ACC0009310,BRW0003768,2026-05-04 11:07:02,DISPUTE,LOW,OPEN,SMS,2026-05-19 11:07:02
COMPLAINT0000653,ACC0007498,BRW0006182,2026-04-26 23:22:38,DISPUTE,CRITICAL,INVESTIGATING,CALL,2026-05-06 23:22:38
COMPLAINT0000654,ACC0000102,BRW0001130,2026-05-02 15:12:20,PAYMENT,CRITICAL,RESOLVED,WHATSAPP,2026-05-07 15:12:20
COMPLAINT0000655,ACC0018141,BRW0008248,2026-01-23 00:35:17,WRONG_CONTACT,CRITICAL,INVESTIGATING,FIELD,2026-01-29 00:35:17
COMPLAINT0000656,ACC0003264,BRW0011101,2026-08-04 21:08:16,PRIVACY,HIGH,OPEN,FIELD,2026-08-21 21:08:16
COMPLAINT0000657,ACC0007077,BRW0004565,2026-01-01 01:06:45,HARASSMENT,CRITICAL,OPEN,SMS,2026-01-18 01:06:45
COMPLAINT0000658,ACC0029491,BRW0009946,2026-06-16 10:50:56,HARASSMENT,HIGH,RESOLVED,SMS,2026-06-29 10:50:56
COMPLAINT0000659,ACC0002734,BRW0006451,2026-06-01 10:19:41,WRONG_CONTACT,LOW,CLOSED,CALL,2026-06-09 10:19:41
COMPLAINT0000660,ACC0017834,BRW0003779,2026-06-13 03:49:11,AGENT_BEHAVIOUR,LOW,OPEN,CALL,2026-06-18 03:49:11
COMPLAINT0000661,ACC0012187,BRW0007072,2026-07-05 14:13:11,HARASSMENT,MEDIUM,OPEN,EMAIL,2026-07-11 14:13:11
COMPLAINT0000662,ACC0028941,BRW0001694,2026-04-22 07:58:08,DISPUTE,MEDIUM,CLOSED,CALL,2026-05-11 07:58:08
COMPLAINT0000663,ACC0024099,BRW0000784,2026-01-04 05:20:40,PAYMENT,HIGH,CLOSED,WHATSAPP,2026-01-13 05:20:40
COMPLAINT0000664,ACC0023980,BRW0001950,2026-01-18 15:27:12,DND,HIGH,CLOSED,EMAIL,2026-02-04 15:27:12
COMPLAINT0000665,ACC0014691,BRW0001211,2026-02-18 10:58:23,PAYMENT,MEDIUM,OPEN,FIELD,2026-03-07 10:58:23
COMPLAINT0000666,ACC0015194,BRW0011854,2026-08-02 09:53:27,PRIVACY,CRITICAL,OPEN,CALL,2026-08-03 09:53:27
COMPLAINT0000667,ACC0023007,BRW0006687,2026-07-23 17:42:17,DISPUTE,HIGH,CLOSED,WHATSAPP,2026-07-26 17:42:17
COMPLAINT0000668,ACC0010071,BRW0009781,2026-02-04 03:05:25,AGENT_BEHAVIOUR,HIGH,INVESTIGATING,EMAIL,2026-02-08 03:05:25
COMPLAINT0000669,ACC0006527,BRW0007642,2026-05-07 23:29:01,PRIVACY,HIGH,OPEN,WHATSAPP,2026-05-09 23:29:01
COMPLAINT0000670,ACC0020136,BRW0002616,2026-06-04 11:48:58,DISPUTE,HIGH,OPEN,WHATSAPP,2026-06-22 11:48:58
COMPLAINT0000671,ACC0024316,BRW0009108,2026-01-09 12:01:18,PAYMENT,HIGH,RESOLVED,EMAIL,2026-01-19 12:01:18
COMPLAINT0000672,ACC0008405,BRW0009834,2026-06-29 09:25:04,HARASSMENT,MEDIUM,CLOSED,EMAIL,2026-07-09 09:25:04
COMPLAINT0000673,ACC0004689,BRW0004461,2026-04-03 07:38:52,PRIVACY,CRITICAL,RESOLVED,SMS,2026-04-11 07:38:52
COMPLAINT0000674,ACC0020322,BRW0000574,2026-06-10 14:42:26,PRIVACY,HIGH,RESOLVED,SMS,2026-06-17 14:42:26
COMPLAINT0000675,ACC0020212,BRW0007142,2026-06-15 22:15:56,PAYMENT,CRITICAL,OPEN,FIELD,2026-07-01 22:15:56
COMPLAINT0000676,ACC0004934,BRW0008731,2026-05-24 23:56:24,HARASSMENT,CRITICAL,OPEN,CALL,2026-06-08 23:56:24
COMPLAINT0000677,ACC0021231,BRW0000331,2026-02-25 10:04:04,WRONG_CONTACT,CRITICAL,OPEN,SMS,2026-03-04 10:04:04
COMPLAINT0000678,ACC0001357,BRW0009354,2026-01-19 16:12:51,PRIVACY,CRITICAL,CLOSED,FIELD,2026-02-04 16:12:51
COMPLAINT0000679,ACC0000235,BRW0009699,2026-04-14 18:20:17,HARASSMENT,HIGH,OPEN,CALL,2026-04-21 18:20:17
COMPLAINT0000680,ACC0029016,BRW0010429,2026-01-11 20:26:27,DISPUTE,HIGH,CLOSED,SMS,2026-01-15 20:26:27
COMPLAINT0000681,ACC0027756,BRW0011049,2026-06-14 04:44:09,PAYMENT,HIGH,INVESTIGATING,CALL,2026-06-28 04:44:09
COMPLAINT0000682,ACC0028227,BRW0009389,2026-04-02 10:38:04,DND,HIGH,INVESTIGATING,EMAIL,2026-04-05 10:38:04
COMPLAINT0000683,ACC0013724,BRW0008311,2026-05-03 01:49:50,DISPUTE,CRITICAL,RESOLVED,FIELD,2026-05-21 01:49:50
COMPLAINT0000684,ACC0023207,BRW0007378,2026-06-28 23:41:49,DISPUTE,MEDIUM,OPEN,SMS,2026-07-06 23:41:49
COMPLAINT0000685,ACC0009301,BRW0001481,2026-08-08 04:58:22,AGENT_BEHAVIOUR,LOW,CLOSED,SMS,2026-08-19 04:58:22
COMPLAINT0000686,ACC0022877,BRW0008840,2026-03-19 11:43:42,DISPUTE,CRITICAL,OPEN,EMAIL,2026-03-31 11:43:42
COMPLAINT0000687,ACC0021508,BRW0004205,2026-04-23 14:21:21,PAYMENT,HIGH,CLOSED,CALL,2026-04-25 14:21:21
COMPLAINT0000688,ACC0024616,BRW0006546,2026-02-04 16:44:25,DISPUTE,CRITICAL,CLOSED,EMAIL,2026-02-14 16:44:25
COMPLAINT0000689,ACC0012262,BRW0004890,2026-06-09 02:01:56,WRONG_CONTACT,HIGH,CLOSED,FIELD,2026-06-26 02:01:56
COMPLAINT0000690,ACC0020820,BRW0009068,2026-01-08 14:23:37,HARASSMENT,CRITICAL,INVESTIGATING,WHATSAPP,2026-01-20 14:23:37
COMPLAINT0000691,ACC0023035,BRW0003232,2026-07-10 17:15:34,WRONG_CONTACT,HIGH,OPEN,SMS,2026-07-24 17:15:34
COMPLAINT0000692,ACC0004095,BRW0001557,2026-07-08 19:06:37,AGENT_BEHAVIOUR,CRITICAL,OPEN,EMAIL,2026-07-19 19:06:37
COMPLAINT0000693,ACC0007491,BRW0011939,2026-06-19 01:59:54,DISPUTE,MEDIUM,INVESTIGATING,FIELD,2026-06-28 01:59:54
COMPLAINT0000694,ACC0005754,BRW0011813,2026-04-28 09:45:42,HARASSMENT,HIGH,CLOSED,FIELD,2026-05-09 09:45:42
COMPLAINT0000695,ACC0019457,BRW0007636,2026-06-29 23:32:06,PAYMENT,HIGH,INVESTIGATING,CALL,2026-07-02 23:32:06
COMPLAINT0000696,ACC0019711,BRW0011761,2026-04-21 23:39:05,WRONG_CONTACT,HIGH,CLOSED,FIELD,2026-04-24 23:39:05
COMPLAINT0000697,ACC0025455,BRW0002203,2026-06-30 03:35:55,HARASSMENT,HIGH,RESOLVED,SMS,2026-07-14 03:35:55
COMPLAINT0000698,ACC0010117,BRW0002477,2026-04-05 15:17:27,DND,HIGH,OPEN,EMAIL,2026-04-14 15:17:27
COMPLAINT0000699,ACC0014858,BRW0004948,2026-02-06 05:37:46,DND,MEDIUM,RESOLVED,EMAIL,2026-02-15 05:37:46
COMPLAINT0000700,ACC0026570,BRW0003650,2026-03-09 02:42:44,DND,CRITICAL,INVESTIGATING,SMS,2026-03-11 02:42:44
COMPLAINT0000701,ACC0011299,BRW0000011,2026-07-07 14:29:01,PRIVACY,LOW,OPEN,EMAIL,2026-07-25 14:29:01
COMPLAINT0000702,ACC0028164,BRW0007974,2026-03-07 17:52:00,DISPUTE,MEDIUM,OPEN,CALL,2026-03-11 17:52:00
COMPLAINT0000703,ACC0025397,BRW0010322,2026-03-21 01:00:17,PRIVACY,CRITICAL,OPEN,WHATSAPP,2026-03-29 01:00:17
COMPLAINT0000704,ACC0023377,BRW0004914,2026-01-08 08:18:17,PAYMENT,CRITICAL,CLOSED,EMAIL,2026-01-15 08:18:17
COMPLAINT0000705,ACC0002459,BRW0005421,2026-07-26 18:27:17,DND,LOW,RESOLVED,CALL,2026-07-28 18:27:17
COMPLAINT0000706,ACC0014550,BRW0009612,2026-04-20 04:29:33,DND,LOW,OPEN,SMS,2026-04-24 04:29:33
COMPLAINT0000707,ACC0022243,BRW0011618,2026-06-20 23:17:27,DISPUTE,CRITICAL,CLOSED,WHATSAPP,2026-07-05 23:17:27
COMPLAINT0000708,ACC0008126,BRW0011478,2026-08-03 04:31:27,PRIVACY,LOW,INVESTIGATING,CALL,2026-08-13 04:31:27
COMPLAINT0000709,ACC0012323,BRW0005478,2026-06-11 03:09:44,AGENT_BEHAVIOUR,HIGH,CLOSED,FIELD,2026-06-14 03:09:44
COMPLAINT0000710,ACC0025077,BRW0001575,2026-04-16 22:38:06,PAYMENT,LOW,INVESTIGATING,WHATSAPP,2026-05-02 22:38:06
COMPLAINT0000711,ACC0017260,BRW0000506,2026-04-08 21:47:04,PAYMENT,MEDIUM,RESOLVED,EMAIL,2026-04-12 21:47:04
COMPLAINT0000712,ACC0027281,BRW0009174,2026-06-04 16:09:05,DISPUTE,CRITICAL,RESOLVED,EMAIL,2026-06-15 16:09:05
COMPLAINT0000713,ACC0008053,BRW0006827,2026-01-21 18:15:22,DISPUTE,MEDIUM,INVESTIGATING,WHATSAPP,2026-02-06 18:15:22
COMPLAINT0000714,ACC0025921,BRW0004286,2026-04-16 17:56:04,DND,MEDIUM,CLOSED,CALL,2026-04-19 17:56:04
COMPLAINT0000715,ACC0026065,BRW0006180,2026-06-12 11:38:05,HARASSMENT,LOW,RESOLVED,WHATSAPP,2026-06-22 11:38:05
COMPLAINT0000716,ACC0000145,BRW0008388,2026-01-25 10:50:03,PAYMENT,LOW,INVESTIGATING,CALL,2026-01-29 10:50:03
COMPLAINT0000717,ACC0006839,BRW0004489,2026-01-30 23:26:17,PAYMENT,MEDIUM,RESOLVED,EMAIL,2026-02-13 23:26:17
COMPLAINT0000718,ACC0026487,BRW0000132,2026-01-07 21:10:36,PAYMENT,MEDIUM,OPEN,CALL,2026-01-25 21:10:36
COMPLAINT0000719,ACC0024714,BRW0007827,2026-07-10 06:28:35,HARASSMENT,LOW,RESOLVED,WHATSAPP,2026-07-25 06:28:35
COMPLAINT0000720,ACC0016196,BRW0007805,2026-03-07 10:19:17,DISPUTE,LOW,RESOLVED,WHATSAPP,2026-03-10 10:19:17
COMPLAINT0000721,ACC0011122,BRW0003001,2026-01-07 03:23:03,DISPUTE,LOW,RESOLVED,EMAIL,2026-01-26 03:23:03
COMPLAINT0000722,ACC0028905,BRW0002255,2026-07-11 08:57:16,PRIVACY,LOW,CLOSED,SMS,2026-07-30 08:57:16
COMPLAINT0000723,ACC0011341,BRW0003102,2026-02-20 18:08:55,HARASSMENT,MEDIUM,INVESTIGATING,CALL,2026-03-05 18:08:55
COMPLAINT0000724,ACC0003410,BRW0009787,2026-06-28 14:08:34,WRONG_CONTACT,MEDIUM,CLOSED,WHATSAPP,2026-07-07 14:08:34
COMPLAINT0000725,ACC0011428,BRW0007960,2026-02-15 16:43:50,DISPUTE,HIGH,CLOSED,SMS,2026-02-27 16:43:50
COMPLAINT0000726,ACC0026699,BRW0005453,2026-05-29 07:01:42,PAYMENT,MEDIUM,CLOSED,WHATSAPP,2026-06-09 07:01:42
COMPLAINT0000727,ACC0024151,BRW0010028,2026-06-10 01:35:14,WRONG_CONTACT,CRITICAL,INVESTIGATING,SMS,2026-06-17 01:35:14
COMPLAINT0000728,ACC0013607,BRW0010383,2026-06-12 04:03:35,DISPUTE,MEDIUM,INVESTIGATING,CALL,2026-06-29 04:03:35
COMPLAINT0000729,ACC0017606,BRW0003588,2026-01-31 23:21:13,PAYMENT,HIGH,INVESTIGATING,WHATSAPP,2026-02-12 23:21:13
COMPLAINT0000730,ACC0009439,BRW0008607,2026-04-15 09:21:21,DND,CRITICAL,RESOLVED,EMAIL,2026-04-23 09:21:21
COMPLAINT0000731,ACC0022140,BRW0011282,2026-06-07 06:25:03,DISPUTE,MEDIUM,OPEN,EMAIL,2026-06-21 06:25:03
COMPLAINT0000732,ACC0021368,BRW0011451,2026-06-21 00:15:35,HARASSMENT,HIGH,CLOSED,WHATSAPP,2026-07-01 00:15:35
COMPLAINT0000733,ACC0026846,BRW0005043,2026-04-12 23:47:42,WRONG_CONTACT,MEDIUM,OPEN,FIELD,2026-04-25 23:47:42
COMPLAINT0000734,ACC0005018,BRW0006582,2026-02-19 04:18:11,WRONG_CONTACT,MEDIUM,RESOLVED,WHATSAPP,2026-03-05 04:18:11
COMPLAINT0000735,ACC0009163,BRW0007603,2026-01-05 18:21:08,HARASSMENT,CRITICAL,RESOLVED,WHATSAPP,2026-01-11 18:21:08
COMPLAINT0000736,ACC0024665,BRW0010097,2026-04-13 08:11:12,DISPUTE,LOW,INVESTIGATING,WHATSAPP,2026-04-25 08:11:12
COMPLAINT0000737,ACC0010404,BRW0003144,2026-05-09 19:43:00,DISPUTE,MEDIUM,RESOLVED,EMAIL,2026-05-24 19:43:00
COMPLAINT0000738,ACC0003674,BRW0001976,2026-04-23 16:15:05,DND,MEDIUM,CLOSED,EMAIL,2026-05-10 16:15:05
COMPLAINT0000739,ACC0017643,BRW0005336,2026-01-14 19:39:04,PRIVACY,CRITICAL,RESOLVED,FIELD,2026-01-27 19:39:04
COMPLAINT0000740,ACC0016135,BRW0003133,2026-01-21 19:24:50,PRIVACY,HIGH,OPEN,EMAIL,2026-02-07 19:24:50
COMPLAINT0000741,ACC0007413,BRW0006799,2026-03-09 10:21:36,PRIVACY,LOW,OPEN,FIELD,2026-03-21 10:21:36
COMPLAINT0000742,ACC0008728,BRW0006543,2026-05-19 07:48:15,AGENT_BEHAVIOUR,CRITICAL,CLOSED,CALL,2026-06-06 07:48:15
COMPLAINT0000743,ACC0022565,BRW0009283,2026-01-23 04:33:46,PAYMENT,LOW,RESOLVED,SMS,2026-02-02 04:33:46
COMPLAINT0000744,ACC0010489,BRW0010438,2026-06-05 09:16:46,HARASSMENT,CRITICAL,OPEN,FIELD,2026-06-07 09:16:46
COMPLAINT0000745,ACC0011225,BRW0009541,2026-08-01 08:05:04,AGENT_BEHAVIOUR,MEDIUM,CLOSED,CALL,2026-08-10 08:05:04
COMPLAINT0000746,ACC0023279,BRW0005832,2026-07-08 18:29:11,AGENT_BEHAVIOUR,MEDIUM,CLOSED,FIELD,2026-07-26 18:29:11
COMPLAINT0000747,ACC0013519,BRW0001618,2026-07-19 07:47:07,AGENT_BEHAVIOUR,MEDIUM,OPEN,EMAIL,2026-07-21 07:47:07
COMPLAINT0000748,ACC0016640,BRW0001745,2026-03-01 12:44:30,PRIVACY,LOW,INVESTIGATING,WHATSAPP,2026-03-10 12:44:30
COMPLAINT0000749,ACC0016854,BRW0009472,2026-06-18 13:06:37,WRONG_CONTACT,LOW,INVESTIGATING,CALL,2026-06-26 13:06:37
COMPLAINT0000750,ACC0006520,BRW0009712,2026-06-15 15:05:57,AGENT_BEHAVIOUR,CRITICAL,INVESTIGATING,WHATSAPP,2026-06-28 15:05:57
COMPLAINT0000751,ACC0001996,BRW0004791,2026-04-10 07:11:52,WRONG_CONTACT,HIGH,CLOSED,EMAIL,2026-04-24 07:11:52
COMPLAINT0000752,ACC0021440,BRW0010155,2026-04-12 23:09:15,AGENT_BEHAVIOUR,LOW,OPEN,CALL,2026-04-17 23:09:15
COMPLAINT0000753,ACC0028782,BRW0000781,2026-01-19 16:00:15,DND,LOW,INVESTIGATING,WHATSAPP,2026-01-31 16:00:15
COMPLAINT0000754,ACC0028497,BRW0002326,2026-05-24 10:28:36,DISPUTE,HIGH,INVESTIGATING,CALL,2026-05-30 10:28:36
COMPLAINT0000755,ACC0014441,BRW0002844,2026-07-19 03:15:40,PAYMENT,MEDIUM,CLOSED,SMS,2026-07-22 03:15:40
COMPLAINT0000756,ACC0011491,BRW0000412,2026-02-10 16:00:05,DISPUTE,HIGH,RESOLVED,WHATSAPP,2026-02-27 16:00:05
COMPLAINT0000757,ACC0019185,BRW0009809,2026-03-07 23:54:59,DND,MEDIUM,RESOLVED,SMS,2026-03-24 23:54:59
COMPLAINT0000758,ACC0029121,BRW0011851,2026-03-25 18:54:10,HARASSMENT,CRITICAL,INVESTIGATING,EMAIL,2026-04-04 18:54:10
COMPLAINT0000759,ACC0003157,BRW0008436,2026-02-15 12:21:05,PRIVACY,CRITICAL,OPEN,EMAIL,2026-02-27 12:21:05
COMPLAINT0000760,ACC0003839,BRW0006169,2026-05-15 20:27:07,WRONG_CONTACT,MEDIUM,OPEN,EMAIL,2026-05-20 20:27:07
COMPLAINT0000761,ACC0004251,BRW0005205,2026-02-05 05:02:35,DND,HIGH,OPEN,WHATSAPP,2026-02-15 05:02:35
COMPLAINT0000762,ACC0006551,BRW0007157,2026-01-08 13:54:00,DISPUTE,HIGH,CLOSED,WHATSAPP,2026-01-12 13:54:00
COMPLAINT0000763,ACC0009438,BRW0003945,2026-02-18 19:31:22,DISPUTE,MEDIUM,RESOLVED,WHATSAPP,2026-03-08 19:31:22
COMPLAINT0000764,ACC0003496,BRW0004252,2026-04-02 08:05:59,DND,LOW,INVESTIGATING,SMS,2026-04-13 08:05:59
COMPLAINT0000765,ACC0009748,BRW0000058,2026-02-05 02:24:05,AGENT_BEHAVIOUR,HIGH,RESOLVED,CALL,2026-02-06 02:24:05
COMPLAINT0000766,ACC0023621,BRW0011291,2026-07-25 20:38:40,WRONG_CONTACT,LOW,RESOLVED,WHATSAPP,2026-07-31 20:38:40
COMPLAINT0000767,ACC0026411,BRW0000852,2026-05-21 14:27:32,DND,LOW,CLOSED,CALL,2026-05-31 14:27:32
COMPLAINT0000768,ACC0023782,BRW0003613,2026-01-24 07:50:34,WRONG_CONTACT,HIGH,OPEN,SMS,2026-02-02 07:50:34
COMPLAINT0000769,ACC0017233,BRW0001729,2026-02-13 01:02:51,DND,HIGH,OPEN,FIELD,2026-02-23 01:02:51
COMPLAINT0000770,ACC0028964,BRW0011740,2026-01-22 03:35:33,DISPUTE,CRITICAL,CLOSED,SMS,2026-01-29 03:35:33
COMPLAINT0000771,ACC0027377,BRW0002106,2026-03-26 19:06:28,HARASSMENT,LOW,CLOSED,CALL,2026-03-30 19:06:28
COMPLAINT0000772,ACC0027330,BRW0000444,2026-01-13 06:42:17,HARASSMENT,HIGH,OPEN,CALL,2026-01-30 06:42:17
COMPLAINT0000773,ACC0023699,BRW0000364,2026-06-26 08:46:18,PAYMENT,LOW,INVESTIGATING,SMS,2026-07-06 08:46:18
COMPLAINT0000774,ACC0003616,BRW0011833,2026-07-18 08:07:55,DND,LOW,INVESTIGATING,EMAIL,2026-07-19 08:07:55
COMPLAINT0000775,ACC0001263,BRW0010310,2026-06-20 21:41:26,WRONG_CONTACT,MEDIUM,RESOLVED,WHATSAPP,2026-07-05 21:41:26
COMPLAINT0000776,ACC0008113,BRW0004081,2026-01-31 19:06:06,AGENT_BEHAVIOUR,MEDIUM,INVESTIGATING,WHATSAPP,2026-02-11 19:06:06
COMPLAINT0000777,ACC0004558,BRW0003444,2026-01-21 19:25:03,WRONG_CONTACT,CRITICAL,INVESTIGATING,FIELD,2026-01-28 19:25:03
COMPLAINT0000778,ACC0026593,BRW0002588,2026-04-09 09:25:21,WRONG_CONTACT,LOW,CLOSED,SMS,2026-04-15 09:25:21
COMPLAINT0000779,ACC0022868,BRW0004532,2026-03-04 04:08:33,DND,HIGH,INVESTIGATING,FIELD,2026-03-11 04:08:33
COMPLAINT0000780,ACC0028477,BRW0003861,2026-01-10 00:55:20,PAYMENT,CRITICAL,CLOSED,SMS,2026-01-19 00:55:20
COMPLAINT0000781,ACC0016447,BRW0006132,2026-02-22 18:37:19,AGENT_BEHAVIOUR,MEDIUM,INVESTIGATING,FIELD,2026-03-11 18:37:19
COMPLAINT0000782,ACC0008470,BRW0009822,2026-07-08 18:30:36,WRONG_CONTACT,HIGH,OPEN,FIELD,2026-07-26 18:30:36
COMPLAINT0000783,ACC0002195,BRW0000819,2026-01-27 05:10:25,AGENT_BEHAVIOUR,LOW,CLOSED,CALL,2026-02-09 05:10:25
COMPLAINT0000784,ACC0018836,BRW0011502,2026-05-08 13:58:19,WRONG_CONTACT,MEDIUM,OPEN,EMAIL,2026-05-27 13:58:19
COMPLAINT0000785,ACC0027114,BRW0009017,2026-05-12 21:05:08,WRONG_CONTACT,HIGH,RESOLVED,CALL,2026-05-21 21:05:08
COMPLAINT0000786,ACC0028571,BRW0011138,2026-04-20 00:12:47,WRONG_CONTACT,CRITICAL,OPEN,FIELD,2026-04-21 00:12:47
COMPLAINT0000787,ACC0009998,BRW0004000,2026-03-25 00:34:06,HARASSMENT,LOW,CLOSED,WHATSAPP,2026-04-01 00:34:06
COMPLAINT0000788,ACC0016000,BRW0002399,2026-05-20 15:08:16,WRONG_CONTACT,LOW,INVESTIGATING,FIELD,2026-05-22 15:08:16
COMPLAINT0000789,ACC0010075,BRW0005990,2026-06-10 10:24:47,HARASSMENT,LOW,RESOLVED,SMS,2026-06-24 10:24:47
COMPLAINT0000790,ACC0007091,BRW0007129,2026-05-11 01:29:46,HARASSMENT,MEDIUM,CLOSED,CALL,2026-05-16 01:29:46
COMPLAINT0000791,ACC0026323,BRW0008200,2026-07-23 11:07:44,DISPUTE,MEDIUM,OPEN,CALL,2026-07-25 11:07:44
COMPLAINT0000792,ACC0014209,BRW0007676,2026-06-06 10:29:21,PAYMENT,LOW,CLOSED,CALL,2026-06-20 10:29:21
COMPLAINT0000793,ACC0023506,BRW0007295,2026-04-29 02:36:49,PRIVACY,CRITICAL,OPEN,CALL,2026-05-16 02:36:49
COMPLAINT0000794,ACC0005369,BRW0007737,2026-07-20 12:28:26,DND,CRITICAL,RESOLVED,WHATSAPP,2026-07-31 12:28:26
COMPLAINT0000795,ACC0019068,BRW0005712,2026-06-03 18:00:39,PAYMENT,CRITICAL,INVESTIGATING,CALL,2026-06-12 18:00:39
COMPLAINT0000796,ACC0010132,BRW0007847,2026-05-28 20:17:18,AGENT_BEHAVIOUR,HIGH,OPEN,CALL,2026-06-03 20:17:18
COMPLAINT0000797,ACC0013230,BRW0003044,2026-07-12 18:35:48,PAYMENT,HIGH,CLOSED,WHATSAPP,2026-07-23 18:35:48
COMPLAINT0000798,ACC0023501,BRW0006337,2026-04-22 17:19:10,AGENT_BEHAVIOUR,LOW,RESOLVED,CALL,2026-04-29 17:19:10
COMPLAINT0000799,ACC0026516,BRW0001458,2026-01-17 20:14:45,DND,HIGH,INVESTIGATING,EMAIL,2026-02-05 20:14:45
COMPLAINT0000800,ACC0017075,BRW0003388,2026-05-21 17:40:26,DISPUTE,HIGH,CLOSED,CALL,2026-06-05 17:40:26
COMPLAINT0000801,ACC0022052,BRW0005572,2026-01-05 21:32:29,DISPUTE,LOW,RESOLVED,WHATSAPP,2026-01-16 21:32:29
COMPLAINT0000802,ACC0020322,BRW0001141,2026-07-19 23:52:31,PAYMENT,CRITICAL,RESOLVED,FIELD,2026-07-21 23:52:31
COMPLAINT0000803,ACC0001095,BRW0001604,2026-01-15 22:44:04,PAYMENT,HIGH,RESOLVED,EMAIL,2026-01-26 22:44:04
COMPLAINT0000804,ACC0022191,BRW0006575,2026-04-10 08:16:47,DISPUTE,CRITICAL,RESOLVED,FIELD,2026-04-24 08:16:47
COMPLAINT0000805,ACC0006651,BRW0009720,2026-07-01 17:22:42,DISPUTE,LOW,OPEN,EMAIL,2026-07-08 17:22:42
COMPLAINT0000806,ACC0020599,BRW0006400,2026-02-25 09:41:15,DND,MEDIUM,RESOLVED,FIELD,2026-03-08 09:41:15
COMPLAINT0000807,ACC0000773,BRW0008778,2026-02-13 01:28:18,DISPUTE,LOW,OPEN,FIELD,2026-02-21 01:28:18
COMPLAINT0000808,ACC0011265,BRW0007648,2026-07-31 00:35:57,PRIVACY,LOW,CLOSED,WHATSAPP,2026-08-02 00:35:57
COMPLAINT0000809,ACC0003407,BRW0011747,2026-04-22 06:16:11,HARASSMENT,LOW,INVESTIGATING,FIELD,2026-05-07 06:16:11
COMPLAINT0000810,ACC0005756,BRW0002795,2026-03-17 01:30:25,PRIVACY,CRITICAL,INVESTIGATING,WHATSAPP,2026-03-19 01:30:25
COMPLAINT0000811,ACC0004093,BRW0004132,2026-04-23 19:08:00,DISPUTE,CRITICAL,RESOLVED,SMS,2026-04-29 19:08:00
COMPLAINT0000812,ACC0001924,BRW0003637,2026-03-11 23:17:18,WRONG_CONTACT,CRITICAL,INVESTIGATING,SMS,2026-03-19 23:17:18
COMPLAINT0000813,ACC0008673,BRW0007057,2026-04-23 16:04:47,AGENT_BEHAVIOUR,CRITICAL,RESOLVED,CALL,2026-05-02 16:04:47
COMPLAINT0000814,ACC0011432,BRW0010817,2026-07-19 13:27:23,PRIVACY,LOW,RESOLVED,EMAIL,2026-07-30 13:27:23
COMPLAINT0000815,ACC0026194,BRW0002662,2026-08-08 12:21:11,HARASSMENT,MEDIUM,RESOLVED,WHATSAPP,2026-08-18 12:21:11
COMPLAINT0000816,ACC0020767,BRW0011645,2026-01-08 03:04:22,DISPUTE,MEDIUM,INVESTIGATING,CALL,2026-01-23 03:04:22
COMPLAINT0000817,ACC0019362,BRW0011900,2026-04-17 20:21:47,DISPUTE,MEDIUM,CLOSED,CALL,2026-05-05 20:21:47
COMPLAINT0000818,ACC0014542,BRW0001943,2026-02-26 19:18:32,HARASSMENT,MEDIUM,CLOSED,WHATSAPP,2026-03-14 19:18:32
COMPLAINT0000819,ACC0028772,BRW0011890,2026-06-21 07:36:39,PRIVACY,LOW,INVESTIGATING,CALL,2026-06-28 07:36:39
COMPLAINT0000820,ACC0000468,BRW0009744,2026-05-19 12:08:34,WRONG_CONTACT,MEDIUM,OPEN,EMAIL,2026-06-01 12:08:34
COMPLAINT0000821,ACC0023883,BRW0002325,2026-04-11 00:52:24,HARASSMENT,LOW,RESOLVED,CALL,2026-04-18 00:52:24
COMPLAINT0000822,ACC0003129,BRW0011559,2026-06-06 13:23:38,WRONG_CONTACT,MEDIUM,INVESTIGATING,WHATSAPP,2026-06-12 13:23:38
COMPLAINT0000823,ACC0029274,BRW0008019,2026-01-08 03:09:01,DND,CRITICAL,INVESTIGATING,CALL,2026-01-11 03:09:01
COMPLAINT0000824,ACC0018384,BRW0008867,2026-01-10 09:13:29,AGENT_BEHAVIOUR,LOW,INVESTIGATING,FIELD,2026-01-28 09:13:29
COMPLAINT0000825,ACC0014533,BRW0007673,2026-01-08 23:10:20,DISPUTE,MEDIUM,RESOLVED,WHATSAPP,2026-01-11 23:10:20
COMPLAINT0000826,ACC0026163,BRW0000847,2026-03-03 01:05:56,PRIVACY,MEDIUM,OPEN,FIELD,2026-03-09 01:05:56
COMPLAINT0000827,ACC0009832,BRW0010628,2026-06-19 01:34:28,WRONG_CONTACT,MEDIUM,CLOSED,SMS,2026-07-08 01:34:28
COMPLAINT0000828,ACC0026752,BRW0009270,2026-04-09 08:17:35,DND,LOW,INVESTIGATING,EMAIL,2026-04-28 08:17:35
COMPLAINT0000829,ACC0024138,BRW0004308,2026-07-30 03:32:51,HARASSMENT,MEDIUM,INVESTIGATING,FIELD,2026-08-08 03:32:51
COMPLAINT0000830,ACC0020123,BRW0004737,2026-03-23 00:44:48,WRONG_CONTACT,CRITICAL,INVESTIGATING,CALL,2026-04-02 00:44:48
COMPLAINT0000831,ACC0018325,BRW0005669,2026-03-10 12:35:01,PAYMENT,MEDIUM,OPEN,EMAIL,2026-03-16 12:35:01
COMPLAINT0000832,ACC0028111,BRW0004822,2026-03-28 11:15:49,PRIVACY,LOW,RESOLVED,SMS,2026-04-10 11:15:49
COMPLAINT0000833,ACC0028760,BRW0000179,2026-07-26 04:33:15,HARASSMENT,CRITICAL,RESOLVED,WHATSAPP,2026-08-04 04:33:15
COMPLAINT0000834,ACC0000490,BRW0008880,2026-08-07 04:55:52,WRONG_CONTACT,LOW,OPEN,WHATSAPP,2026-08-08 04:55:52
COMPLAINT0000835,ACC0001040,BRW0009421,2026-01-28 12:27:50,DISPUTE,LOW,INVESTIGATING,EMAIL,2026-02-11 12:27:50
COMPLAINT0000836,ACC0016024,BRW0000945,2026-07-19 14:13:13,WRONG_CONTACT,HIGH,OPEN,WHATSAPP,2026-07-27 14:13:13
COMPLAINT0000837,ACC0029052,BRW0011691,2026-03-16 13:19:13,AGENT_BEHAVIOUR,CRITICAL,INVESTIGATING,EMAIL,2026-03-22 13:19:13
COMPLAINT0000838,ACC0014119,BRW0003750,2026-01-29 14:31:46,WRONG_CONTACT,CRITICAL,INVESTIGATING,WHATSAPP,2026-02-11 14:31:46
COMPLAINT0000839,ACC0029960,BRW0011036,2026-06-29 23:54:09,PAYMENT,CRITICAL,CLOSED,FIELD,2026-07-15 23:54:09
COMPLAINT0000840,ACC0028794,BRW0007096,2026-04-01 07:15:14,DND,MEDIUM,RESOLVED,SMS,2026-04-07 07:15:14
COMPLAINT0000841,ACC0019034,BRW0011810,2026-02-19 18:57:29,DND,LOW,OPEN,FIELD,2026-02-20 18:57:29
COMPLAINT0000842,ACC0020839,BRW0011840,2026-05-30 19:41:51,AGENT_BEHAVIOUR,LOW,OPEN,WHATSAPP,2026-06-09 19:41:51
COMPLAINT0000843,ACC0023121,BRW0005873,2026-07-26 11:38:48,DISPUTE,MEDIUM,RESOLVED,WHATSAPP,2026-08-11 11:38:48
COMPLAINT0000844,ACC0025289,BRW0002192,2026-03-30 21:08:01,DND,CRITICAL,INVESTIGATING,WHATSAPP,2026-04-02 21:08:01
COMPLAINT0000845,ACC0010932,BRW0011175,2026-07-26 16:55:55,PAYMENT,CRITICAL,OPEN,EMAIL,2026-08-07 16:55:55
COMPLAINT0000846,ACC0014158,BRW0006527,2026-05-18 07:13:48,PRIVACY,LOW,OPEN,WHATSAPP,2026-06-06 07:13:48
COMPLAINT0000847,ACC0014696,BRW0001032,2026-02-13 23:29:13,PAYMENT,CRITICAL,CLOSED,CALL,2026-02-25 23:29:13
COMPLAINT0000848,ACC0023482,BRW0001798,2026-03-16 14:36:32,PAYMENT,HIGH,CLOSED,FIELD,2026-03-28 14:36:32
COMPLAINT0000849,ACC0007209,BRW0008708,2026-01-25 16:45:25,HARASSMENT,HIGH,RESOLVED,FIELD,2026-02-11 16:45:25
COMPLAINT0000850,ACC0025803,BRW0010658,2026-06-30 14:54:07,HARASSMENT,LOW,RESOLVED,CALL,2026-07-01 14:54:07
COMPLAINT0000851,ACC0017548,BRW0000939,2026-02-03 08:19:47,DISPUTE,LOW,OPEN,FIELD,2026-02-22 08:19:47
COMPLAINT0000852,ACC0012842,BRW0001192,2026-08-01 18:36:00,HARASSMENT,MEDIUM,CLOSED,FIELD,2026-08-08 18:36:00
COMPLAINT0000853,ACC0013251,BRW0003593,2026-02-22 12:09:06,WRONG_CONTACT,CRITICAL,CLOSED,EMAIL,2026-03-01 12:09:06
COMPLAINT0000854,ACC0023274,BRW0000630,2026-02-26 08:51:28,PAYMENT,CRITICAL,RESOLVED,FIELD,2026-03-09 08:51:28
COMPLAINT0000855,ACC0018348,BRW0004768,2026-01-21 18:56:48,DND,HIGH,INVESTIGATING,FIELD,2026-01-26 18:56:48
COMPLAINT0000856,ACC0023137,BRW0000959,2026-01-16 07:19:19,HARASSMENT,CRITICAL,CLOSED,WHATSAPP,2026-01-17 07:19:19
COMPLAINT0000857,ACC0017955,BRW0000547,2026-01-04 14:53:51,AGENT_BEHAVIOUR,MEDIUM,INVESTIGATING,SMS,2026-01-07 14:53:51
COMPLAINT0000858,ACC0004107,BRW0002243,2026-07-23 22:49:51,PRIVACY,MEDIUM,RESOLVED,CALL,2026-07-31 22:49:51
COMPLAINT0000859,ACC0017888,BRW0004936,2026-01-22 03:46:46,DND,LOW,RESOLVED,EMAIL,2026-01-29 03:46:46
COMPLAINT0000860,ACC0008389,BRW0000155,2026-05-27 20:04:49,HARASSMENT,LOW,INVESTIGATING,CALL,2026-05-29 20:04:49
COMPLAINT0000861,ACC0017666,BRW0007264,2026-03-27 13:39:58,DND,MEDIUM,RESOLVED,CALL,2026-04-04 13:39:58
COMPLAINT0000862,ACC0010553,BRW0005650,2026-04-09 12:30:08,PAYMENT,MEDIUM,CLOSED,WHATSAPP,2026-04-25 12:30:08
COMPLAINT0000863,ACC0028406,BRW0001082,2026-06-18 01:07:36,PRIVACY,HIGH,OPEN,EMAIL,2026-07-03 01:07:36
COMPLAINT0000864,ACC0025919,BRW0011935,2026-06-09 08:41:14,DND,CRITICAL,RESOLVED,EMAIL,2026-06-20 08:41:14
COMPLAINT0000865,ACC0018519,BRW0003774,2026-05-01 18:10:19,DND,CRITICAL,CLOSED,FIELD,2026-05-15 18:10:19
COMPLAINT0000866,ACC0014274,BRW0002204,2026-07-30 10:12:47,HARASSMENT,HIGH,CLOSED,FIELD,2026-08-01 10:12:47
COMPLAINT0000867,ACC0027745,BRW0003283,2026-07-16 20:26:08,AGENT_BEHAVIOUR,CRITICAL,OPEN,FIELD,2026-08-04 20:26:08
COMPLAINT0000868,ACC0020927,BRW0000565,2026-05-31 12:30:20,PRIVACY,MEDIUM,CLOSED,WHATSAPP,2026-06-06 12:30:20
COMPLAINT0000869,ACC0027236,BRW0001775,2026-02-17 11:32:30,DND,CRITICAL,OPEN,SMS,2026-03-04 11:32:30
COMPLAINT0000870,ACC0009780,BRW0011557,2026-02-23 07:56:09,PAYMENT,HIGH,OPEN,WHATSAPP,2026-03-01 07:56:09
COMPLAINT0000871,ACC0001723,BRW0007950,2026-01-27 19:03:00,HARASSMENT,MEDIUM,RESOLVED,SMS,2026-02-11 19:03:00
COMPLAINT0000872,ACC0020264,BRW0001789,2026-06-26 12:28:43,PAYMENT,MEDIUM,OPEN,SMS,2026-06-29 12:28:43
COMPLAINT0000873,ACC0024265,BRW0001181,2026-03-08 05:22:17,HARASSMENT,LOW,INVESTIGATING,EMAIL,2026-03-25 05:22:17
COMPLAINT0000874,ACC0005571,BRW0005476,2026-03-17 21:26:34,DISPUTE,MEDIUM,INVESTIGATING,WHATSAPP,2026-03-22 21:26:34
COMPLAINT0000875,ACC0004540,BRW0001911,2026-02-25 18:11:58,DISPUTE,HIGH,INVESTIGATING,CALL,2026-03-07 18:11:58
COMPLAINT0000876,ACC0004766,BRW0000882,2026-05-15 11:19:44,DND,MEDIUM,OPEN,WHATSAPP,2026-05-21 11:19:44
COMPLAINT0000877,ACC0000369,BRW0007636,2026-06-11 09:01:29,DISPUTE,LOW,CLOSED,EMAIL,2026-06-29 09:01:29
COMPLAINT0000878,ACC0029606,BRW0003516,2026-05-08 09:51:49,PRIVACY,CRITICAL,OPEN,FIELD,2026-05-13 09:51:49
COMPLAINT0000879,ACC0027300,BRW0004909,2026-06-23 04:16:42,PRIVACY,MEDIUM,OPEN,SMS,2026-07-10 04:16:42
COMPLAINT0000880,ACC0018929,BRW0004258,2026-02-03 00:02:53,HARASSMENT,LOW,RESOLVED,SMS,2026-02-20 00:02:53
COMPLAINT0000881,ACC0014892,BRW0002905,2026-04-10 14:32:03,DISPUTE,CRITICAL,RESOLVED,FIELD,2026-04-24 14:32:03
COMPLAINT0000882,ACC0028592,BRW0001903,2026-03-16 02:56:21,PRIVACY,CRITICAL,RESOLVED,WHATSAPP,2026-03-26 02:56:21
COMPLAINT0000883,ACC0029686,BRW0008492,2026-01-31 20:02:39,PAYMENT,CRITICAL,CLOSED,SMS,2026-02-14 20:02:39
COMPLAINT0000884,ACC0022780,BRW0010919,2026-03-26 23:43:47,DND,LOW,OPEN,WHATSAPP,2026-03-27 23:43:47
COMPLAINT0000885,ACC0020129,BRW0005825,2026-06-04 07:41:28,PRIVACY,MEDIUM,RESOLVED,CALL,2026-06-13 07:41:28
COMPLAINT0000886,ACC0021289,BRW0009672,2026-04-26 20:54:28,AGENT_BEHAVIOUR,HIGH,RESOLVED,EMAIL,2026-05-15 20:54:28
COMPLAINT0000887,ACC0002665,BRW0008109,2026-04-26 06:42:28,HARASSMENT,MEDIUM,RESOLVED,EMAIL,2026-05-04 06:42:28
COMPLAINT0000888,ACC0022269,BRW0009642,2026-05-08 15:08:00,HARASSMENT,CRITICAL,OPEN,SMS,2026-05-14 15:08:00
COMPLAINT0000889,ACC0023696,BRW0007508,2026-03-01 15:15:01,PRIVACY,MEDIUM,RESOLVED,FIELD,2026-03-09 15:15:01
COMPLAINT0000890,ACC0018316,BRW0001427,2026-01-25 02:35:15,PRIVACY,CRITICAL,OPEN,SMS,2026-02-02 02:35:15
COMPLAINT0000891,ACC0018922,BRW0009414,2026-05-17 10:36:30,PAYMENT,CRITICAL,OPEN,EMAIL,2026-06-02 10:36:30
COMPLAINT0000892,ACC0012386,BRW0006036,2026-07-06 06:16:40,AGENT_BEHAVIOUR,HIGH,OPEN,WHATSAPP,2026-07-14 06:16:40
COMPLAINT0000893,ACC0020390,BRW0000765,2026-02-13 12:03:52,DISPUTE,CRITICAL,INVESTIGATING,FIELD,2026-02-24 12:03:52
COMPLAINT0000894,ACC0000970,BRW0006257,2026-05-10 21:54:40,DISPUTE,LOW,OPEN,SMS,2026-05-22 21:54:40
COMPLAINT0000895,ACC0010357,BRW0002502,2026-06-13 03:13:03,DND,LOW,INVESTIGATING,FIELD,2026-07-02 03:13:03
COMPLAINT0000896,ACC0002580,BRW0010975,2026-04-06 19:29:03,PRIVACY,MEDIUM,INVESTIGATING,SMS,2026-04-10 19:29:03
COMPLAINT0000897,ACC0018719,BRW0004013,2026-04-20 10:05:06,DISPUTE,LOW,RESOLVED,SMS,2026-05-06 10:05:06
COMPLAINT0000898,ACC0011992,BRW0002554,2026-03-24 02:06:01,PAYMENT,CRITICAL,RESOLVED,FIELD,2026-04-06 02:06:01
COMPLAINT0000899,ACC0029878,BRW0010632,2026-01-03 16:27:48,DND,MEDIUM,OPEN,CALL,2026-01-17 16:27:48
COMPLAINT0000900,ACC0020820,BRW0002465,2026-05-22 14:17:03,HARASSMENT,HIGH,INVESTIGATING,CALL,2026-05-24 14:17:03
COMPLAINT0000901,ACC0002325,BRW0003445,2026-05-03 08:40:23,DISPUTE,MEDIUM,INVESTIGATING,SMS,2026-05-04 08:40:23
COMPLAINT0000902,ACC0019863,BRW0000915,2026-02-23 00:30:45,WRONG_CONTACT,CRITICAL,CLOSED,WHATSAPP,2026-03-10 00:30:45
COMPLAINT0000903,ACC0005215,BRW0001132,2026-06-18 13:48:38,AGENT_BEHAVIOUR,MEDIUM,INVESTIGATING,EMAIL,2026-06-19 13:48:38
COMPLAINT0000904,ACC0006133,BRW0011297,2026-02-11 03:24:39,WRONG_CONTACT,LOW,INVESTIGATING,SMS,2026-02-17 03:24:39
COMPLAINT0000905,ACC0026954,BRW0002123,2026-05-25 23:36:38,DISPUTE,HIGH,RESOLVED,SMS,2026-06-11 23:36:38
COMPLAINT0000906,ACC0015858,BRW0009410,2026-02-28 15:52:43,HARASSMENT,MEDIUM,CLOSED,SMS,2026-03-14 15:52:43
COMPLAINT0000907,ACC0002815,BRW0011639,2026-06-04 21:25:34,PRIVACY,MEDIUM,INVESTIGATING,EMAIL,2026-06-16 21:25:34
COMPLAINT0000908,ACC0017475,BRW0003691,2026-02-09 11:16:01,AGENT_BEHAVIOUR,MEDIUM,RESOLVED,WHATSAPP,2026-02-27 11:16:01
COMPLAINT0000909,ACC0016614,BRW0003888,2026-02-21 03:13:20,PRIVACY,CRITICAL,OPEN,SMS,2026-02-22 03:13:20
COMPLAINT0000910,ACC0028360,BRW0003991,2026-07-18 06:18:33,DISPUTE,LOW,OPEN,WHATSAPP,2026-07-22 06:18:33
COMPLAINT0000911,ACC0007935,BRW0010839,2026-07-13 13:04:54,PAYMENT,CRITICAL,RESOLVED,CALL,2026-07-30 13:04:54
COMPLAINT0000912,ACC0012400,BRW0004062,2026-02-05 04:08:52,PRIVACY,LOW,CLOSED,CALL,2026-02-11 04:08:52
COMPLAINT0000913,ACC0002081,BRW0008022,2026-06-14 03:08:10,PRIVACY,MEDIUM,RESOLVED,SMS,2026-06-30 03:08:10
COMPLAINT0000914,ACC0015693,BRW0011049,2026-04-18 09:21:14,DISPUTE,HIGH,RESOLVED,CALL,2026-05-04 09:21:14
COMPLAINT0000915,ACC0022555,BRW0011651,2026-08-01 03:56:16,AGENT_BEHAVIOUR,HIGH,OPEN,FIELD,2026-08-06 03:56:16
COMPLAINT0000916,ACC0003999,BRW0009703,2026-06-18 23:24:42,PRIVACY,CRITICAL,RESOLVED,WHATSAPP,2026-06-28 23:24:42
COMPLAINT0000917,ACC0027974,BRW0008014,2026-07-18 06:28:18,DND,MEDIUM,RESOLVED,WHATSAPP,2026-08-04 06:28:18
COMPLAINT0000918,ACC0009718,BRW0000949,2026-04-09 03:12:54,PAYMENT,LOW,CLOSED,SMS,2026-04-27 03:12:54
COMPLAINT0000919,ACC0020864,BRW0001466,2026-05-30 06:08:05,WRONG_CONTACT,MEDIUM,OPEN,SMS,2026-06-02 06:08:05
COMPLAINT0000920,ACC0006075,BRW0005762,2026-06-13 01:32:39,DND,HIGH,INVESTIGATING,WHATSAPP,2026-06-27 01:32:39
COMPLAINT0000921,ACC0016755,BRW0006446,2026-04-03 15:33:52,HARASSMENT,MEDIUM,CLOSED,EMAIL,2026-04-07 15:33:52
COMPLAINT0000922,ACC0000630,BRW0009077,2026-02-13 03:54:04,WRONG_CONTACT,CRITICAL,CLOSED,EMAIL,2026-02-27 03:54:04
COMPLAINT0000923,ACC0007168,BRW0008785,2026-07-29 12:56:18,PRIVACY,LOW,OPEN,EMAIL,2026-08-04 12:56:18
COMPLAINT0000924,ACC0027018,BRW0001256,2026-04-13 05:53:34,PRIVACY,CRITICAL,OPEN,FIELD,2026-04-20 05:53:34
COMPLAINT0000925,ACC0012102,BRW0002738,2026-06-19 20:43:59,HARASSMENT,HIGH,INVESTIGATING,CALL,2026-07-01 20:43:59
COMPLAINT0000926,ACC0029666,BRW0003493,2026-07-27 14:49:27,AGENT_BEHAVIOUR,LOW,RESOLVED,EMAIL,2026-07-30 14:49:27
COMPLAINT0000927,ACC0008005,BRW0001759,2026-03-02 06:29:33,AGENT_BEHAVIOUR,CRITICAL,CLOSED,EMAIL,2026-03-20 06:29:33
COMPLAINT0000928,ACC0011581,BRW0011054,2026-06-18 07:06:27,DND,MEDIUM,INVESTIGATING,SMS,2026-07-06 07:06:27
COMPLAINT0000929,ACC0029093,BRW0009305,2026-01-30 07:59:58,DND,HIGH,CLOSED,WHATSAPP,2026-02-08 07:59:58
COMPLAINT0000930,ACC0014805,BRW0008405,2026-07-15 13:30:09,PRIVACY,MEDIUM,INVESTIGATING,SMS,2026-07-31 13:30:09
COMPLAINT0000931,ACC0006272,BRW0006049,2026-03-27 01:31:51,DISPUTE,MEDIUM,RESOLVED,WHATSAPP,2026-04-01 01:31:51
COMPLAINT0000932,ACC0013792,BRW0003802,2026-03-13 10:28:21,DND,MEDIUM,RESOLVED,WHATSAPP,2026-03-20 10:28:21
COMPLAINT0000933,ACC0024226,BRW0003186,2026-04-27 03:34:35,AGENT_BEHAVIOUR,CRITICAL,CLOSED,SMS,2026-04-30 03:34:35
COMPLAINT0000934,ACC0016329,BRW0009394,2026-07-25 10:50:19,DISPUTE,MEDIUM,RESOLVED,CALL,2026-08-04 10:50:19
COMPLAINT0000935,ACC0022936,BRW0010156,2026-03-20 04:02:50,PRIVACY,MEDIUM,OPEN,FIELD,2026-04-06 04:02:50
COMPLAINT0000936,ACC0018420,BRW0003257,2026-01-20 10:42:00,PAYMENT,CRITICAL,RESOLVED,SMS,2026-02-08 10:42:00
COMPLAINT0000937,ACC0020094,BRW0006395,2026-01-06 08:56:31,DND,MEDIUM,OPEN,WHATSAPP,2026-01-13 08:56:31
COMPLAINT0000938,ACC0014720,BRW0006173,2026-04-10 01:04:02,AGENT_BEHAVIOUR,MEDIUM,INVESTIGATING,CALL,2026-04-18 01:04:02
COMPLAINT0000939,ACC0009172,BRW0000307,2026-02-01 17:37:13,AGENT_BEHAVIOUR,HIGH,RESOLVED,SMS,2026-02-10 17:37:13
COMPLAINT0000940,ACC0009185,BRW0004838,2026-08-01 18:47:55,DND,CRITICAL,OPEN,FIELD,2026-08-12 18:47:55
COMPLAINT0000941,ACC0029660,BRW0011042,2026-05-25 01:21:31,AGENT_BEHAVIOUR,LOW,INVESTIGATING,FIELD,2026-06-08 01:21:31
COMPLAINT0000942,ACC0004577,BRW0001581,2026-03-31 10:50:02,HARASSMENT,CRITICAL,RESOLVED,FIELD,2026-04-02 10:50:02
COMPLAINT0000943,ACC0014267,BRW0002293,2026-06-01 02:11:28,DISPUTE,HIGH,INVESTIGATING,CALL,2026-06-02 02:11:28
COMPLAINT0000944,ACC0028883,BRW0004105,2026-05-04 14:31:33,DND,HIGH,INVESTIGATING,SMS,2026-05-20 14:31:33
COMPLAINT0000945,ACC0029816,BRW0010866,2026-03-04 09:14:29,AGENT_BEHAVIOUR,HIGH,RESOLVED,EMAIL,2026-03-23 09:14:29
COMPLAINT0000946,ACC0011770,BRW0000685,2026-04-24 11:56:40,HARASSMENT,MEDIUM,OPEN,FIELD,2026-05-11 11:56:40
COMPLAINT0000947,ACC0014623,BRW0008514,2026-02-25 14:03:17,WRONG_CONTACT,LOW,INVESTIGATING,WHATSAPP,2026-03-13 14:03:17
COMPLAINT0000948,ACC0008881,BRW0009007,2026-01-19 06:00:57,WRONG_CONTACT,LOW,INVESTIGATING,WHATSAPP,2026-02-05 06:00:57
COMPLAINT0000949,ACC0021774,BRW0000330,2026-03-11 04:26:22,WRONG_CONTACT,CRITICAL,OPEN,SMS,2026-03-18 04:26:22
COMPLAINT0000950,ACC0001082,BRW0008267,2026-06-13 17:56:33,AGENT_BEHAVIOUR,CRITICAL,OPEN,SMS,2026-06-29 17:56:33
COMPLAINT0000951,ACC0003658,BRW0009142,2026-01-15 07:29:25,DND,LOW,RESOLVED,EMAIL,2026-01-20 07:29:25
COMPLAINT0000952,ACC0019063,BRW0002891,2026-01-22 05:32:48,WRONG_CONTACT,LOW,INVESTIGATING,SMS,2026-02-10 05:32:48
COMPLAINT0000953,ACC0006776,BRW0005919,2026-07-15 10:55:55,HARASSMENT,HIGH,OPEN,EMAIL,2026-07-31 10:55:55
COMPLAINT0000954,ACC0028051,BRW0007274,2026-03-08 17:44:56,DISPUTE,MEDIUM,OPEN,EMAIL,2026-03-17 17:44:56
COMPLAINT0000955,ACC0022593,BRW0006892,2026-04-19 13:42:58,AGENT_BEHAVIOUR,CRITICAL,OPEN,CALL,2026-05-06 13:42:58
COMPLAINT0000956,ACC0010867,BRW0001016,2026-03-14 17:07:42,WRONG_CONTACT,MEDIUM,OPEN,WHATSAPP,2026-03-22 17:07:42
COMPLAINT0000957,ACC0029735,BRW0003654,2026-06-01 11:28:14,HARASSMENT,LOW,INVESTIGATING,FIELD,2026-06-05 11:28:14
COMPLAINT0000958,ACC0027847,BRW0005167,2026-08-07 12:03:48,HARASSMENT,MEDIUM,OPEN,WHATSAPP,2026-08-14 12:03:48
COMPLAINT0000959,ACC0016596,BRW0006428,2026-03-31 08:11:46,HARASSMENT,CRITICAL,OPEN,EMAIL,2026-04-16 08:11:46
COMPLAINT0000960,ACC0004526,BRW0010286,2026-03-21 22:48:23,DISPUTE,CRITICAL,RESOLVED,EMAIL,2026-03-24 22:48:23
COMPLAINT0000961,ACC0015456,BRW0005943,2026-02-04 08:00:12,AGENT_BEHAVIOUR,MEDIUM,OPEN,SMS,2026-02-05 08:00:12
COMPLAINT0000962,ACC0022703,BRW0009406,2026-04-23 12:45:15,PRIVACY,LOW,RESOLVED,EMAIL,2026-05-05 12:45:15
COMPLAINT0000963,ACC0011345,BRW0010290,2026-03-09 01:39:53,PRIVACY,LOW,OPEN,WHATSAPP,2026-03-13 01:39:53
COMPLAINT0000964,ACC0013535,BRW0009063,2026-07-08 17:38:39,PAYMENT,MEDIUM,OPEN,CALL,2026-07-11 17:38:39
COMPLAINT0000965,ACC0005058,BRW0011898,2026-05-02 05:31:52,PRIVACY,CRITICAL,INVESTIGATING,CALL,2026-05-05 05:31:52
COMPLAINT0000966,ACC0029314,BRW0007383,2026-04-10 22:25:13,AGENT_BEHAVIOUR,CRITICAL,INVESTIGATING,SMS,2026-04-13 22:25:13
COMPLAINT0000967,ACC0006764,BRW0007677,2026-08-05 11:19:37,WRONG_CONTACT,CRITICAL,INVESTIGATING,CALL,2026-08-18 11:19:37
COMPLAINT0000968,ACC0008913,BRW0006159,2026-01-06 06:40:44,DISPUTE,CRITICAL,RESOLVED,CALL,2026-01-15 06:40:44
COMPLAINT0000969,ACC0020666,BRW0002714,2026-05-05 11:54:55,PRIVACY,CRITICAL,RESOLVED,WHATSAPP,2026-05-13 11:54:55
COMPLAINT0000970,ACC0013089,BRW0003800,2026-06-19 02:32:17,PAYMENT,CRITICAL,CLOSED,SMS,2026-06-29 02:32:17
COMPLAINT0000971,ACC0013342,BRW0002714,2026-01-01 12:53:06,PRIVACY,LOW,OPEN,CALL,2026-01-16 12:53:06
COMPLAINT0000972,ACC0018037,BRW0004232,2026-05-26 19:29:05,HARASSMENT,CRITICAL,INVESTIGATING,SMS,2026-06-04 19:29:05
COMPLAINT0000973,ACC0018456,BRW0000986,2026-05-23 21:00:57,AGENT_BEHAVIOUR,MEDIUM,RESOLVED,WHATSAPP,2026-06-11 21:00:57
COMPLAINT0000974,ACC0023980,BRW0010939,2026-05-28 16:38:51,WRONG_CONTACT,MEDIUM,OPEN,SMS,2026-06-02 16:38:51
COMPLAINT0000975,ACC0016261,BRW0004559,2026-03-23 07:35:41,PRIVACY,MEDIUM,INVESTIGATING,FIELD,2026-04-01 07:35:41
COMPLAINT0000976,ACC0001350,BRW0006135,2026-07-29 10:11:51,DND,CRITICAL,INVESTIGATING,FIELD,2026-08-07 10:11:51
COMPLAINT0000977,ACC0015800,BRW0002507,2026-04-24 07:06:46,HARASSMENT,CRITICAL,OPEN,EMAIL,2026-04-29 07:06:46
COMPLAINT0000978,ACC0007176,BRW0003623,2026-04-13 20:49:01,PRIVACY,HIGH,INVESTIGATING,SMS,2026-04-25 20:49:01
COMPLAINT0000979,ACC0015700,BRW0007792,2026-05-11 06:58:28,AGENT_BEHAVIOUR,MEDIUM,INVESTIGATING,WHATSAPP,2026-05-14 06:58:28
COMPLAINT0000980,ACC0005993,BRW0010029,2026-02-02 07:36:00,WRONG_CONTACT,HIGH,OPEN,SMS,2026-02-07 07:36:00
COMPLAINT0000981,ACC0000325,BRW0002300,2026-05-01 19:37:28,DND,LOW,INVESTIGATING,CALL,2026-05-07 19:37:28
COMPLAINT0000982,ACC0014399,BRW0006510,2026-06-03 02:54:58,DISPUTE,LOW,CLOSED,EMAIL,2026-06-17 02:54:58
COMPLAINT0000983,ACC0028178,BRW0001798,2026-05-24 05:32:48,DISPUTE,LOW,INVESTIGATING,EMAIL,2026-05-31 05:32:48
COMPLAINT0000984,ACC0017019,BRW0002969,2026-06-24 09:53:47,DISPUTE,CRITICAL,RESOLVED,FIELD,2026-07-12 09:53:47
COMPLAINT0000985,ACC0007146,BRW0000764,2026-04-06 21:39:16,PRIVACY,LOW,OPEN,FIELD,2026-04-16 21:39:16
COMPLAINT0000986,ACC0013610,BRW0003291,2026-07-29 01:31:30,DISPUTE,LOW,OPEN,WHATSAPP,2026-07-31 01:31:30
COMPLAINT0000987,ACC0014400,BRW0004941,2026-01-23 10:40:15,PRIVACY,HIGH,OPEN,EMAIL,2026-02-05 10:40:15
COMPLAINT0000988,ACC0007911,BRW0009490,2026-03-16 04:00:07,WRONG_CONTACT,MEDIUM,CLOSED,SMS,2026-03-27 04:00:07
COMPLAINT0000989,ACC0009830,BRW0007136,2026-07-05 10:30:09,DISPUTE,MEDIUM,RESOLVED,WHATSAPP,2026-07-08 10:30:09
COMPLAINT0000990,ACC0004202,BRW0008511,2026-02-05 16:43:49,PRIVACY,LOW,INVESTIGATING,SMS,2026-02-20 16:43:49
COMPLAINT0000991,ACC0029208,BRW0005550,2026-05-16 15:03:08,DISPUTE,CRITICAL,OPEN,WHATSAPP,2026-05-25 15:03:08
COMPLAINT0000992,ACC0010769,BRW0000990,2026-08-02 02:54:40,DND,HIGH,RESOLVED,CALL,2026-08-09 02:54:40
COMPLAINT0000993,ACC0028825,BRW0011339,2026-04-11 08:20:32,AGENT_BEHAVIOUR,LOW,INVESTIGATING,FIELD,2026-04-27 08:20:32
COMPLAINT0000994,ACC0016071,BRW0006320,2026-02-17 22:31:58,WRONG_CONTACT,LOW,OPEN,EMAIL,2026-02-21 22:31:58
COMPLAINT0000995,ACC0028959,BRW0005276,2026-01-08 18:21:46,DND,HIGH,INVESTIGATING,SMS,2026-01-14 18:21:46
COMPLAINT0000996,ACC0016628,BRW0000368,2026-03-08 07:52:21,DISPUTE,LOW,CLOSED,EMAIL,2026-03-14 07:52:21
COMPLAINT0000997,ACC0018371,BRW0001804,2026-06-14 01:39:01,DND,HIGH,CLOSED,FIELD,2026-06-30 01:39:01
COMPLAINT0000998,ACC0007345,BRW0005768,2026-01-05 14:25:37,PRIVACY,HIGH,INVESTIGATING,SMS,2026-01-16 14:25:37
COMPLAINT0000999,ACC0028200,BRW0004171,2026-07-06 04:45:07,DISPUTE,MEDIUM,RESOLVED,SMS,2026-07-10 04:45:07
COMPLAINT0001000,ACC0015149,BRW0011080,2026-04-01 02:42:12,PAYMENT,LOW,CLOSED,FIELD,2026-04-07 02:42:12
COMPLAINT0001001,ACC0027268,BRW0010128,2026-04-23 01:36:25,PRIVACY,MEDIUM,INVESTIGATING,FIELD,2026-05-08 01:36:25
COMPLAINT0001002,ACC0018211,BRW0000834,2026-07-09 05:26:13,AGENT_BEHAVIOUR,MEDIUM,INVESTIGATING,WHATSAPP,2026-07-15 05:26:13
COMPLAINT0001003,ACC0010818,BRW0004189,2026-03-08 00:58:06,DISPUTE,LOW,RESOLVED,SMS,2026-03-13 00:58:06
COMPLAINT0001004,ACC0014050,BRW0001619,2026-06-12 06:25:32,AGENT_BEHAVIOUR,HIGH,RESOLVED,EMAIL,2026-06-13 06:25:32
COMPLAINT0001005,ACC0025839,BRW0011495,2026-03-26 01:17:52,DND,MEDIUM,CLOSED,FIELD,2026-03-30 01:17:52
COMPLAINT0001006,ACC0000325,BRW0005641,2026-07-16 15:11:33,AGENT_BEHAVIOUR,HIGH,OPEN,SMS,2026-07-29 15:11:33
COMPLAINT0001007,ACC0012318,BRW0003566,2026-03-05 11:05:42,PAYMENT,MEDIUM,RESOLVED,WHATSAPP,2026-03-15 11:05:42
COMPLAINT0001008,ACC0012656,BRW0010492,2026-01-16 14:30:59,PRIVACY,LOW,RESOLVED,FIELD,2026-01-18 14:30:59
COMPLAINT0001009,ACC0011619,BRW0011678,2026-06-06 02:10:18,DND,HIGH,INVESTIGATING,CALL,2026-06-18 02:10:18
COMPLAINT0001010,ACC0016547,BRW0011049,2026-03-21 04:51:57,DND,HIGH,OPEN,CALL,2026-04-08 04:51:57
COMPLAINT0001011,ACC0023157,BRW0010633,2026-06-29 11:44:51,DISPUTE,HIGH,OPEN,EMAIL,2026-07-01 11:44:51
COMPLAINT0001012,ACC0004239,BRW0000327,2026-06-06 03:59:20,HARASSMENT,MEDIUM,CLOSED,CALL,2026-06-12 03:59:20
COMPLAINT0001013,ACC0009794,BRW0002059,2026-01-26 01:46:36,AGENT_BEHAVIOUR,LOW,RESOLVED,WHATSAPP,2026-02-03 01:46:36
COMPLAINT0001014,ACC0019808,BRW0002200,2026-01-31 13:04:02,DISPUTE,HIGH,INVESTIGATING,FIELD,2026-02-13 13:04:02
COMPLAINT0001015,ACC0005861,BRW0009117,2026-05-28 17:44:55,PRIVACY,CRITICAL,OPEN,WHATSAPP,2026-06-08 17:44:55
COMPLAINT0001016,ACC0008562,BRW0006105,2026-05-27 04:22:23,WRONG_CONTACT,HIGH,CLOSED,SMS,2026-05-29 04:22:23
COMPLAINT0001017,ACC0018417,BRW0003864,2026-02-15 04:43:26,HARASSMENT,CRITICAL,INVESTIGATING,EMAIL,2026-02-19 04:43:26
COMPLAINT0001018,ACC0017327,BRW0003956,2026-05-08 23:42:31,PRIVACY,LOW,INVESTIGATING,WHATSAPP,2026-05-16 23:42:31
COMPLAINT0001019,ACC0009627,BRW0002710,2026-03-07 15:38:09,AGENT_BEHAVIOUR,LOW,INVESTIGATING,WHATSAPP,2026-03-13 15:38:09
COMPLAINT0001020,ACC0015510,BRW0006356,2026-04-08 23:33:45,PRIVACY,MEDIUM,INVESTIGATING,WHATSAPP,2026-04-11 23:33:45
COMPLAINT0001021,ACC0018817,BRW0006304,2026-03-17 12:28:54,DISPUTE,CRITICAL,INVESTIGATING,FIELD,2026-04-05 12:28:54
COMPLAINT0001022,ACC0001897,BRW0009839,2026-02-22 06:42:02,AGENT_BEHAVIOUR,LOW,OPEN,CALL,2026-02-24 06:42:02
COMPLAINT0001023,ACC0010157,BRW0000332,2026-05-02 10:42:39,PRIVACY,MEDIUM,OPEN,CALL,2026-05-17 10:42:39
COMPLAINT0001024,ACC0026123,BRW0005736,2026-07-09 04:42:18,WRONG_CONTACT,MEDIUM,OPEN,SMS,2026-07-16 04:42:18
COMPLAINT0001025,ACC0027493,BRW0009604,2026-04-27 19:34:15,WRONG_CONTACT,MEDIUM,CLOSED,SMS,2026-04-29 19:34:15
COMPLAINT0001026,ACC0000912,BRW0004992,2026-06-12 21:18:24,WRONG_CONTACT,LOW,CLOSED,CALL,2026-06-20 21:18:24
COMPLAINT0001027,ACC0004792,BRW0002315,2026-06-30 21:04:06,DISPUTE,HIGH,OPEN,WHATSAPP,2026-07-04 21:04:06
COMPLAINT0001028,ACC0007924,BRW0002588,2026-04-21 23:46:13,WRONG_CONTACT,CRITICAL,RESOLVED,FIELD,2026-05-08 23:46:13
COMPLAINT0001029,ACC0026493,BRW0010027,2026-06-18 13:59:16,WRONG_CONTACT,HIGH,OPEN,FIELD,2026-07-03 13:59:16
COMPLAINT0001030,ACC0008181,BRW0002935,2026-06-28 00:06:15,DND,HIGH,OPEN,EMAIL,2026-07-15 00:06:15
COMPLAINT0001031,ACC0013781,BRW0000643,2026-02-05 06:42:37,HARASSMENT,LOW,CLOSED,WHATSAPP,2026-02-22 06:42:37
COMPLAINT0001032,ACC0003505,BRW0007659,2026-05-29 00:58:09,DISPUTE,CRITICAL,OPEN,FIELD,2026-06-17 00:58:09
COMPLAINT0001033,ACC0008871,BRW0007150,2026-07-09 19:51:40,DISPUTE,CRITICAL,OPEN,WHATSAPP,2026-07-12 19:51:40
COMPLAINT0001034,ACC0001131,BRW0011401,2026-04-14 19:20:47,DND,LOW,RESOLVED,WHATSAPP,2026-04-20 19:20:47
COMPLAINT0001035,ACC0002124,BRW0002271,2026-03-04 13:09:42,DISPUTE,CRITICAL,RESOLVED,SMS,2026-03-05 13:09:42
COMPLAINT0001036,ACC0007593,BRW0004364,2026-04-23 22:09:30,DND,CRITICAL,OPEN,WHATSAPP,2026-05-09 22:09:30
COMPLAINT0001037,ACC0020613,BRW0009307,2026-05-02 13:10:42,HARASSMENT,CRITICAL,OPEN,FIELD,2026-05-03 13:10:42
COMPLAINT0001038,ACC0020405,BRW0002016,2026-03-15 02:18:09,WRONG_CONTACT,CRITICAL,RESOLVED,WHATSAPP,2026-03-20 02:18:09
COMPLAINT0001039,ACC0006338,BRW0009030,2026-08-08 06:02:15,DND,CRITICAL,OPEN,CALL,2026-08-19 06:02:15
COMPLAINT0001040,ACC0016153,BRW0001865,2026-01-02 23:53:12,DISPUTE,CRITICAL,RESOLVED,EMAIL,2026-01-13 23:53:12
COMPLAINT0001041,ACC0004576,BRW0006933,2026-06-12 22:38:12,PRIVACY,MEDIUM,INVESTIGATING,FIELD,2026-06-23 22:38:12
COMPLAINT0001042,ACC0026768,BRW0000916,2026-07-02 17:39:46,HARASSMENT,HIGH,RESOLVED,FIELD,2026-07-09 17:39:46
COMPLAINT0001043,ACC0002472,BRW0001719,2026-07-01 14:59:04,AGENT_BEHAVIOUR,LOW,INVESTIGATING,WHATSAPP,2026-07-20 14:59:04
COMPLAINT0001044,ACC0021887,BRW0011089,2026-04-05 09:28:53,PAYMENT,MEDIUM,OPEN,WHATSAPP,2026-04-13 09:28:53
COMPLAINT0001045,ACC0029949,BRW0005353,2026-03-11 13:22:07,DISPUTE,LOW,INVESTIGATING,EMAIL,2026-03-19 13:22:07
COMPLAINT0001046,ACC0012480,BRW0008963,2026-04-24 03:11:36,DND,CRITICAL,RESOLVED,WHATSAPP,2026-04-28 03:11:36
COMPLAINT0001047,ACC0028872,BRW0002231,2026-06-21 01:10:08,WRONG_CONTACT,MEDIUM,INVESTIGATING,SMS,2026-06-23 01:10:08
COMPLAINT0001048,ACC0024301,BRW0003537,2026-01-31 06:10:25,HARASSMENT,LOW,OPEN,SMS,2026-02-17 06:10:25
COMPLAINT0001049,ACC0005468,BRW0009387,2026-07-09 02:22:46,WRONG_CONTACT,LOW,CLOSED,EMAIL,2026-07-10 02:22:46
COMPLAINT0001050,ACC0026709,BRW0003570,2026-02-19 14:08:27,WRONG_CONTACT,MEDIUM,RESOLVED,SMS,2026-02-28 14:08:27
COMPLAINT0001051,ACC0015539,BRW0011096,2026-02-24 06:10:32,DND,HIGH,RESOLVED,SMS,2026-02-27 06:10:32
COMPLAINT0001052,ACC0007944,BRW0008937,2026-02-28 07:53:12,HARASSMENT,MEDIUM,OPEN,FIELD,2026-03-09 07:53:12
COMPLAINT0001053,ACC0006288,BRW0007837,2026-04-17 05:10:41,DND,HIGH,OPEN,SMS,2026-04-18 05:10:41
COMPLAINT0001054,ACC0024001,BRW0008892,2026-03-17 02:40:54,DISPUTE,CRITICAL,INVESTIGATING,SMS,2026-04-02 02:40:54
COMPLAINT0001055,ACC0004533,BRW0007203,2026-01-21 07:10:32,PRIVACY,LOW,OPEN,WHATSAPP,2026-01-28 07:10:32
COMPLAINT0001056,ACC0029017,BRW0009382,2026-03-31 00:31:33,PAYMENT,HIGH,INVESTIGATING,CALL,2026-04-13 00:31:33
COMPLAINT0001057,ACC0011897,BRW0011182,2026-06-26 17:59:54,HARASSMENT,LOW,INVESTIGATING,SMS,2026-07-08 17:59:54
COMPLAINT0001058,ACC0007357,BRW0001464,2026-05-08 23:35:49,PAYMENT,CRITICAL,CLOSED,FIELD,2026-05-16 23:35:49
COMPLAINT0001059,ACC0012106,BRW0004919,2026-05-13 11:27:07,PAYMENT,HIGH,CLOSED,EMAIL,2026-05-22 11:27:07
COMPLAINT0001060,ACC0004161,BRW0000606,2026-04-23 16:34:02,DND,CRITICAL,INVESTIGATING,SMS,2026-04-27 16:34:02
COMPLAINT0001061,ACC0025629,BRW0001199,2026-06-15 01:03:47,DND,LOW,RESOLVED,EMAIL,2026-06-21 01:03:47
COMPLAINT0001062,ACC0006677,BRW0000420,2026-03-30 10:19:16,WRONG_CONTACT,HIGH,INVESTIGATING,FIELD,2026-04-17 10:19:16
COMPLAINT0001063,ACC0026179,BRW0005430,2026-05-21 15:01:53,DISPUTE,LOW,RESOLVED,EMAIL,2026-06-02 15:01:53
COMPLAINT0001064,ACC0012416,BRW0002500,2026-06-12 18:01:30,PAYMENT,HIGH,OPEN,EMAIL,2026-06-17 18:01:30
COMPLAINT0001065,ACC0013858,BRW0010590,2026-08-01 22:08:20,WRONG_CONTACT,HIGH,CLOSED,CALL,2026-08-19 22:08:20
COMPLAINT0001066,ACC0007360,BRW0009250,2026-08-05 17:15:45,DISPUTE,LOW,RESOLVED,SMS,2026-08-17 17:15:45
COMPLAINT0001067,ACC0008013,BRW0010837,2026-05-04 14:00:11,WRONG_CONTACT,MEDIUM,CLOSED,CALL,2026-05-14 14:00:11
COMPLAINT0001068,ACC0002928,BRW0011660,2026-06-29 09:46:30,WRONG_CONTACT,HIGH,OPEN,CALL,2026-07-14 09:46:30
COMPLAINT0001069,ACC0002508,BRW0001097,2026-07-14 16:31:56,HARASSMENT,MEDIUM,INVESTIGATING,SMS,2026-07-16 16:31:56
COMPLAINT0001070,ACC0015947,BRW0000609,2026-07-11 06:44:14,AGENT_BEHAVIOUR,MEDIUM,CLOSED,WHATSAPP,2026-07-18 06:44:14
COMPLAINT0001071,ACC0002031,BRW0007337,2026-01-21 19:32:31,PRIVACY,HIGH,OPEN,EMAIL,2026-02-01 19:32:31
COMPLAINT0001072,ACC0015230,BRW0001609,2026-01-10 15:10:12,AGENT_BEHAVIOUR,CRITICAL,OPEN,EMAIL,2026-01-26 15:10:12
COMPLAINT0001073,ACC0028827,BRW0006432,2026-05-27 23:12:17,HARASSMENT,MEDIUM,RESOLVED,CALL,2026-06-15 23:12:17
COMPLAINT0001074,ACC0028600,BRW0002504,2026-02-12 04:14:38,DND,LOW,RESOLVED,CALL,2026-02-19 04:14:38
COMPLAINT0001075,ACC0008491,BRW0010424,2026-07-22 00:40:30,AGENT_BEHAVIOUR,HIGH,INVESTIGATING,SMS,2026-08-05 00:40:30
COMPLAINT0001076,ACC0026475,BRW0002145,2026-04-26 19:27:16,DISPUTE,HIGH,CLOSED,EMAIL,2026-05-15 19:27:16
COMPLAINT0001077,ACC0002519,BRW0010327,2026-03-22 07:48:48,DISPUTE,HIGH,OPEN,CALL,2026-03-31 07:48:48
COMPLAINT0001078,ACC0011877,BRW0003503,2026-07-20 07:31:31,PRIVACY,LOW,OPEN,FIELD,2026-08-03 07:31:31
COMPLAINT0001079,ACC0019834,BRW0008704,2026-05-23 21:23:22,DND,LOW,OPEN,EMAIL,2026-05-25 21:23:22
COMPLAINT0001080,ACC0011357,BRW0008448,2026-05-21 00:22:57,DISPUTE,CRITICAL,CLOSED,SMS,2026-05-28 00:22:57
COMPLAINT0001081,ACC0018201,BRW0008601,2026-06-08 18:23:22,DISPUTE,HIGH,INVESTIGATING,EMAIL,2026-06-25 18:23:22
COMPLAINT0001082,ACC0012611,BRW0008827,2026-05-23 20:24:54,PAYMENT,MEDIUM,INVESTIGATING,EMAIL,2026-05-28 20:24:54
COMPLAINT0001083,ACC0029670,BRW0005839,2026-05-31 07:09:49,HARASSMENT,CRITICAL,OPEN,FIELD,2026-06-19 07:09:49
COMPLAINT0001084,ACC0009685,BRW0003262,2026-06-24 18:12:55,HARASSMENT,LOW,INVESTIGATING,FIELD,2026-07-13 18:12:55
COMPLAINT0001085,ACC0028681,BRW0009897,2026-07-10 21:01:06,AGENT_BEHAVIOUR,MEDIUM,RESOLVED,SMS,2026-07-16 21:01:06
COMPLAINT0001086,ACC0026464,BRW0007840,2026-02-19 14:07:27,HARASSMENT,MEDIUM,CLOSED,FIELD,2026-03-04 14:07:27
COMPLAINT0001087,ACC0009911,BRW0007601,2026-05-17 02:14:57,HARASSMENT,MEDIUM,CLOSED,SMS,2026-05-26 02:14:57
COMPLAINT0001088,ACC0002350,BRW0008362,2026-01-01 05:21:31,DISPUTE,HIGH,RESOLVED,FIELD,2026-01-16 05:21:31
COMPLAINT0001089,ACC0018007,BRW0005176,2026-05-11 13:55:57,HARASSMENT,MEDIUM,CLOSED,EMAIL,2026-05-12 13:55:57
COMPLAINT0001090,ACC0024262,BRW0011242,2026-01-22 19:51:04,PRIVACY,CRITICAL,OPEN,EMAIL,2026-02-08 19:51:04
COMPLAINT0001091,ACC0025110,BRW0003912,2026-05-04 10:29:22,WRONG_CONTACT,HIGH,OPEN,SMS,2026-05-07 10:29:22
COMPLAINT0001092,ACC0008481,BRW0008068,2026-02-09 03:42:20,DND,HIGH,OPEN,SMS,2026-02-10 03:42:20
COMPLAINT0001093,ACC0018595,BRW0004634,2026-05-02 03:22:07,PAYMENT,MEDIUM,RESOLVED,FIELD,2026-05-11 03:22:07
COMPLAINT0001094,ACC0017282,BRW0011305,2026-05-08 22:05:59,DISPUTE,LOW,CLOSED,EMAIL,2026-05-20 22:05:59
COMPLAINT0001095,ACC0020137,BRW0005672,2026-02-24 11:29:38,DISPUTE,LOW,RESOLVED,WHATSAPP,2026-02-27 11:29:38
COMPLAINT0001096,ACC0009385,BRW0008194,2026-07-10 01:53:06,PRIVACY,MEDIUM,OPEN,FIELD,2026-07-11 01:53:06
COMPLAINT0001097,ACC0017093,BRW0009714,2026-01-20 22:14:03,HARASSMENT,CRITICAL,OPEN,WHATSAPP,2026-01-22 22:14:03
COMPLAINT0001098,ACC0004483,BRW0000799,2026-03-09 06:57:47,HARASSMENT,CRITICAL,RESOLVED,CALL,2026-03-19 06:57:47
COMPLAINT0001099,ACC0027560,BRW0011859,2026-01-09 19:31:11,DISPUTE,HIGH,OPEN,SMS,2026-01-10 19:31:11
COMPLAINT0001100,ACC0005187,BRW0004823,2026-07-16 23:37:50,AGENT_BEHAVIOUR,HIGH,CLOSED,CALL,2026-07-20 23:37:50
COMPLAINT0001101,ACC0026760,BRW0000420,2026-05-23 08:59:03,AGENT_BEHAVIOUR,HIGH,RESOLVED,SMS,2026-06-10 08:59:03
COMPLAINT0001102,ACC0008537,BRW0006656,2026-05-23 08:17:58,DISPUTE,MEDIUM,RESOLVED,CALL,2026-05-28 08:17:58
COMPLAINT0001103,ACC0019513,BRW0011138,2026-03-25 17:37:21,DND,CRITICAL,RESOLVED,FIELD,2026-04-08 17:37:21
COMPLAINT0001104,ACC0008279,BRW0003946,2026-02-08 19:48:53,HARASSMENT,CRITICAL,OPEN,WHATSAPP,2026-02-22 19:48:53
COMPLAINT0001105,ACC0001408,BRW0002128,2026-04-16 00:55:10,AGENT_BEHAVIOUR,CRITICAL,CLOSED,CALL,2026-04-27 00:55:10
COMPLAINT0001106,ACC0006771,BRW0001739,2026-01-22 01:49:10,PAYMENT,LOW,RESOLVED,WHATSAPP,2026-02-04 01:49:10
COMPLAINT0001107,ACC0001023,BRW0008505,2026-03-08 10:49:22,AGENT_BEHAVIOUR,CRITICAL,RESOLVED,SMS,2026-03-18 10:49:22
COMPLAINT0001108,ACC0004820,BRW0009167,2026-01-15 01:03:16,AGENT_BEHAVIOUR,HIGH,RESOLVED,EMAIL,2026-01-27 01:03:16
COMPLAINT0001109,ACC0019871,BRW0006772,2026-04-19 06:29:54,DISPUTE,HIGH,INVESTIGATING,EMAIL,2026-05-05 06:29:54
COMPLAINT0001110,ACC0002455,BRW0006597,2026-05-13 12:23:57,AGENT_BEHAVIOUR,MEDIUM,CLOSED,WHATSAPP,2026-05-31 12:23:57
COMPLAINT0001111,ACC0021898,BRW0002653,2026-01-04 07:26:58,PAYMENT,LOW,CLOSED,CALL,2026-01-07 07:26:58
COMPLAINT0001112,ACC0005045,BRW0000393,2026-07-09 04:11:09,PRIVACY,CRITICAL,RESOLVED,FIELD,2026-07-28 04:11:09
COMPLAINT0001113,ACC0021209,BRW0011115,2026-06-29 21:24:37,PAYMENT,LOW,CLOSED,EMAIL,2026-07-13 21:24:37
COMPLAINT0001114,ACC0013594,BRW0004027,2026-03-15 17:37:12,AGENT_BEHAVIOUR,MEDIUM,INVESTIGATING,EMAIL,2026-03-31 17:37:12
COMPLAINT0001115,ACC0001296,BRW0000170,2026-01-15 10:45:09,PRIVACY,HIGH,CLOSED,SMS,2026-01-28 10:45:09
COMPLAINT0001116,ACC0029280,BRW0001665,2026-04-10 02:03:03,DISPUTE,LOW,INVESTIGATING,EMAIL,2026-04-12 02:03:03
COMPLAINT0001117,ACC0011894,BRW0001896,2026-03-31 19:11:00,DISPUTE,LOW,RESOLVED,FIELD,2026-04-12 19:11:00
COMPLAINT0001118,ACC0010429,BRW0003641,2026-01-08 12:37:33,AGENT_BEHAVIOUR,HIGH,INVESTIGATING,SMS,2026-01-17 12:37:33
COMPLAINT0001119,ACC0013096,BRW0001738,2026-06-05 05:18:23,HARASSMENT,HIGH,RESOLVED,EMAIL,2026-06-15 05:18:23
COMPLAINT0001120,ACC0018671,BRW0005773,2026-03-25 07:20:50,AGENT_BEHAVIOUR,MEDIUM,INVESTIGATING,FIELD,2026-04-05 07:20:50
COMPLAINT0001121,ACC0018024,BRW0001932,2026-08-01 10:20:46,AGENT_BEHAVIOUR,LOW,CLOSED,WHATSAPP,2026-08-05 10:20:46
COMPLAINT0001122,ACC0003860,BRW0011886,2026-03-21 15:10:15,PRIVACY,CRITICAL,CLOSED,CALL,2026-03-22 15:10:15
COMPLAINT0001123,ACC0017977,BRW0008164,2026-06-03 14:50:28,WRONG_CONTACT,HIGH,RESOLVED,EMAIL,2026-06-12 14:50:28
COMPLAINT0001124,ACC0029975,BRW0007573,2026-01-08 00:23:28,AGENT_BEHAVIOUR,MEDIUM,CLOSED,WHATSAPP,2026-01-10 00:23:28
COMPLAINT0001125,ACC0018148,BRW0000232,2026-04-19 16:13:10,HARASSMENT,CRITICAL,CLOSED,WHATSAPP,2026-04-29 16:13:10
COMPLAINT0001126,ACC0010862,BRW0011848,2026-04-26 04:30:11,DND,MEDIUM,OPEN,EMAIL,2026-04-29 04:30:11
COMPLAINT0001127,ACC0010221,BRW0001550,2026-02-28 18:30:11,HARASSMENT,LOW,CLOSED,CALL,2026-03-04 18:30:11
COMPLAINT0001128,ACC0020689,BRW0008768,2026-03-06 07:45:32,WRONG_CONTACT,HIGH,OPEN,EMAIL,2026-03-16 07:45:32
COMPLAINT0001129,ACC0003141,BRW0001645,2026-04-01 21:10:08,DND,LOW,CLOSED,SMS,2026-04-09 21:10:08
COMPLAINT0001130,ACC0001145,BRW0006501,2026-05-08 12:17:17,PRIVACY,MEDIUM,CLOSED,WHATSAPP,2026-05-27 12:17:17
COMPLAINT0001131,ACC0009619,BRW0005902,2026-01-02 08:50:40,AGENT_BEHAVIOUR,HIGH,INVESTIGATING,WHATSAPP,2026-01-14 08:50:40
COMPLAINT0001132,ACC0006162,BRW0000043,2026-02-16 22:50:15,AGENT_BEHAVIOUR,LOW,INVESTIGATING,CALL,2026-03-03 22:50:15
COMPLAINT0001133,ACC0015312,BRW0010295,2026-03-07 22:09:50,PAYMENT,LOW,OPEN,EMAIL,2026-03-16 22:09:50
COMPLAINT0001134,ACC0027322,BRW0010023,2026-01-09 23:18:38,PRIVACY,MEDIUM,RESOLVED,SMS,2026-01-11 23:18:38
COMPLAINT0001135,ACC0003968,BRW0011049,2026-02-14 13:45:13,DND,CRITICAL,CLOSED,EMAIL,2026-02-25 13:45:13
COMPLAINT0001136,ACC0001509,BRW0007169,2026-08-05 09:40:50,PAYMENT,CRITICAL,OPEN,WHATSAPP,2026-08-20 09:40:50
COMPLAINT0001137,ACC0007434,BRW0010456,2026-06-13 12:14:03,HARASSMENT,LOW,RESOLVED,SMS,2026-06-19 12:14:03
COMPLAINT0001138,ACC0018937,BRW0000543,2026-04-09 19:07:40,DISPUTE,CRITICAL,CLOSED,EMAIL,2026-04-25 19:07:40
COMPLAINT0001139,ACC0025599,BRW0006287,2026-06-05 22:43:24,PRIVACY,CRITICAL,CLOSED,SMS,2026-06-24 22:43:24
COMPLAINT0001140,ACC0021121,BRW0007504,2026-05-02 21:34:24,HARASSMENT,MEDIUM,OPEN,SMS,2026-05-17 21:34:24
COMPLAINT0001141,ACC0003553,BRW0005350,2026-07-07 09:13:07,AGENT_BEHAVIOUR,LOW,RESOLVED,EMAIL,2026-07-25 09:13:07
COMPLAINT0001142,ACC0004668,BRW0005680,2026-07-31 08:17:25,HARASSMENT,LOW,INVESTIGATING,CALL,2026-08-12 08:17:25
COMPLAINT0001143,ACC0001757,BRW0006152,2026-04-27 12:49:24,DND,LOW,INVESTIGATING,WHATSAPP,2026-05-04 12:49:24
COMPLAINT0001144,ACC0001125,BRW0007774,2026-05-31 05:40:26,DISPUTE,MEDIUM,OPEN,SMS,2026-06-07 05:40:26
COMPLAINT0001145,ACC0014048,BRW0001285,2026-03-21 12:35:39,PAYMENT,MEDIUM,INVESTIGATING,FIELD,2026-04-02 12:35:39
COMPLAINT0001146,ACC0014960,BRW0002383,2026-06-20 01:22:20,PAYMENT,CRITICAL,OPEN,CALL,2026-06-30 01:22:20
COMPLAINT0001147,ACC0007344,BRW0000542,2026-06-03 14:41:25,DISPUTE,HIGH,INVESTIGATING,SMS,2026-06-14 14:41:25
COMPLAINT0001148,ACC0006469,BRW0004267,2026-05-28 18:14:07,AGENT_BEHAVIOUR,HIGH,OPEN,CALL,2026-05-31 18:14:07
COMPLAINT0001149,ACC0023890,BRW0000539,2026-08-07 13:55:50,PRIVACY,HIGH,INVESTIGATING,CALL,2026-08-25 13:55:50
COMPLAINT0001150,ACC0025379,BRW0000911,2026-05-07 15:43:22,WRONG_CONTACT,MEDIUM,INVESTIGATING,FIELD,2026-05-13 15:43:22
COMPLAINT0001151,ACC0024104,BRW0006641,2026-08-06 17:26:33,HARASSMENT,LOW,OPEN,FIELD,2026-08-22 17:26:33
COMPLAINT0001152,ACC0016967,BRW0004194,2026-02-12 01:13:36,WRONG_CONTACT,MEDIUM,INVESTIGATING,WHATSAPP,2026-02-13 01:13:36
COMPLAINT0001153,ACC0016639,BRW0005974,2026-04-22 22:40:49,PRIVACY,LOW,CLOSED,CALL,2026-05-09 22:40:49
COMPLAINT0001154,ACC0012345,BRW0007619,2026-01-31 16:12:47,DND,HIGH,OPEN,WHATSAPP,2026-02-01 16:12:47
COMPLAINT0001155,ACC0001583,BRW0003359,2026-03-01 22:48:34,PRIVACY,LOW,CLOSED,EMAIL,2026-03-07 22:48:34
COMPLAINT0001156,ACC0012237,BRW0006935,2026-01-16 18:20:56,DND,CRITICAL,RESOLVED,EMAIL,2026-02-03 18:20:56
COMPLAINT0001157,ACC0014148,BRW0010427,2026-07-13 10:32:06,PRIVACY,LOW,OPEN,FIELD,2026-07-18 10:32:06
COMPLAINT0001158,ACC0015595,BRW0005083,2026-08-02 17:28:00,AGENT_BEHAVIOUR,MEDIUM,RESOLVED,SMS,2026-08-06 17:28:00
COMPLAINT0001159,ACC0010684,BRW0005623,2026-03-20 16:46:48,WRONG_CONTACT,LOW,CLOSED,CALL,2026-03-26 16:46:48
COMPLAINT0001160,ACC0012524,BRW0004174,2026-02-10 21:45:43,DND,HIGH,CLOSED,FIELD,2026-02-14 21:45:43
COMPLAINT0001161,ACC0029745,BRW0009550,2026-01-24 14:42:42,WRONG_CONTACT,CRITICAL,OPEN,FIELD,2026-02-12 14:42:42
COMPLAINT0001162,ACC0009496,BRW0004116,2026-03-01 09:06:45,AGENT_BEHAVIOUR,HIGH,CLOSED,FIELD,2026-03-08 09:06:45
COMPLAINT0001163,ACC0023331,BRW0007669,2026-04-09 05:54:52,WRONG_CONTACT,HIGH,RESOLVED,FIELD,2026-04-22 05:54:52
COMPLAINT0001164,ACC0000425,BRW0002655,2026-01-15 02:33:25,AGENT_BEHAVIOUR,HIGH,INVESTIGATING,FIELD,2026-01-24 02:33:25
COMPLAINT0001165,ACC0023061,BRW0006659,2026-06-25 22:35:11,PRIVACY,HIGH,RESOLVED,CALL,2026-07-12 22:35:11
COMPLAINT0001166,ACC0007590,BRW0001257,2026-02-18 22:29:36,WRONG_CONTACT,HIGH,OPEN,CALL,2026-03-08 22:29:36
COMPLAINT0001167,ACC0005403,BRW0004732,2026-04-09 15:11:17,PRIVACY,MEDIUM,OPEN,SMS,2026-04-12 15:11:17
COMPLAINT0001168,ACC0015875,BRW0008626,2026-05-26 08:14:31,DISPUTE,LOW,CLOSED,WHATSAPP,2026-06-10 08:14:31
COMPLAINT0001169,ACC0017586,BRW0010564,2026-03-12 06:32:35,PAYMENT,MEDIUM,INVESTIGATING,CALL,2026-03-17 06:32:35
COMPLAINT0001170,ACC0017942,BRW0011762,2026-01-07 07:57:38,AGENT_BEHAVIOUR,CRITICAL,INVESTIGATING,EMAIL,2026-01-14 07:57:38
COMPLAINT0001171,ACC0012373,BRW0003069,2026-04-01 07:28:19,HARASSMENT,LOW,CLOSED,SMS,2026-04-12 07:28:19
COMPLAINT0001172,ACC0004572,BRW0001772,2026-07-07 06:51:10,WRONG_CONTACT,MEDIUM,RESOLVED,CALL,2026-07-18 06:51:10
COMPLAINT0001173,ACC0024413,BRW0001922,2026-01-25 11:22:40,DND,CRITICAL,INVESTIGATING,EMAIL,2026-02-02 11:22:40
COMPLAINT0001174,ACC0006315,BRW0001769,2026-04-07 19:17:14,WRONG_CONTACT,LOW,INVESTIGATING,EMAIL,2026-04-26 19:17:14
COMPLAINT0001175,ACC0003227,BRW0005961,2026-03-15 23:05:48,HARASSMENT,MEDIUM,RESOLVED,FIELD,2026-03-22 23:05:48
COMPLAINT0001176,ACC0012300,BRW0010665,2026-05-31 14:25:13,PAYMENT,LOW,CLOSED,EMAIL,2026-06-15 14:25:13
COMPLAINT0001177,ACC0000021,BRW0006305,2026-03-23 18:05:02,PRIVACY,CRITICAL,RESOLVED,SMS,2026-04-01 18:05:02
COMPLAINT0001178,ACC0012713,BRW0000952,2026-05-07 11:13:55,PRIVACY,LOW,INVESTIGATING,CALL,2026-05-14 11:13:55
COMPLAINT0001179,ACC0021419,BRW0008661,2026-01-30 02:27:32,DISPUTE,CRITICAL,CLOSED,WHATSAPP,2026-02-05 02:27:32
COMPLAINT0001180,ACC0028279,BRW0009355,2026-02-04 15:42:17,DND,CRITICAL,OPEN,FIELD,2026-02-07 15:42:17
COMPLAINT0001181,ACC0007213,BRW0001048,2026-04-15 20:50:19,DISPUTE,CRITICAL,RESOLVED,FIELD,2026-04-18 20:50:19
COMPLAINT0001182,ACC0000895,BRW0009887,2026-01-12 05:43:19,HARASSMENT,MEDIUM,OPEN,WHATSAPP,2026-01-18 05:43:19
COMPLAINT0001183,ACC0000647,BRW0003382,2026-05-01 04:37:36,WRONG_CONTACT,CRITICAL,RESOLVED,EMAIL,2026-05-10 04:37:36
COMPLAINT0001184,ACC0016012,BRW0010313,2026-05-27 03:10:56,DND,CRITICAL,CLOSED,EMAIL,2026-06-05 03:10:56
COMPLAINT0001185,ACC0012266,BRW0004304,2026-06-16 05:50:15,WRONG_CONTACT,HIGH,INVESTIGATING,SMS,2026-06-21 05:50:15
COMPLAINT0001186,ACC0009254,BRW0005841,2026-02-07 05:56:08,AGENT_BEHAVIOUR,MEDIUM,INVESTIGATING,SMS,2026-02-21 05:56:08
COMPLAINT0001187,ACC0023465,BRW0004879,2026-07-25 03:48:09,HARASSMENT,HIGH,RESOLVED,CALL,2026-07-27 03:48:09
COMPLAINT0001188,ACC0024796,BRW0006523,2026-06-06 20:44:16,DISPUTE,CRITICAL,CLOSED,WHATSAPP,2026-06-11 20:44:16
COMPLAINT0001189,ACC0020665,BRW0008142,2026-03-10 01:29:05,HARASSMENT,CRITICAL,CLOSED,CALL,2026-03-16 01:29:05
COMPLAINT0001190,ACC0002381,BRW0006416,2026-06-19 07:21:29,HARASSMENT,MEDIUM,CLOSED,EMAIL,2026-07-04 07:21:29
COMPLAINT0001191,ACC0001244,BRW0000078,2026-03-11 00:06:13,DND,LOW,INVESTIGATING,FIELD,2026-03-18 00:06:13
COMPLAINT0001192,ACC0017167,BRW0004762,2026-07-28 11:17:44,AGENT_BEHAVIOUR,MEDIUM,INVESTIGATING,EMAIL,2026-08-01 11:17:44
COMPLAINT0001193,ACC0026142,BRW0007665,2026-01-30 18:23:07,AGENT_BEHAVIOUR,MEDIUM,CLOSED,SMS,2026-02-13 18:23:07
COMPLAINT0001194,ACC0020326,BRW0005897,2026-01-17 17:37:23,HARASSMENT,LOW,OPEN,CALL,2026-02-04 17:37:23
COMPLAINT0001195,ACC0029075,BRW0004044,2026-03-18 19:08:43,HARASSMENT,CRITICAL,OPEN,FIELD,2026-03-20 19:08:43
COMPLAINT0001196,ACC0014673,BRW0004738,2026-06-01 09:20:25,DISPUTE,HIGH,INVESTIGATING,EMAIL,2026-06-19 09:20:25
COMPLAINT0001197,ACC0011940,BRW0005786,2026-07-02 05:51:11,PRIVACY,CRITICAL,INVESTIGATING,WHATSAPP,2026-07-21 05:51:11
COMPLAINT0001198,ACC0025792,BRW0009245,2026-04-13 01:46:52,HARASSMENT,LOW,INVESTIGATING,FIELD,2026-04-14 01:46:52
COMPLAINT0001199,ACC0001560,BRW0007674,2026-03-28 17:42:15,PAYMENT,MEDIUM,RESOLVED,CALL,2026-04-11 17:42:15
COMPLAINT0001200,ACC0023417,BRW0000826,2026-02-11 13:48:59,DND,MEDIUM,INVESTIGATING,WHATSAPP,2026-03-01 13:48:59
COMPLAINT0001201,ACC0011264,BRW0004020,2026-06-27 04:08:42,AGENT_BEHAVIOUR,HIGH,CLOSED,CALL,2026-07-04 04:08:42
COMPLAINT0001202,ACC0014914,BRW0002427,2026-04-02 09:39:17,AGENT_BEHAVIOUR,LOW,RESOLVED,CALL,2026-04-10 09:39:17
COMPLAINT0001203,ACC0013315,BRW0001067,2026-03-08 05:49:26,WRONG_CONTACT,LOW,RESOLVED,WHATSAPP,2026-03-11 05:49:26
COMPLAINT0001204,ACC0002091,BRW0002601,2026-08-04 12:49:36,DISPUTE,HIGH,OPEN,WHATSAPP,2026-08-11 12:49:36
COMPLAINT0001205,ACC0019278,BRW0004544,2026-01-04 03:54:52,HARASSMENT,CRITICAL,OPEN,WHATSAPP,2026-01-14 03:54:52
COMPLAINT0001206,ACC0029248,BRW0006028,2026-05-21 12:07:11,WRONG_CONTACT,LOW,RESOLVED,SMS,2026-05-25 12:07:11
COMPLAINT0001207,ACC0009625,BRW0008262,2026-01-05 04:16:59,DND,MEDIUM,CLOSED,SMS,2026-01-20 04:16:59
COMPLAINT0001208,ACC0027879,BRW0006100,2026-07-13 23:58:47,HARASSMENT,LOW,INVESTIGATING,FIELD,2026-07-19 23:58:47
COMPLAINT0001209,ACC0004820,BRW0011095,2026-05-24 18:51:57,AGENT_BEHAVIOUR,HIGH,CLOSED,EMAIL,2026-05-25 18:51:57
COMPLAINT0001210,ACC0025983,BRW0008690,2026-06-04 08:29:04,PAYMENT,CRITICAL,OPEN,SMS,2026-06-15 08:29:04
COMPLAINT0001211,ACC0028749,BRW0006374,2026-02-05 13:32:18,DISPUTE,CRITICAL,OPEN,CALL,2026-02-08 13:32:18
COMPLAINT0001212,ACC0029850,BRW0009635,2026-01-09 09:48:31,HARASSMENT,CRITICAL,INVESTIGATING,EMAIL,2026-01-24 09:48:31
COMPLAINT0001213,ACC0009462,BRW0008164,2026-06-16 17:52:57,PAYMENT,LOW,OPEN,CALL,2026-06-29 17:52:57
COMPLAINT0001214,ACC0002590,BRW0001348,2026-05-16 03:54:59,PAYMENT,HIGH,CLOSED,EMAIL,2026-05-19 03:54:59
COMPLAINT0001215,ACC0000419,BRW0002591,2026-01-02 15:19:14,HARASSMENT,CRITICAL,OPEN,FIELD,2026-01-21 15:19:14
COMPLAINT0001216,ACC0026476,BRW0009103,2026-06-04 09:12:50,HARASSMENT,LOW,INVESTIGATING,CALL,2026-06-22 09:12:50
COMPLAINT0001217,ACC0009266,BRW0001645,2026-05-04 12:52:36,WRONG_CONTACT,LOW,CLOSED,SMS,2026-05-23 12:52:36
COMPLAINT0001218,ACC0012214,BRW0009801,2026-04-20 00:16:11,DND,MEDIUM,INVESTIGATING,FIELD,2026-05-02 00:16:11
COMPLAINT0001219,ACC0000837,BRW0010379,2026-04-21 10:30:12,AGENT_BEHAVIOUR,HIGH,CLOSED,FIELD,2026-05-09 10:30:12
COMPLAINT0001220,ACC0011040,BRW0008715,2026-01-24 02:25:02,AGENT_BEHAVIOUR,HIGH,CLOSED,CALL,2026-01-28 02:25:02
COMPLAINT0001221,ACC0009789,BRW0007163,2026-04-26 16:46:34,DISPUTE,CRITICAL,CLOSED,WHATSAPP,2026-05-10 16:46:34
COMPLAINT0001222,ACC0006631,BRW0001210,2026-03-24 05:19:11,DND,CRITICAL,CLOSED,CALL,2026-03-29 05:19:11
COMPLAINT0001223,ACC0012711,BRW0010189,2026-02-16 00:24:14,AGENT_BEHAVIOUR,HIGH,CLOSED,CALL,2026-02-20 00:24:14
COMPLAINT0001224,ACC0020406,BRW0007746,2026-06-19 20:55:27,DISPUTE,HIGH,CLOSED,CALL,2026-07-01 20:55:27
COMPLAINT0001225,ACC0000772,BRW0009270,2026-03-22 08:24:56,PAYMENT,MEDIUM,CLOSED,FIELD,2026-04-07 08:24:56
COMPLAINT0001226,ACC0014590,BRW0000710,2026-02-28 22:08:54,AGENT_BEHAVIOUR,HIGH,INVESTIGATING,SMS,2026-03-01 22:08:54
COMPLAINT0001227,ACC0017777,BRW0005844,2026-03-05 23:40:32,AGENT_BEHAVIOUR,MEDIUM,RESOLVED,EMAIL,2026-03-15 23:40:32
COMPLAINT0001228,ACC0010927,BRW0003177,2026-01-06 23:12:54,DND,MEDIUM,OPEN,SMS,2026-01-16 23:12:54
COMPLAINT0001229,ACC0005304,BRW0005032,2026-01-23 11:29:26,PAYMENT,CRITICAL,OPEN,FIELD,2026-02-10 11:29:26
COMPLAINT0001230,ACC0025582,BRW0007110,2026-06-02 09:32:30,DND,CRITICAL,OPEN,CALL,2026-06-08 09:32:30
COMPLAINT0001231,ACC0021416,BRW0005821,2026-02-24 08:46:11,WRONG_CONTACT,CRITICAL,CLOSED,SMS,2026-03-15 08:46:11
COMPLAINT0001232,ACC0018548,BRW0006636,2026-03-27 23:07:03,PRIVACY,LOW,CLOSED,CALL,2026-04-06 23:07:03
COMPLAINT0001233,ACC0011668,BRW0011338,2026-02-23 16:14:21,AGENT_BEHAVIOUR,HIGH,OPEN,SMS,2026-03-06 16:14:21
COMPLAINT0001234,ACC0009554,BRW0007564,2026-07-28 22:38:34,DND,MEDIUM,RESOLVED,WHATSAPP,2026-07-29 22:38:34
COMPLAINT0001235,ACC0020587,BRW0006833,2026-03-11 19:33:19,WRONG_CONTACT,MEDIUM,INVESTIGATING,EMAIL,2026-03-15 19:33:19
COMPLAINT0001236,ACC0010060,BRW0007165,2026-01-13 08:19:49,AGENT_BEHAVIOUR,MEDIUM,CLOSED,FIELD,2026-01-14 08:19:49
COMPLAINT0001237,ACC0023330,BRW0005338,2026-05-29 11:47:11,PAYMENT,LOW,CLOSED,CALL,2026-06-17 11:47:11
COMPLAINT0001238,ACC0026788,BRW0009413,2026-01-09 17:40:56,DND,MEDIUM,INVESTIGATING,FIELD,2026-01-10 17:40:56
COMPLAINT0001239,ACC0024698,BRW0000608,2026-03-15 19:00:30,PAYMENT,MEDIUM,RESOLVED,EMAIL,2026-03-29 19:00:30
COMPLAINT0001240,ACC0012427,BRW0001196,2026-07-01 05:59:47,AGENT_BEHAVIOUR,LOW,RESOLVED,WHATSAPP,2026-07-16 05:59:47
COMPLAINT0001241,ACC0008175,BRW0008539,2026-07-02 09:24:19,AGENT_BEHAVIOUR,HIGH,INVESTIGATING,FIELD,2026-07-11 09:24:19
COMPLAINT0001242,ACC0008046,BRW0007413,2026-06-10 05:53:15,DND,MEDIUM,RESOLVED,CALL,2026-06-22 05:53:15
COMPLAINT0001243,ACC0025685,BRW0004747,2026-06-28 17:47:34,AGENT_BEHAVIOUR,HIGH,OPEN,WHATSAPP,2026-07-01 17:47:34
COMPLAINT0001244,ACC0008578,BRW0010513,2026-02-16 08:06:28,DND,LOW,RESOLVED,EMAIL,2026-02-25 08:06:28
COMPLAINT0001245,ACC0027491,BRW0009630,2026-01-08 22:36:24,DISPUTE,MEDIUM,OPEN,WHATSAPP,2026-01-20 22:36:24
COMPLAINT0001246,ACC0022970,BRW0007381,2026-05-27 22:44:06,PRIVACY,LOW,RESOLVED,WHATSAPP,2026-06-12 22:44:06
COMPLAINT0001247,ACC0012103,BRW0006154,2026-03-01 02:00:02,DND,CRITICAL,RESOLVED,FIELD,2026-03-16 02:00:02
COMPLAINT0001248,ACC0016397,BRW0006147,2026-07-30 06:38:25,HARASSMENT,HIGH,CLOSED,FIELD,2026-08-06 06:38:25
COMPLAINT0001249,ACC0015310,BRW0009602,2026-07-09 22:14:23,HARASSMENT,HIGH,INVESTIGATING,SMS,2026-07-23 22:14:23
COMPLAINT0001250,ACC0006252,BRW0000236,2026-05-02 07:25:47,PAYMENT,LOW,CLOSED,EMAIL,2026-05-14 07:25:47
COMPLAINT0001251,ACC0006694,BRW0003051,2026-06-30 06:19:00,PRIVACY,MEDIUM,OPEN,SMS,2026-07-03 06:19:00
COMPLAINT0001252,ACC0008893,BRW0006585,2026-07-29 10:42:50,HARASSMENT,HIGH,INVESTIGATING,EMAIL,2026-08-17 10:42:50
COMPLAINT0001253,ACC0021842,BRW0011335,2026-05-29 11:03:48,AGENT_BEHAVIOUR,LOW,RESOLVED,EMAIL,2026-06-17 11:03:48
COMPLAINT0001254,ACC0028016,BRW0005376,2026-05-02 05:29:05,DISPUTE,LOW,INVESTIGATING,FIELD,2026-05-19 05:29:05
COMPLAINT0001255,ACC0011145,BRW0004528,2026-03-09 12:57:50,AGENT_BEHAVIOUR,CRITICAL,OPEN,WHATSAPP,2026-03-21 12:57:50
COMPLAINT0001256,ACC0001058,BRW0007975,2026-01-03 18:37:24,DISPUTE,HIGH,CLOSED,EMAIL,2026-01-21 18:37:24
COMPLAINT0001257,ACC0006770,BRW0007206,2026-04-18 22:03:22,WRONG_CONTACT,HIGH,INVESTIGATING,CALL,2026-05-07 22:03:22
COMPLAINT0001258,ACC0006911,BRW0004380,2026-06-22 02:20:28,DISPUTE,MEDIUM,OPEN,WHATSAPP,2026-07-01 02:20:28
COMPLAINT0001259,ACC0027246,BRW0000804,2026-03-13 16:11:28,PAYMENT,MEDIUM,RESOLVED,FIELD,2026-03-21 16:11:28
COMPLAINT0001260,ACC0000831,BRW0001888,2026-07-15 11:13:46,PRIVACY,LOW,OPEN,SMS,2026-07-19 11:13:46
COMPLAINT0001261,ACC0029786,BRW0004598,2026-01-17 18:12:44,PAYMENT,MEDIUM,OPEN,CALL,2026-01-31 18:12:44
COMPLAINT0001262,ACC0026805,BRW0006535,2026-04-03 06:57:05,PRIVACY,HIGH,INVESTIGATING,SMS,2026-04-17 06:57:05
COMPLAINT0001263,ACC0000284,BRW0002451,2026-04-21 18:36:55,PAYMENT,MEDIUM,OPEN,FIELD,2026-04-26 18:36:55
COMPLAINT0001264,ACC0011028,BRW0009983,2026-06-23 14:27:47,DISPUTE,LOW,INVESTIGATING,CALL,2026-07-03 14:27:47
COMPLAINT0001265,ACC0011213,BRW0000283,2026-03-24 13:45:00,PRIVACY,LOW,OPEN,EMAIL,2026-04-04 13:45:00
COMPLAINT0001266,ACC0007592,BRW0010896,2026-01-25 17:03:27,PAYMENT,LOW,INVESTIGATING,WHATSAPP,2026-01-28 17:03:27
COMPLAINT0001267,ACC0021129,BRW0011212,2026-07-15 09:46:45,DND,HIGH,CLOSED,CALL,2026-08-02 09:46:45
COMPLAINT0001268,ACC0010018,BRW0000693,2026-04-23 02:01:04,AGENT_BEHAVIOUR,HIGH,RESOLVED,WHATSAPP,2026-04-28 02:01:04
COMPLAINT0001269,ACC0010069,BRW0011906,2026-07-11 08:02:08,PAYMENT,CRITICAL,CLOSED,FIELD,2026-07-26 08:02:08
COMPLAINT0001270,ACC0013609,BRW0006198,2026-05-01 04:09:43,PAYMENT,HIGH,RESOLVED,EMAIL,2026-05-19 04:09:43
COMPLAINT0001271,ACC0006021,BRW0010614,2026-03-23 14:01:00,HARASSMENT,LOW,INVESTIGATING,FIELD,2026-04-07 14:01:00
COMPLAINT0001272,ACC0029381,BRW0001908,2026-06-06 14:11:10,PAYMENT,MEDIUM,RESOLVED,EMAIL,2026-06-22 14:11:10
COMPLAINT0001273,ACC0019834,BRW0005593,2026-06-10 21:07:35,DND,MEDIUM,OPEN,WHATSAPP,2026-06-20 21:07:35
COMPLAINT0001274,ACC0007622,BRW0010556,2026-07-13 08:25:42,PAYMENT,CRITICAL,INVESTIGATING,FIELD,2026-07-23 08:25:42
COMPLAINT0001275,ACC0002005,BRW0007717,2026-06-18 01:38:25,HARASSMENT,HIGH,INVESTIGATING,EMAIL,2026-06-20 01:38:25
COMPLAINT0001276,ACC0016823,BRW0000049,2026-02-06 09:42:14,AGENT_BEHAVIOUR,LOW,OPEN,CALL,2026-02-09 09:42:14
COMPLAINT0001277,ACC0003841,BRW0009850,2026-02-17 01:17:04,WRONG_CONTACT,CRITICAL,INVESTIGATING,WHATSAPP,2026-02-18 01:17:04
COMPLAINT0001278,ACC0029551,BRW0011805,2026-04-18 06:07:31,PRIVACY,MEDIUM,RESOLVED,CALL,2026-05-04 06:07:31
COMPLAINT0001279,ACC0009480,BRW0005777,2026-04-29 16:07:08,PRIVACY,HIGH,RESOLVED,FIELD,2026-05-03 16:07:08
COMPLAINT0001280,ACC0029027,BRW0005172,2026-01-10 16:13:41,AGENT_BEHAVIOUR,LOW,INVESTIGATING,EMAIL,2026-01-19 16:13:41
COMPLAINT0001281,ACC0027470,BRW0004847,2026-01-11 12:37:30,DISPUTE,MEDIUM,CLOSED,WHATSAPP,2026-01-14 12:37:30
COMPLAINT0001282,ACC0024200,BRW0008776,2026-04-07 15:27:25,PAYMENT,MEDIUM,CLOSED,SMS,2026-04-20 15:27:25
COMPLAINT0001283,ACC0024359,BRW0011899,2026-02-04 04:55:40,DISPUTE,HIGH,RESOLVED,CALL,2026-02-06 04:55:40
COMPLAINT0001284,ACC0000259,BRW0001961,2026-03-18 17:56:22,PRIVACY,MEDIUM,INVESTIGATING,WHATSAPP,2026-04-03 17:56:22
COMPLAINT0001285,ACC0003160,BRW0001901,2026-02-17 04:28:21,WRONG_CONTACT,HIGH,INVESTIGATING,FIELD,2026-02-23 04:28:21
COMPLAINT0001286,ACC0021766,BRW0000899,2026-04-18 13:02:01,DISPUTE,CRITICAL,INVESTIGATING,SMS,2026-05-06 13:02:01
COMPLAINT0001287,ACC0027509,BRW0008939,2026-06-23 18:39:18,AGENT_BEHAVIOUR,LOW,INVESTIGATING,SMS,2026-07-05 18:39:18
COMPLAINT0001288,ACC0016331,BRW0004755,2026-01-14 22:14:20,AGENT_BEHAVIOUR,CRITICAL,INVESTIGATING,FIELD,2026-01-31 22:14:20
COMPLAINT0001289,ACC0022479,BRW0010313,2026-06-23 22:10:32,DND,CRITICAL,CLOSED,FIELD,2026-06-27 22:10:32
COMPLAINT0001290,ACC0024986,BRW0000034,2026-01-12 10:22:55,WRONG_CONTACT,HIGH,OPEN,SMS,2026-01-21 10:22:55
COMPLAINT0001291,ACC0019396,BRW0011565,2026-04-12 06:49:08,HARASSMENT,CRITICAL,OPEN,FIELD,2026-04-28 06:49:08
COMPLAINT0001292,ACC0026513,BRW0007885,2026-01-30 16:12:35,HARASSMENT,HIGH,OPEN,SMS,2026-02-15 16:12:35
COMPLAINT0001293,ACC0019187,BRW0003310,2026-01-02 10:50:20,PAYMENT,LOW,OPEN,SMS,2026-01-18 10:50:20
COMPLAINT0001294,ACC0029809,BRW0001693,2026-07-07 09:28:05,PRIVACY,CRITICAL,OPEN,EMAIL,2026-07-12 09:28:05
COMPLAINT0001295,ACC0015730,BRW0001205,2026-03-10 19:48:16,HARASSMENT,HIGH,RESOLVED,CALL,2026-03-25 19:48:16
COMPLAINT0001296,ACC0009796,BRW0004747,2026-07-16 17:13:15,HARASSMENT,LOW,INVESTIGATING,WHATSAPP,2026-07-23 17:13:15
COMPLAINT0001297,ACC0011955,BRW0006331,2026-05-31 04:49:54,DND,CRITICAL,OPEN,SMS,2026-06-01 04:49:54
COMPLAINT0001298,ACC0011427,BRW0011813,2026-06-24 10:20:39,DND,LOW,OPEN,EMAIL,2026-06-29 10:20:39
COMPLAINT0001299,ACC0025726,BRW0006960,2026-04-01 08:59:47,HARASSMENT,MEDIUM,OPEN,WHATSAPP,2026-04-05 08:59:47
COMPLAINT0001300,ACC0017908,BRW0003079,2026-01-27 07:43:04,DND,MEDIUM,CLOSED,FIELD,2026-01-31 07:43:04
COMPLAINT0001301,ACC0007315,BRW0008596,2026-01-02 10:37:30,WRONG_CONTACT,CRITICAL,OPEN,CALL,2026-01-20 10:37:30
COMPLAINT0001302,ACC0006025,BRW0007661,2026-04-25 12:49:37,DND,CRITICAL,CLOSED,FIELD,2026-04-28 12:49:37
COMPLAINT0001303,ACC0008628,BRW0003249,2026-06-16 07:32:28,HARASSMENT,MEDIUM,CLOSED,WHATSAPP,2026-07-05 07:32:28
COMPLAINT0001304,ACC0026732,BRW0006960,2026-04-05 13:52:45,DND,LOW,CLOSED,WHATSAPP,2026-04-10 13:52:45
COMPLAINT0001305,ACC0012296,BRW0008765,2026-05-25 17:14:02,WRONG_CONTACT,LOW,CLOSED,CALL,2026-06-12 17:14:02
COMPLAINT0001306,ACC0023842,BRW0003257,2026-06-27 13:47:45,PAYMENT,LOW,INVESTIGATING,FIELD,2026-07-08 13:47:45
COMPLAINT0001307,ACC0019123,BRW0010654,2026-06-03 22:06:44,HARASSMENT,LOW,INVESTIGATING,CALL,2026-06-19 22:06:44
COMPLAINT0001308,ACC0025847,BRW0009923,2026-07-30 15:10:15,PAYMENT,CRITICAL,RESOLVED,EMAIL,2026-08-11 15:10:15
COMPLAINT0001309,ACC0002265,BRW0010225,2026-04-23 18:08:44,DND,CRITICAL,OPEN,EMAIL,2026-05-09 18:08:44
COMPLAINT0001310,ACC0025258,BRW0000934,2026-03-23 16:32:20,WRONG_CONTACT,MEDIUM,OPEN,CALL,2026-03-27 16:32:20
COMPLAINT0001311,ACC0026912,BRW0004609,2026-08-07 02:10:10,DISPUTE,MEDIUM,OPEN,CALL,2026-08-22 02:10:10
COMPLAINT0001312,ACC0026860,BRW0004161,2026-05-06 17:41:32,PRIVACY,LOW,OPEN,EMAIL,2026-05-25 17:41:32
COMPLAINT0001313,ACC0000793,BRW0001183,2026-03-29 10:30:29,DISPUTE,HIGH,INVESTIGATING,FIELD,2026-04-12 10:30:29
COMPLAINT0001314,ACC0014202,BRW0001777,2026-08-07 23:46:53,DND,HIGH,CLOSED,CALL,2026-08-12 23:46:53
COMPLAINT0001315,ACC0028775,BRW0011179,2026-07-15 12:33:30,WRONG_CONTACT,MEDIUM,INVESTIGATING,WHATSAPP,2026-07-26 12:33:30
COMPLAINT0001316,ACC0000643,BRW0000678,2026-06-30 16:27:44,PRIVACY,CRITICAL,RESOLVED,EMAIL,2026-07-10 16:27:44
COMPLAINT0001317,ACC0015147,BRW0011273,2026-02-16 05:35:37,WRONG_CONTACT,MEDIUM,CLOSED,SMS,2026-03-03 05:35:37
COMPLAINT0001318,ACC0029678,BRW0008262,2026-04-25 22:54:20,HARASSMENT,CRITICAL,CLOSED,SMS,2026-05-06 22:54:20
COMPLAINT0001319,ACC0028603,BRW0001300,2026-05-19 01:02:23,AGENT_BEHAVIOUR,MEDIUM,CLOSED,EMAIL,2026-06-07 01:02:23
COMPLAINT0001320,ACC0005462,BRW0003395,2026-03-31 10:26:23,PRIVACY,CRITICAL,OPEN,CALL,2026-04-09 10:26:23
COMPLAINT0001321,ACC0008720,BRW0004703,2026-02-06 09:33:35,WRONG_CONTACT,CRITICAL,OPEN,EMAIL,2026-02-09 09:33:35
COMPLAINT0001322,ACC0012539,BRW0011639,2026-05-29 13:19:13,WRONG_CONTACT,MEDIUM,INVESTIGATING,WHATSAPP,2026-05-30 13:19:13
COMPLAINT0001323,ACC0009412,BRW0007773,2026-07-20 11:18:14,PAYMENT,HIGH,RESOLVED,CALL,2026-07-31 11:18:14
COMPLAINT0001324,ACC0018465,BRW0006125,2026-05-08 12:14:29,DND,LOW,INVESTIGATING,SMS,2026-05-17 12:14:29
COMPLAINT0001325,ACC0026450,BRW0008586,2026-02-21 18:16:16,PRIVACY,LOW,OPEN,EMAIL,2026-03-05 18:16:16
COMPLAINT0001326,ACC0000461,BRW0007527,2026-03-25 18:00:29,DISPUTE,MEDIUM,RESOLVED,FIELD,2026-04-13 18:00:29
COMPLAINT0001327,ACC0013634,BRW0000594,2026-03-25 02:24:50,HARASSMENT,CRITICAL,OPEN,FIELD,2026-04-01 02:24:50
COMPLAINT0001328,ACC0024391,BRW0008059,2026-05-31 02:39:45,PRIVACY,MEDIUM,OPEN,SMS,2026-06-08 02:39:45
COMPLAINT0001329,ACC0029029,BRW0002433,2026-05-12 03:13:39,DND,HIGH,CLOSED,FIELD,2026-05-15 03:13:39
COMPLAINT0001330,ACC0001416,BRW0000523,2026-05-29 07:01:14,WRONG_CONTACT,CRITICAL,INVESTIGATING,FIELD,2026-05-31 07:01:14
COMPLAINT0001331,ACC0011206,BRW0001661,2026-03-15 15:10:22,PRIVACY,CRITICAL,CLOSED,CALL,2026-04-01 15:10:22
COMPLAINT0001332,ACC0028626,BRW0010101,2026-04-10 03:06:30,PRIVACY,HIGH,OPEN,WHATSAPP,2026-04-17 03:06:30
COMPLAINT0001333,ACC0021154,BRW0002097,2026-06-08 03:52:44,HARASSMENT,LOW,INVESTIGATING,WHATSAPP,2026-06-14 03:52:44
COMPLAINT0001334,ACC0005820,BRW0000345,2026-05-09 03:27:32,DISPUTE,LOW,RESOLVED,WHATSAPP,2026-05-17 03:27:32
COMPLAINT0001335,ACC0014988,BRW0002704,2026-05-30 19:17:28,WRONG_CONTACT,CRITICAL,RESOLVED,FIELD,2026-06-09 19:17:28
COMPLAINT0001336,ACC0023100,BRW0004021,2026-03-30 00:43:47,WRONG_CONTACT,LOW,RESOLVED,FIELD,2026-04-15 00:43:47
COMPLAINT0001337,ACC0002312,BRW0004560,2026-01-25 21:10:34,AGENT_BEHAVIOUR,HIGH,RESOLVED,WHATSAPP,2026-02-11 21:10:34
COMPLAINT0001338,ACC0005016,BRW0010129,2026-05-24 07:06:13,DISPUTE,HIGH,INVESTIGATING,SMS,2026-06-02 07:06:13
COMPLAINT0001339,ACC0008987,BRW0007510,2026-02-06 12:27:15,DND,LOW,CLOSED,CALL,2026-02-20 12:27:15
COMPLAINT0001340,ACC0009494,BRW0008621,2026-03-08 03:49:30,PAYMENT,CRITICAL,OPEN,WHATSAPP,2026-03-24 03:49:30
COMPLAINT0001341,ACC0021447,BRW0008870,2026-03-27 21:35:51,DISPUTE,CRITICAL,CLOSED,EMAIL,2026-03-29 21:35:51
COMPLAINT0001342,ACC0021906,BRW0006616,2026-04-24 01:57:33,WRONG_CONTACT,LOW,CLOSED,CALL,2026-04-26 01:57:33
COMPLAINT0001343,ACC0004790,BRW0001421,2026-01-20 07:28:23,PAYMENT,HIGH,CLOSED,FIELD,2026-02-02 07:28:23
COMPLAINT0001344,ACC0021638,BRW0003103,2026-02-06 19:00:16,DND,CRITICAL,RESOLVED,FIELD,2026-02-09 19:00:16
COMPLAINT0001345,ACC0026727,BRW0011972,2026-01-14 21:30:45,AGENT_BEHAVIOUR,MEDIUM,CLOSED,FIELD,2026-01-16 21:30:45
COMPLAINT0001346,ACC0009049,BRW0007756,2026-06-03 17:15:21,PRIVACY,HIGH,CLOSED,CALL,2026-06-13 17:15:21
COMPLAINT0001347,ACC0005289,BRW0007599,2026-05-22 12:53:07,AGENT_BEHAVIOUR,LOW,CLOSED,EMAIL,2026-06-01 12:53:07
COMPLAINT0001348,ACC0019574,BRW0008588,2026-01-19 01:33:39,PRIVACY,MEDIUM,RESOLVED,SMS,2026-01-25 01:33:39
COMPLAINT0001349,ACC0000595,BRW0006079,2026-06-25 16:11:34,WRONG_CONTACT,LOW,OPEN,CALL,2026-07-02 16:11:34
COMPLAINT0001350,ACC0029548,BRW0002659,2026-07-22 22:57:10,DND,MEDIUM,OPEN,WHATSAPP,2026-07-31 22:57:10
COMPLAINT0001351,ACC0002640,BRW0010578,2026-07-22 09:16:14,HARASSMENT,MEDIUM,INVESTIGATING,EMAIL,2026-08-07 09:16:14
COMPLAINT0001352,ACC0008325,BRW0004917,2026-06-01 17:02:26,DND,MEDIUM,INVESTIGATING,WHATSAPP,2026-06-14 17:02:26
COMPLAINT0001353,ACC0029956,BRW0000737,2026-04-30 23:47:34,HARASSMENT,MEDIUM,OPEN,EMAIL,2026-05-04 23:47:34
COMPLAINT0001354,ACC0002936,BRW0005100,2026-05-19 08:38:31,DND,CRITICAL,RESOLVED,SMS,2026-06-06 08:38:31
COMPLAINT0001355,ACC0018044,BRW0006812,2026-07-06 14:11:43,DND,HIGH,CLOSED,SMS,2026-07-23 14:11:43
COMPLAINT0001356,ACC0015888,BRW0005044,2026-07-21 11:40:00,PAYMENT,LOW,CLOSED,SMS,2026-07-29 11:40:00
COMPLAINT0001357,ACC0019564,BRW0007640,2026-01-08 15:29:59,PAYMENT,CRITICAL,CLOSED,SMS,2026-01-20 15:29:59
COMPLAINT0001358,ACC0009777,BRW0010342,2026-08-04 14:37:50,DISPUTE,MEDIUM,OPEN,SMS,2026-08-17 14:37:50
COMPLAINT0001359,ACC0001786,BRW0008757,2026-07-17 12:43:21,AGENT_BEHAVIOUR,LOW,OPEN,WHATSAPP,2026-07-28 12:43:21
COMPLAINT0001360,ACC0006270,BRW0002645,2026-03-04 02:20:23,HARASSMENT,MEDIUM,RESOLVED,SMS,2026-03-07 02:20:23
COMPLAINT0001361,ACC0011716,BRW0005359,2026-04-30 00:28:26,DISPUTE,LOW,OPEN,FIELD,2026-05-08 00:28:26
COMPLAINT0001362,ACC0000345,BRW0000867,2026-02-15 07:23:52,HARASSMENT,CRITICAL,INVESTIGATING,SMS,2026-02-18 07:23:52
COMPLAINT0001363,ACC0019262,BRW0005135,2026-02-16 17:55:55,PRIVACY,CRITICAL,OPEN,SMS,2026-02-19 17:55:55
COMPLAINT0001364,ACC0029696,BRW0005807,2026-04-13 07:03:49,PAYMENT,LOW,CLOSED,WHATSAPP,2026-04-30 07:03:49
COMPLAINT0001365,ACC0020315,BRW0011596,2026-04-28 14:55:44,AGENT_BEHAVIOUR,MEDIUM,OPEN,CALL,2026-04-30 14:55:44
COMPLAINT0001366,ACC0007189,BRW0003539,2026-05-18 09:41:21,HARASSMENT,CRITICAL,INVESTIGATING,SMS,2026-06-05 09:41:21
COMPLAINT0001367,ACC0015004,BRW0005217,2026-04-30 10:43:32,HARASSMENT,CRITICAL,CLOSED,SMS,2026-05-08 10:43:32
COMPLAINT0001368,ACC0022526,BRW0000408,2026-08-08 00:53:12,PRIVACY,MEDIUM,CLOSED,EMAIL,2026-08-14 00:53:12
COMPLAINT0001369,ACC0020562,BRW0007815,2026-05-14 22:34:28,PAYMENT,LOW,OPEN,WHATSAPP,2026-05-31 22:34:28
COMPLAINT0001370,ACC0018503,BRW0000051,2026-08-03 21:19:41,WRONG_CONTACT,MEDIUM,INVESTIGATING,WHATSAPP,2026-08-19 21:19:41
COMPLAINT0001371,ACC0018862,BRW0001318,2026-05-07 23:06:21,PRIVACY,HIGH,INVESTIGATING,EMAIL,2026-05-09 23:06:21
COMPLAINT0001372,ACC0010019,BRW0004289,2026-05-12 11:20:09,DISPUTE,LOW,CLOSED,WHATSAPP,2026-05-14 11:20:09
COMPLAINT0001373,ACC0007485,BRW0004604,2026-02-14 01:41:53,WRONG_CONTACT,HIGH,CLOSED,SMS,2026-02-25 01:41:53
COMPLAINT0001374,ACC0027794,BRW0007064,2026-06-12 21:52:36,DISPUTE,HIGH,CLOSED,WHATSAPP,2026-06-16 21:52:36
COMPLAINT0001375,ACC0006010,BRW0008062,2026-07-07 05:00:26,PRIVACY,MEDIUM,INVESTIGATING,FIELD,2026-07-20 05:00:26
COMPLAINT0001376,ACC0027857,BRW0004339,2026-01-22 20:54:39,PRIVACY,LOW,OPEN,WHATSAPP,2026-02-06 20:54:39
COMPLAINT0001377,ACC0006188,BRW0006435,2026-01-24 06:41:19,PAYMENT,LOW,INVESTIGATING,FIELD,2026-01-25 06:41:19
COMPLAINT0001378,ACC0004291,BRW0009666,2026-03-04 15:25:51,PRIVACY,MEDIUM,RESOLVED,FIELD,2026-03-13 15:25:51
COMPLAINT0001379,ACC0002065,BRW0006742,2026-08-06 03:41:55,WRONG_CONTACT,CRITICAL,RESOLVED,SMS,2026-08-12 03:41:55
COMPLAINT0001380,ACC0002688,BRW0002162,2026-02-06 10:44:39,HARASSMENT,MEDIUM,CLOSED,CALL,2026-02-10 10:44:39
COMPLAINT0001381,ACC0019316,BRW0008655,2026-07-21 16:21:04,HARASSMENT,LOW,OPEN,WHATSAPP,2026-08-01 16:21:04
COMPLAINT0001382,ACC0004971,BRW0008613,2026-04-16 20:33:22,PRIVACY,CRITICAL,CLOSED,EMAIL,2026-04-17 20:33:22
COMPLAINT0001383,ACC0009543,BRW0011142,2026-06-22 00:27:31,HARASSMENT,LOW,CLOSED,SMS,2026-06-23 00:27:31
COMPLAINT0001384,ACC0002166,BRW0000769,2026-04-13 21:37:01,PRIVACY,MEDIUM,RESOLVED,EMAIL,2026-04-14 21:37:01
COMPLAINT0001385,ACC0006250,BRW0009872,2026-05-29 02:32:19,DND,LOW,OPEN,EMAIL,2026-06-02 02:32:19
COMPLAINT0001386,ACC0022467,BRW0009685,2026-06-15 22:08:33,DISPUTE,LOW,OPEN,FIELD,2026-06-24 22:08:33
COMPLAINT0001387,ACC0014354,BRW0000220,2026-07-15 10:22:53,DISPUTE,LOW,OPEN,WHATSAPP,2026-07-22 10:22:53
COMPLAINT0001388,ACC0024928,BRW0005137,2026-07-15 23:41:15,HARASSMENT,MEDIUM,CLOSED,SMS,2026-07-24 23:41:15
COMPLAINT0001389,ACC0023540,BRW0001915,2026-01-07 11:21:12,HARASSMENT,HIGH,RESOLVED,EMAIL,2026-01-12 11:21:12
COMPLAINT0001390,ACC0022561,BRW0011482,2026-02-23 16:51:18,WRONG_CONTACT,HIGH,CLOSED,FIELD,2026-03-12 16:51:18
COMPLAINT0001391,ACC0006820,BRW0006737,2026-03-05 18:10:09,PAYMENT,CRITICAL,INVESTIGATING,SMS,2026-03-18 18:10:09
COMPLAINT0001392,ACC0025142,BRW0009536,2026-07-19 13:20:16,HARASSMENT,HIGH,CLOSED,SMS,2026-07-24 13:20:16
COMPLAINT0001393,ACC0026430,BRW0006538,2026-08-03 17:55:15,HARASSMENT,HIGH,RESOLVED,SMS,2026-08-21 17:55:15
COMPLAINT0001394,ACC0007355,BRW0008325,2026-08-07 09:38:43,DISPUTE,HIGH,CLOSED,EMAIL,2026-08-20 09:38:43
COMPLAINT0001395,ACC0029174,BRW0001013,2026-05-14 22:41:01,DND,MEDIUM,OPEN,SMS,2026-05-19 22:41:01
COMPLAINT0001396,ACC0011131,BRW0003837,2026-05-08 14:01:43,DND,CRITICAL,OPEN,CALL,2026-05-22 14:01:43
COMPLAINT0001397,ACC0021082,BRW0001207,2026-02-16 00:00:56,HARASSMENT,CRITICAL,OPEN,SMS,2026-03-02 00:00:56
COMPLAINT0001398,ACC0003897,BRW0009001,2026-05-20 22:34:41,WRONG_CONTACT,LOW,OPEN,SMS,2026-05-27 22:34:41
COMPLAINT0001399,ACC0002362,BRW0008792,2026-01-28 11:14:47,DISPUTE,HIGH,RESOLVED,CALL,2026-02-02 11:14:47
COMPLAINT0001400,ACC0029050,BRW0010795,2026-08-03 16:35:49,WRONG_CONTACT,CRITICAL,RESOLVED,FIELD,2026-08-07 16:35:49
COMPLAINT0001401,ACC0011512,BRW0005696,2026-07-13 16:41:49,HARASSMENT,MEDIUM,RESOLVED,WHATSAPP,2026-07-18 16:41:49
COMPLAINT0001402,ACC0010162,BRW0003980,2026-01-14 22:09:43,PRIVACY,CRITICAL,CLOSED,EMAIL,2026-01-24 22:09:43
COMPLAINT0001403,ACC0005471,BRW0003623,2026-03-15 14:31:08,PRIVACY,MEDIUM,OPEN,EMAIL,2026-03-23 14:31:08
COMPLAINT0001404,ACC0022655,BRW0000214,2026-02-23 19:31:10,AGENT_BEHAVIOUR,CRITICAL,OPEN,FIELD,2026-02-28 19:31:10
COMPLAINT0001405,ACC0009123,BRW0004527,2026-02-20 17:23:39,DND,MEDIUM,RESOLVED,FIELD,2026-03-06 17:23:39
COMPLAINT0001406,ACC0022470,BRW0009276,2026-04-03 23:11:46,DND,CRITICAL,CLOSED,EMAIL,2026-04-15 23:11:46
COMPLAINT0001407,ACC0025026,BRW0011379,2026-06-11 03:16:20,PRIVACY,LOW,OPEN,WHATSAPP,2026-06-27 03:16:20
COMPLAINT0001408,ACC0007832,BRW0000529,2026-07-05 19:40:22,DND,HIGH,INVESTIGATING,SMS,2026-07-18 19:40:22
COMPLAINT0001409,ACC0012143,BRW0005132,2026-04-26 16:31:34,HARASSMENT,LOW,CLOSED,FIELD,2026-05-10 16:31:34
COMPLAINT0001410,ACC0009559,BRW0000310,2026-02-08 17:19:52,HARASSMENT,LOW,OPEN,CALL,2026-02-20 17:19:52
COMPLAINT0001411,ACC0009942,BRW0006664,2026-04-15 08:28:37,HARASSMENT,MEDIUM,INVESTIGATING,EMAIL,2026-04-26 08:28:37
COMPLAINT0001412,ACC0013166,BRW0002258,2026-06-25 18:40:28,DISPUTE,LOW,CLOSED,EMAIL,2026-07-06 18:40:28
COMPLAINT0001413,ACC0014920,BRW0007924,2026-01-26 06:13:30,PAYMENT,CRITICAL,RESOLVED,CALL,2026-02-01 06:13:30
COMPLAINT0001414,ACC0005802,BRW0010450,2026-01-25 13:58:22,AGENT_BEHAVIOUR,CRITICAL,INVESTIGATING,WHATSAPP,2026-02-12 13:58:22
COMPLAINT0001415,ACC0000470,BRW0000604,2026-01-06 21:37:59,DND,HIGH,RESOLVED,SMS,2026-01-15 21:37:59
COMPLAINT0001416,ACC0012046,BRW0008798,2026-06-29 12:58:35,HARASSMENT,CRITICAL,INVESTIGATING,SMS,2026-07-18 12:58:35
COMPLAINT0001417,ACC0029799,BRW0007775,2026-01-30 09:07:19,DISPUTE,HIGH,OPEN,CALL,2026-02-16 09:07:19
COMPLAINT0001418,ACC0007678,BRW0000508,2026-05-12 22:26:39,PRIVACY,HIGH,OPEN,WHATSAPP,2026-05-29 22:26:39
COMPLAINT0001419,ACC0023993,BRW0011893,2026-04-21 21:43:34,AGENT_BEHAVIOUR,LOW,INVESTIGATING,CALL,2026-05-02 21:43:34
COMPLAINT0001420,ACC0022521,BRW0008008,2026-01-19 20:44:30,DISPUTE,LOW,INVESTIGATING,SMS,2026-01-21 20:44:30
COMPLAINT0001421,ACC0028095,BRW0006285,2026-02-12 09:47:26,AGENT_BEHAVIOUR,HIGH,OPEN,CALL,2026-02-26 09:47:26
COMPLAINT0001422,ACC0014561,BRW0010350,2026-02-23 08:25:39,AGENT_BEHAVIOUR,HIGH,CLOSED,FIELD,2026-03-08 08:25:39
COMPLAINT0001423,ACC0015191,BRW0002119,2026-07-31 18:12:40,HARASSMENT,LOW,CLOSED,SMS,2026-08-18 18:12:40
COMPLAINT0001424,ACC0021524,BRW0009370,2026-01-15 10:58:23,WRONG_CONTACT,CRITICAL,CLOSED,CALL,2026-02-03 10:58:23
COMPLAINT0001425,ACC0028484,BRW0002010,2026-04-11 04:22:00,PRIVACY,CRITICAL,RESOLVED,FIELD,2026-04-30 04:22:00
COMPLAINT0001426,ACC0009141,BRW0000382,2026-03-23 03:54:01,HARASSMENT,MEDIUM,OPEN,FIELD,2026-03-31 03:54:01
COMPLAINT0001427,ACC0017732,BRW0007701,2026-04-09 23:36:40,DND,LOW,OPEN,FIELD,2026-04-17 23:36:40
COMPLAINT0001428,ACC0016294,BRW0011263,2026-07-29 23:58:31,DISPUTE,LOW,INVESTIGATING,CALL,2026-08-08 23:58:31
COMPLAINT0001429,ACC0021416,BRW0007814,2026-03-06 15:06:57,DND,HIGH,CLOSED,FIELD,2026-03-16 15:06:57
COMPLAINT0001430,ACC0013931,BRW0008597,2026-02-15 20:36:59,DND,HIGH,INVESTIGATING,CALL,2026-03-03 20:36:59
COMPLAINT0001431,ACC0011033,BRW0004398,2026-04-03 10:11:05,PRIVACY,MEDIUM,CLOSED,FIELD,2026-04-07 10:11:05
COMPLAINT0001432,ACC0025671,BRW0010120,2026-02-13 11:23:49,PRIVACY,CRITICAL,INVESTIGATING,CALL,2026-03-04 11:23:49
COMPLAINT0001433,ACC0025699,BRW0000213,2026-01-21 12:44:11,PRIVACY,HIGH,CLOSED,EMAIL,2026-01-30 12:44:11
COMPLAINT0001434,ACC0022071,BRW0009763,2026-01-03 20:58:41,PRIVACY,HIGH,RESOLVED,FIELD,2026-01-09 20:58:41
COMPLAINT0001435,ACC0024655,BRW0010902,2026-07-26 13:20:21,DND,MEDIUM,CLOSED,SMS,2026-08-12 13:20:21
COMPLAINT0001436,ACC0028895,BRW0009440,2026-05-23 12:21:59,DISPUTE,CRITICAL,RESOLVED,WHATSAPP,2026-05-29 12:21:59
COMPLAINT0001437,ACC0004564,BRW0002161,2026-04-22 11:40:54,DND,HIGH,RESOLVED,FIELD,2026-05-04 11:40:54
COMPLAINT0001438,ACC0029302,BRW0003414,2026-04-02 05:35:44,PAYMENT,MEDIUM,CLOSED,SMS,2026-04-04 05:35:44
COMPLAINT0001439,ACC0005289,BRW0004635,2026-03-15 05:27:37,WRONG_CONTACT,CRITICAL,RESOLVED,WHATSAPP,2026-04-02 05:27:37
COMPLAINT0001440,ACC0013975,BRW0001451,2026-05-02 11:48:42,PAYMENT,CRITICAL,OPEN,FIELD,2026-05-07 11:48:42
COMPLAINT0001441,ACC0013200,BRW0009013,2026-06-08 16:08:25,HARASSMENT,HIGH,INVESTIGATING,EMAIL,2026-06-27 16:08:25
COMPLAINT0001442,ACC0019165,BRW0010567,2026-02-28 12:02:35,PRIVACY,MEDIUM,OPEN,CALL,2026-03-18 12:02:35
COMPLAINT0001443,ACC0023346,BRW0005309,2026-06-15 04:55:00,WRONG_CONTACT,LOW,RESOLVED,FIELD,2026-06-17 04:55:00
COMPLAINT0001444,ACC0026587,BRW0011655,2026-03-17 11:08:18,PRIVACY,CRITICAL,RESOLVED,EMAIL,2026-04-01 11:08:18
COMPLAINT0001445,ACC0021006,BRW0001939,2026-01-01 18:49:07,DISPUTE,LOW,RESOLVED,WHATSAPP,2026-01-08 18:49:07
COMPLAINT0001446,ACC0017090,BRW0010299,2026-06-22 18:11:36,AGENT_BEHAVIOUR,CRITICAL,OPEN,FIELD,2026-06-30 18:11:36
COMPLAINT0001447,ACC0018773,BRW0000283,2026-01-17 21:26:48,HARASSMENT,CRITICAL,INVESTIGATING,CALL,2026-01-31 21:26:48
COMPLAINT0001448,ACC0013221,BRW0001426,2026-06-22 15:32:17,DISPUTE,HIGH,INVESTIGATING,SMS,2026-07-03 15:32:17
COMPLAINT0001449,ACC0021491,BRW0005185,2026-07-31 22:55:07,DND,LOW,INVESTIGATING,SMS,2026-08-11 22:55:07
COMPLAINT0001450,ACC0017434,BRW0000969,2026-06-13 12:28:14,PRIVACY,LOW,INVESTIGATING,CALL,2026-06-25 12:28:14
COMPLAINT0001451,ACC0014233,BRW0007295,2026-03-10 10:20:51,WRONG_CONTACT,LOW,INVESTIGATING,FIELD,2026-03-25 10:20:51
COMPLAINT0001452,ACC0012176,BRW0011104,2026-01-16 04:42:33,WRONG_CONTACT,CRITICAL,CLOSED,SMS,2026-01-20 04:42:33
COMPLAINT0001453,ACC0017464,BRW0003798,2026-06-12 04:20:53,HARASSMENT,MEDIUM,CLOSED,SMS,2026-06-27 04:20:53
COMPLAINT0001454,ACC0025899,BRW0006865,2026-08-03 15:05:32,PAYMENT,LOW,OPEN,CALL,2026-08-16 15:05:32
COMPLAINT0001455,ACC0022421,BRW0011391,2026-06-20 16:20:33,DND,CRITICAL,INVESTIGATING,FIELD,2026-06-23 16:20:33
COMPLAINT0001456,ACC0007841,BRW0008606,2026-03-03 15:20:31,AGENT_BEHAVIOUR,HIGH,OPEN,CALL,2026-03-12 15:20:31
COMPLAINT0001457,ACC0006700,BRW0001152,2026-06-02 04:22:06,DISPUTE,LOW,RESOLVED,SMS,2026-06-18 04:22:06
COMPLAINT0001458,ACC0005341,BRW0008830,2026-07-20 17:37:23,PRIVACY,CRITICAL,CLOSED,EMAIL,2026-08-05 17:37:23
COMPLAINT0001459,ACC0001583,BRW0001871,2026-06-02 13:33:24,WRONG_CONTACT,HIGH,RESOLVED,CALL,2026-06-12 13:33:24
COMPLAINT0001460,ACC0011088,BRW0004725,2026-04-17 03:54:51,DISPUTE,CRITICAL,CLOSED,SMS,2026-04-19 03:54:51
COMPLAINT0001461,ACC0004440,BRW0007236,2026-01-06 10:30:51,DND,LOW,INVESTIGATING,SMS,2026-01-14 10:30:51
COMPLAINT0001462,ACC0002764,BRW0004033,2026-07-26 20:45:50,DND,HIGH,CLOSED,FIELD,2026-08-09 20:45:50
COMPLAINT0001463,ACC0024138,BRW0003727,2026-01-10 15:28:00,AGENT_BEHAVIOUR,HIGH,CLOSED,CALL,2026-01-17 15:28:00
COMPLAINT0001464,ACC0014812,BRW0006887,2026-03-04 15:17:20,PAYMENT,LOW,CLOSED,SMS,2026-03-06 15:17:20
COMPLAINT0001465,ACC0003859,BRW0007331,2026-03-18 21:01:56,PAYMENT,LOW,CLOSED,EMAIL,2026-03-21 21:01:56
COMPLAINT0001466,ACC0009041,BRW0007213,2026-03-07 19:57:40,AGENT_BEHAVIOUR,CRITICAL,RESOLVED,EMAIL,2026-03-08 19:57:40
COMPLAINT0001467,ACC0012923,BRW0004204,2026-07-09 15:27:48,PRIVACY,HIGH,RESOLVED,CALL,2026-07-14 15:27:48
COMPLAINT0001468,ACC0021282,BRW0006488,2026-01-14 03:03:45,DISPUTE,LOW,RESOLVED,WHATSAPP,2026-01-26 03:03:45
COMPLAINT0001469,ACC0003398,BRW0004644,2026-06-25 00:57:00,PAYMENT,MEDIUM,INVESTIGATING,WHATSAPP,2026-06-30 00:57:00
COMPLAINT0001470,ACC0022511,BRW0002504,2026-05-12 05:19:37,DISPUTE,CRITICAL,CLOSED,WHATSAPP,2026-05-27 05:19:37
COMPLAINT0001471,ACC0008533,BRW0007923,2026-05-13 09:09:13,DISPUTE,CRITICAL,RESOLVED,CALL,2026-05-31 09:09:13
COMPLAINT0001472,ACC0012465,BRW0006959,2026-03-02 00:48:19,DISPUTE,LOW,INVESTIGATING,CALL,2026-03-04 00:48:19
COMPLAINT0001473,ACC0029784,BRW0004118,2026-04-11 23:45:02,WRONG_CONTACT,LOW,CLOSED,FIELD,2026-04-12 23:45:02
COMPLAINT0001474,ACC0006584,BRW0006872,2026-01-16 05:25:04,HARASSMENT,HIGH,OPEN,SMS,2026-02-04 05:25:04
COMPLAINT0001475,ACC0009752,BRW0002474,2026-06-12 10:03:26,WRONG_CONTACT,MEDIUM,RESOLVED,WHATSAPP,2026-06-16 10:03:26
COMPLAINT0001476,ACC0011042,BRW0001068,2026-07-21 10:54:47,DISPUTE,HIGH,RESOLVED,SMS,2026-07-23 10:54:47
COMPLAINT0001477,ACC0021650,BRW0007006,2026-07-09 12:20:18,AGENT_BEHAVIOUR,HIGH,RESOLVED,EMAIL,2026-07-17 12:20:18
COMPLAINT0001478,ACC0020214,BRW0011414,2026-04-01 16:54:08,PAYMENT,CRITICAL,RESOLVED,CALL,2026-04-18 16:54:08
COMPLAINT0001479,ACC0020360,BRW0001108,2026-04-24 01:12:42,PAYMENT,HIGH,CLOSED,SMS,2026-04-27 01:12:42
COMPLAINT0001480,ACC0027237,BRW0009360,2026-01-25 17:00:28,WRONG_CONTACT,MEDIUM,OPEN,FIELD,2026-02-04 17:00:28
COMPLAINT0001481,ACC0002419,BRW0000951,2026-05-13 00:53:50,AGENT_BEHAVIOUR,HIGH,INVESTIGATING,FIELD,2026-05-23 00:53:50
COMPLAINT0001482,ACC0010650,BRW0010162,2026-07-17 16:37:15,AGENT_BEHAVIOUR,MEDIUM,CLOSED,SMS,2026-07-21 16:37:15
COMPLAINT0001483,ACC0022658,BRW0006858,2026-04-18 11:09:47,WRONG_CONTACT,HIGH,CLOSED,EMAIL,2026-05-05 11:09:47
COMPLAINT0001484,ACC0022218,BRW0008062,2026-07-09 00:26:55,HARASSMENT,LOW,RESOLVED,EMAIL,2026-07-12 00:26:55
COMPLAINT0001485,ACC0025834,BRW0010974,2026-02-20 22:55:25,HARASSMENT,CRITICAL,CLOSED,EMAIL,2026-02-22 22:55:25
COMPLAINT0001486,ACC0008211,BRW0011937,2026-01-25 20:56:03,AGENT_BEHAVIOUR,MEDIUM,CLOSED,FIELD,2026-01-29 20:56:03
COMPLAINT0001487,ACC0021675,BRW0006141,2026-02-14 09:38:44,DISPUTE,LOW,OPEN,CALL,2026-03-02 09:38:44
COMPLAINT0001488,ACC0027008,BRW0009674,2026-06-28 04:51:42,DND,HIGH,OPEN,WHATSAPP,2026-07-15 04:51:42
COMPLAINT0001489,ACC0019653,BRW0007621,2026-06-25 04:10:56,WRONG_CONTACT,CRITICAL,CLOSED,WHATSAPP,2026-06-29 04:10:56
COMPLAINT0001490,ACC0003218,BRW0006461,2026-02-07 23:24:40,PAYMENT,LOW,CLOSED,WHATSAPP,2026-02-21 23:24:40
COMPLAINT0001491,ACC0004636,BRW0003256,2026-04-30 14:06:26,AGENT_BEHAVIOUR,LOW,OPEN,EMAIL,2026-05-05 14:06:26
COMPLAINT0001492,ACC0016611,BRW0005385,2026-05-27 19:09:05,PAYMENT,CRITICAL,INVESTIGATING,SMS,2026-06-02 19:09:05
COMPLAINT0001493,ACC0020983,BRW0000739,2026-03-19 19:00:13,HARASSMENT,LOW,RESOLVED,EMAIL,2026-03-20 19:00:13
COMPLAINT0001494,ACC0007489,BRW0009683,2026-02-03 21:05:25,DISPUTE,CRITICAL,OPEN,EMAIL,2026-02-05 21:05:25
COMPLAINT0001495,ACC0001174,BRW0009344,2026-05-14 22:28:20,AGENT_BEHAVIOUR,HIGH,INVESTIGATING,WHATSAPP,2026-05-18 22:28:20
COMPLAINT0001496,ACC0027134,BRW0005770,2026-06-28 09:18:02,PRIVACY,HIGH,OPEN,CALL,2026-07-09 09:18:02
COMPLAINT0001497,ACC0020969,BRW0004204,2026-01-30 10:17:54,DND,CRITICAL,RESOLVED,FIELD,2026-02-17 10:17:54
COMPLAINT0001498,ACC0017013,BRW0008103,2026-08-03 16:45:53,AGENT_BEHAVIOUR,CRITICAL,OPEN,EMAIL,2026-08-22 16:45:53
COMPLAINT0001499,ACC0002363,BRW0011048,2026-04-20 20:34:30,AGENT_BEHAVIOUR,HIGH,OPEN,EMAIL,2026-05-03 20:34:30
COMPLAINT0001500,ACC0029827,BRW0010486,2026-04-06 14:07:09,DND,MEDIUM,CLOSED,SMS,2026-04-08 14:07:09
COMPLAINT0001501,ACC0009075,BRW0000136,2026-06-25 20:01:23,PRIVACY,HIGH,INVESTIGATING,CALL,2026-07-09 20:01:23
COMPLAINT0001502,ACC0015854,BRW0004332,2026-02-16 23:26:09,HARASSMENT,MEDIUM,INVESTIGATING,CALL,2026-02-25 23:26:09
COMPLAINT0001503,ACC0002719,BRW0005060,2026-01-21 14:14:32,HARASSMENT,HIGH,OPEN,FIELD,2026-01-31 14:14:32
COMPLAINT0001504,ACC0004778,BRW0006351,2026-05-30 07:18:30,AGENT_BEHAVIOUR,HIGH,INVESTIGATING,FIELD,2026-06-18 07:18:30
COMPLAINT0001505,ACC0018228,BRW0001439,2026-04-17 02:31:19,PAYMENT,HIGH,CLOSED,FIELD,2026-05-03 02:31:19
COMPLAINT0001506,ACC0009432,BRW0008366,2026-06-01 04:45:46,PAYMENT,HIGH,INVESTIGATING,FIELD,2026-06-12 04:45:46
COMPLAINT0001507,ACC0019477,BRW0007712,2026-06-07 02:25:32,PRIVACY,LOW,CLOSED,FIELD,2026-06-09 02:25:32
COMPLAINT0001508,ACC0016955,BRW0008099,2026-05-18 22:27:21,PAYMENT,MEDIUM,INVESTIGATING,SMS,2026-06-05 22:27:21
COMPLAINT0001509,ACC0007640,BRW0008118,2026-07-15 05:15:22,AGENT_BEHAVIOUR,CRITICAL,INVESTIGATING,CALL,2026-07-25 05:15:22
COMPLAINT0001510,ACC0001077,BRW0007568,2026-01-03 05:40:19,DND,LOW,RESOLVED,CALL,2026-01-04 05:40:19
COMPLAINT0001511,ACC0019758,BRW0002586,2026-04-26 13:11:05,WRONG_CONTACT,CRITICAL,OPEN,FIELD,2026-05-04 13:11:05
COMPLAINT0001512,ACC0029699,BRW0010274,2026-05-08 14:19:09,HARASSMENT,LOW,INVESTIGATING,FIELD,2026-05-18 14:19:09
COMPLAINT0001513,ACC0009996,BRW0009651,2026-03-24 08:38:55,PAYMENT,MEDIUM,OPEN,FIELD,2026-03-25 08:38:55
COMPLAINT0001514,ACC0024462,BRW0003025,2026-05-31 07:07:30,DISPUTE,HIGH,CLOSED,EMAIL,2026-06-19 07:07:30
COMPLAINT0001515,ACC0023109,BRW0001039,2026-02-05 03:53:04,PAYMENT,MEDIUM,OPEN,EMAIL,2026-02-06 03:53:04
COMPLAINT0001516,ACC0003646,BRW0003280,2026-03-07 13:22:26,DISPUTE,MEDIUM,OPEN,FIELD,2026-03-09 13:22:26
COMPLAINT0001517,ACC0022939,BRW0002979,2026-05-14 01:34:24,PRIVACY,MEDIUM,CLOSED,EMAIL,2026-05-24 01:34:24
COMPLAINT0001518,ACC0011523,BRW0005012,2026-07-26 10:31:23,HARASSMENT,MEDIUM,INVESTIGATING,FIELD,2026-08-06 10:31:23
COMPLAINT0001519,ACC0021669,BRW0003137,2026-04-01 03:21:18,DND,LOW,OPEN,WHATSAPP,2026-04-02 03:21:18
COMPLAINT0001520,ACC0003986,BRW0005898,2026-06-13 19:11:38,DISPUTE,HIGH,CLOSED,WHATSAPP,2026-06-16 19:11:38
COMPLAINT0001521,ACC0013897,BRW0003896,2026-05-14 02:48:51,WRONG_CONTACT,LOW,CLOSED,EMAIL,2026-05-23 02:48:51
COMPLAINT0001522,ACC0022499,BRW0005453,2026-07-14 19:43:30,AGENT_BEHAVIOUR,HIGH,OPEN,FIELD,2026-07-15 19:43:30
COMPLAINT0001523,ACC0022146,BRW0011113,2026-03-18 12:21:55,DISPUTE,HIGH,CLOSED,FIELD,2026-03-29 12:21:55
COMPLAINT0001524,ACC0008247,BRW0006944,2026-01-20 07:17:04,AGENT_BEHAVIOUR,LOW,RESOLVED,WHATSAPP,2026-01-31 07:17:04
COMPLAINT0001525,ACC0001270,BRW0001633,2026-04-30 11:56:08,PAYMENT,MEDIUM,RESOLVED,WHATSAPP,2026-05-14 11:56:08
COMPLAINT0001526,ACC0010311,BRW0009592,2026-03-26 05:29:38,PRIVACY,HIGH,OPEN,CALL,2026-04-14 05:29:38
COMPLAINT0001527,ACC0003030,BRW0006649,2026-03-22 00:19:30,PRIVACY,MEDIUM,CLOSED,WHATSAPP,2026-03-27 00:19:30
COMPLAINT0001528,ACC0001063,BRW0004047,2026-03-18 10:57:02,DND,HIGH,CLOSED,CALL,2026-03-31 10:57:02
COMPLAINT0001529,ACC0000858,BRW0003316,2026-06-08 20:04:51,HARASSMENT,LOW,CLOSED,EMAIL,2026-06-21 20:04:51
COMPLAINT0001530,ACC0011336,BRW0008374,2026-05-16 00:03:12,PRIVACY,CRITICAL,RESOLVED,EMAIL,2026-05-31 00:03:12
COMPLAINT0001531,ACC0027153,BRW0006819,2026-02-19 08:20:27,AGENT_BEHAVIOUR,LOW,OPEN,FIELD,2026-02-28 08:20:27
COMPLAINT0001532,ACC0016917,BRW0007748,2026-03-07 04:38:57,DND,LOW,INVESTIGATING,EMAIL,2026-03-13 04:38:57
COMPLAINT0001533,ACC0007004,BRW0000337,2026-05-25 18:18:49,HARASSMENT,MEDIUM,OPEN,SMS,2026-06-09 18:18:49
COMPLAINT0001534,ACC0016660,BRW0004894,2026-06-30 03:21:47,PAYMENT,LOW,OPEN,EMAIL,2026-07-13 03:21:47
COMPLAINT0001535,ACC0007538,BRW0001907,2026-07-22 03:54:57,PRIVACY,LOW,INVESTIGATING,FIELD,2026-07-30 03:54:57
COMPLAINT0001536,ACC0004063,BRW0006308,2026-06-18 01:12:04,DND,CRITICAL,CLOSED,FIELD,2026-07-03 01:12:04
COMPLAINT0001537,ACC0018970,BRW0010720,2026-06-09 02:01:37,PAYMENT,HIGH,RESOLVED,WHATSAPP,2026-06-19 02:01:37
COMPLAINT0001538,ACC0020646,BRW0007264,2026-06-11 07:24:06,DISPUTE,LOW,INVESTIGATING,CALL,2026-06-29 07:24:06
COMPLAINT0001539,ACC0022944,BRW0011437,2026-07-26 17:04:32,DND,LOW,CLOSED,SMS,2026-08-09 17:04:32
COMPLAINT0001540,ACC0023653,BRW0010577,2026-02-04 13:41:52,AGENT_BEHAVIOUR,MEDIUM,RESOLVED,SMS,2026-02-13 13:41:52
COMPLAINT0001541,ACC0006335,BRW0010616,2026-04-21 16:37:23,PRIVACY,MEDIUM,INVESTIGATING,EMAIL,2026-04-27 16:37:23
COMPLAINT0001542,ACC0002887,BRW0011125,2026-07-21 01:42:13,PRIVACY,MEDIUM,INVESTIGATING,CALL,2026-08-03 01:42:13
COMPLAINT0001543,ACC0009574,BRW0000158,2026-07-21 19:14:32,AGENT_BEHAVIOUR,HIGH,OPEN,EMAIL,2026-08-02 19:14:32
COMPLAINT0001544,ACC0013011,BRW0009480,2026-05-15 18:05:42,AGENT_BEHAVIOUR,CRITICAL,OPEN,EMAIL,2026-06-03 18:05:42
COMPLAINT0001545,ACC0009228,BRW0007141,2026-03-02 06:16:56,PRIVACY,LOW,INVESTIGATING,FIELD,2026-03-17 06:16:56
COMPLAINT0001546,ACC0016439,BRW0006694,2026-07-24 02:40:51,DND,CRITICAL,OPEN,SMS,2026-08-07 02:40:51
COMPLAINT0001547,ACC0018025,BRW0009030,2026-07-08 20:58:54,HARASSMENT,MEDIUM,CLOSED,EMAIL,2026-07-25 20:58:54
COMPLAINT0001548,ACC0016472,BRW0010553,2026-01-21 18:21:28,DISPUTE,LOW,OPEN,SMS,2026-02-08 18:21:28
COMPLAINT0001549,ACC0007409,BRW0010728,2026-07-04 02:55:26,DISPUTE,LOW,OPEN,EMAIL,2026-07-19 02:55:26
COMPLAINT0001550,ACC0007373,BRW0007781,2026-08-08 19:43:47,HARASSMENT,MEDIUM,CLOSED,CALL,2026-08-12 19:43:47
COMPLAINT0001551,ACC0022583,BRW0009394,2026-02-25 00:52:35,PRIVACY,CRITICAL,RESOLVED,EMAIL,2026-03-01 00:52:35
COMPLAINT0001552,ACC0029064,BRW0007182,2026-05-03 10:54:58,WRONG_CONTACT,CRITICAL,CLOSED,FIELD,2026-05-11 10:54:58
COMPLAINT0001553,ACC0007903,BRW0007125,2026-02-22 05:22:26,DND,MEDIUM,INVESTIGATING,CALL,2026-02-25 05:22:26
COMPLAINT0001554,ACC0018739,BRW0004986,2026-07-16 03:03:34,DISPUTE,CRITICAL,CLOSED,WHATSAPP,2026-07-31 03:03:34
COMPLAINT0001555,ACC0007829,BRW0003765,2026-03-21 13:47:59,PAYMENT,MEDIUM,RESOLVED,WHATSAPP,2026-03-25 13:47:59
COMPLAINT0001556,ACC0023698,BRW0011658,2026-03-05 23:47:17,PRIVACY,MEDIUM,CLOSED,FIELD,2026-03-08 23:47:17
COMPLAINT0001557,ACC0001450,BRW0008197,2026-03-08 19:23:41,AGENT_BEHAVIOUR,CRITICAL,INVESTIGATING,SMS,2026-03-21 19:23:41
COMPLAINT0001558,ACC0000771,BRW0002662,2026-01-24 05:46:05,WRONG_CONTACT,HIGH,CLOSED,WHATSAPP,2026-01-25 05:46:05
COMPLAINT0001559,ACC0011304,BRW0011422,2026-01-09 12:18:55,DND,LOW,CLOSED,CALL,2026-01-11 12:18:55
COMPLAINT0001560,ACC0016745,BRW0009835,2026-07-02 22:43:14,PAYMENT,MEDIUM,CLOSED,CALL,2026-07-18 22:43:14
COMPLAINT0001561,ACC0000106,BRW0008553,2026-03-14 05:33:56,WRONG_CONTACT,CRITICAL,CLOSED,SMS,2026-03-16 05:33:56
COMPLAINT0001562,ACC0013883,BRW0005949,2026-07-01 11:59:36,PRIVACY,HIGH,INVESTIGATING,SMS,2026-07-15 11:59:36
COMPLAINT0001563,ACC0020457,BRW0008437,2026-04-19 08:30:29,WRONG_CONTACT,CRITICAL,INVESTIGATING,WHATSAPP,2026-04-24 08:30:29
COMPLAINT0001564,ACC0016040,BRW0000250,2026-03-20 22:16:44,DND,HIGH,OPEN,WHATSAPP,2026-03-26 22:16:44
COMPLAINT0001565,ACC0010752,BRW0008862,2026-07-06 12:33:51,AGENT_BEHAVIOUR,MEDIUM,CLOSED,SMS,2026-07-16 12:33:51
COMPLAINT0001566,ACC0005603,BRW0009902,2026-01-16 02:53:01,DISPUTE,LOW,OPEN,EMAIL,2026-01-21 02:53:01
COMPLAINT0001567,ACC0025471,BRW0005235,2026-01-09 09:47:59,DISPUTE,CRITICAL,INVESTIGATING,WHATSAPP,2026-01-28 09:47:59
COMPLAINT0001568,ACC0026665,BRW0001101,2026-04-09 08:33:46,WRONG_CONTACT,MEDIUM,RESOLVED,FIELD,2026-04-27 08:33:46
COMPLAINT0001569,ACC0022980,BRW0003064,2026-04-29 09:32:35,PRIVACY,MEDIUM,INVESTIGATING,SMS,2026-05-12 09:32:35
COMPLAINT0001570,ACC0009608,BRW0005539,2026-07-31 06:54:09,HARASSMENT,HIGH,RESOLVED,EMAIL,2026-08-15 06:54:09
COMPLAINT0001571,ACC0007921,BRW0010968,2026-03-22 10:14:05,DND,CRITICAL,CLOSED,FIELD,2026-04-02 10:14:05
COMPLAINT0001572,ACC0009423,BRW0009174,2026-02-17 01:56:34,HARASSMENT,HIGH,OPEN,WHATSAPP,2026-03-02 01:56:34
COMPLAINT0001573,ACC0012015,BRW0007659,2026-04-20 00:09:52,WRONG_CONTACT,MEDIUM,OPEN,FIELD,2026-05-05 00:09:52
COMPLAINT0001574,ACC0013529,BRW0002585,2026-02-02 04:25:11,HARASSMENT,CRITICAL,CLOSED,FIELD,2026-02-10 04:25:11
COMPLAINT0001575,ACC0016502,BRW0005637,2026-05-03 16:30:56,DND,HIGH,RESOLVED,SMS,2026-05-06 16:30:56
COMPLAINT0001576,ACC0019851,BRW0010171,2026-05-16 01:11:19,AGENT_BEHAVIOUR,MEDIUM,RESOLVED,FIELD,2026-05-17 01:11:19
COMPLAINT0001577,ACC0009215,BRW0001473,2026-03-02 01:25:10,WRONG_CONTACT,LOW,INVESTIGATING,SMS,2026-03-06 01:25:10
COMPLAINT0001578,ACC0013440,BRW0007028,2026-03-16 11:46:09,PRIVACY,HIGH,OPEN,CALL,2026-04-01 11:46:09
COMPLAINT0001579,ACC0007631,BRW0011098,2026-06-26 02:45:53,HARASSMENT,HIGH,CLOSED,CALL,2026-07-15 02:45:53
COMPLAINT0001580,ACC0003205,BRW0011623,2026-03-31 22:44:59,AGENT_BEHAVIOUR,HIGH,CLOSED,FIELD,2026-04-18 22:44:59
COMPLAINT0001581,ACC0016724,BRW0009201,2026-02-27 19:51:26,PAYMENT,LOW,INVESTIGATING,WHATSAPP,2026-03-11 19:51:26
COMPLAINT0001582,ACC0005704,BRW0007816,2026-04-08 02:06:03,PRIVACY,CRITICAL,OPEN,SMS,2026-04-20 02:06:03
COMPLAINT0001583,ACC0008565,BRW0005949,2026-07-11 05:33:21,HARASSMENT,LOW,CLOSED,SMS,2026-07-30 05:33:21
COMPLAINT0001584,ACC0001431,BRW0004915,2026-01-19 02:29:57,HARASSMENT,MEDIUM,OPEN,EMAIL,2026-02-06 02:29:57
COMPLAINT0001585,ACC0002798,BRW0003690,2026-03-25 04:33:45,AGENT_BEHAVIOUR,CRITICAL,INVESTIGATING,EMAIL,2026-03-27 04:33:45
COMPLAINT0001586,ACC0020473,BRW0008521,2026-08-05 21:42:32,HARASSMENT,CRITICAL,CLOSED,CALL,2026-08-24 21:42:32
COMPLAINT0001587,ACC0011971,BRW0003829,2026-03-20 08:28:33,PRIVACY,LOW,INVESTIGATING,WHATSAPP,2026-03-26 08:28:33
COMPLAINT0001588,ACC0018827,BRW0007069,2026-08-07 23:05:06,WRONG_CONTACT,CRITICAL,OPEN,EMAIL,2026-08-14 23:05:06
COMPLAINT0001589,ACC0013136,BRW0011175,2026-01-29 12:07:12,AGENT_BEHAVIOUR,LOW,RESOLVED,WHATSAPP,2026-02-11 12:07:12
COMPLAINT0001590,ACC0017481,BRW0004047,2026-03-13 13:19:42,HARASSMENT,HIGH,OPEN,WHATSAPP,2026-03-29 13:19:42
COMPLAINT0001591,ACC0006523,BRW0011554,2026-05-08 09:29:08,PRIVACY,LOW,CLOSED,CALL,2026-05-13 09:29:08
COMPLAINT0001592,ACC0013815,BRW0009075,2026-06-14 08:55:52,DND,CRITICAL,INVESTIGATING,SMS,2026-06-25 08:55:52
COMPLAINT0001593,ACC0010888,BRW0008437,2026-04-25 13:43:23,PAYMENT,MEDIUM,INVESTIGATING,SMS,2026-04-26 13:43:23
COMPLAINT0001594,ACC0003161,BRW0000774,2026-01-31 03:00:29,DISPUTE,MEDIUM,INVESTIGATING,EMAIL,2026-02-17 03:00:29
COMPLAINT0001595,ACC0017623,BRW0011297,2026-08-03 09:24:18,AGENT_BEHAVIOUR,MEDIUM,INVESTIGATING,CALL,2026-08-18 09:24:18
COMPLAINT0001596,ACC0029262,BRW0003361,2026-04-05 18:42:40,DND,MEDIUM,OPEN,CALL,2026-04-10 18:42:40
COMPLAINT0001597,ACC0002832,BRW0005469,2026-03-20 01:18:51,HARASSMENT,HIGH,RESOLVED,SMS,2026-03-29 01:18:51
COMPLAINT0001598,ACC0017520,BRW0003239,2026-01-21 20:19:19,DND,LOW,OPEN,EMAIL,2026-02-05 20:19:19
COMPLAINT0001599,ACC0010313,BRW0000966,2026-02-11 11:07:00,PAYMENT,HIGH,OPEN,WHATSAPP,2026-02-15 11:07:00
COMPLAINT0001600,ACC0020497,BRW0009383,2026-05-20 17:54:37,PAYMENT,MEDIUM,INVESTIGATING,CALL,2026-06-03 17:54:37
COMPLAINT0001601,ACC0026573,BRW0009086,2026-07-02 10:36:24,DISPUTE,LOW,OPEN,EMAIL,2026-07-04 10:36:24
COMPLAINT0001602,ACC0015153,BRW0004267,2026-04-28 08:34:05,PAYMENT,HIGH,RESOLVED,CALL,2026-05-03 08:34:05
COMPLAINT0001603,ACC0017954,BRW0004768,2026-07-13 21:42:54,DISPUTE,LOW,OPEN,WHATSAPP,2026-07-30 21:42:54
COMPLAINT0001604,ACC0005831,BRW0007353,2026-03-04 15:17:40,AGENT_BEHAVIOUR,MEDIUM,INVESTIGATING,FIELD,2026-03-05 15:17:40
COMPLAINT0001605,ACC0001041,BRW0011755,2026-03-12 23:45:03,WRONG_CONTACT,MEDIUM,RESOLVED,EMAIL,2026-03-16 23:45:03
COMPLAINT0001606,ACC0005951,BRW0010796,2026-06-02 10:44:58,PRIVACY,HIGH,CLOSED,SMS,2026-06-04 10:44:58
COMPLAINT0001607,ACC0023928,BRW0000947,2026-05-12 09:40:02,HARASSMENT,HIGH,OPEN,SMS,2026-05-24 09:40:02
COMPLAINT0001608,ACC0004033,BRW0011199,2026-01-12 22:32:07,WRONG_CONTACT,LOW,INVESTIGATING,WHATSAPP,2026-01-27 22:32:07
COMPLAINT0001609,ACC0026349,BRW0011783,2026-02-01 14:53:08,DND,MEDIUM,INVESTIGATING,CALL,2026-02-07 14:53:08
COMPLAINT0001610,ACC0004552,BRW0011111,2026-03-16 08:07:28,HARASSMENT,HIGH,RESOLVED,SMS,2026-03-17 08:07:28
COMPLAINT0001611,ACC0012063,BRW0003625,2026-07-25 08:06:28,WRONG_CONTACT,HIGH,OPEN,WHATSAPP,2026-08-02 08:06:28
COMPLAINT0001612,ACC0027882,BRW0010220,2026-02-21 16:35:19,DND,HIGH,CLOSED,FIELD,2026-03-01 16:35:19
COMPLAINT0001613,ACC0010724,BRW0009145,2026-05-13 08:00:27,DND,LOW,CLOSED,CALL,2026-05-20 08:00:27
COMPLAINT0001614,ACC0014257,BRW0006606,2026-05-03 11:34:32,WRONG_CONTACT,CRITICAL,OPEN,FIELD,2026-05-12 11:34:32
COMPLAINT0001615,ACC0010754,BRW0009522,2026-02-10 13:06:38,PRIVACY,HIGH,INVESTIGATING,SMS,2026-02-20 13:06:38
COMPLAINT0001616,ACC0011347,BRW0002784,2026-06-22 02:19:49,WRONG_CONTACT,LOW,CLOSED,CALL,2026-06-29 02:19:49
COMPLAINT0001617,ACC0019788,BRW0002262,2026-03-08 18:34:38,DISPUTE,MEDIUM,RESOLVED,CALL,2026-03-16 18:34:38
COMPLAINT0001618,ACC0016384,BRW0005247,2026-01-12 03:46:23,HARASSMENT,CRITICAL,OPEN,FIELD,2026-01-29 03:46:23
COMPLAINT0001619,ACC0005693,BRW0003730,2026-05-03 11:18:37,DISPUTE,CRITICAL,INVESTIGATING,FIELD,2026-05-07 11:18:37
COMPLAINT0001620,ACC0029310,BRW0006138,2026-01-02 10:37:25,HARASSMENT,CRITICAL,CLOSED,WHATSAPP,2026-01-10 10:37:25
COMPLAINT0001621,ACC0006569,BRW0003589,2026-01-29 12:54:32,PAYMENT,MEDIUM,OPEN,FIELD,2026-02-10 12:54:32
COMPLAINT0001622,ACC0021182,BRW0001324,2026-03-07 05:12:31,WRONG_CONTACT,HIGH,OPEN,SMS,2026-03-23 05:12:31
COMPLAINT0001623,ACC0019965,BRW0009030,2026-08-01 01:48:04,HARASSMENT,MEDIUM,INVESTIGATING,CALL,2026-08-16 01:48:04
COMPLAINT0001624,ACC0026120,BRW0003388,2026-05-31 00:04:28,PAYMENT,LOW,OPEN,SMS,2026-06-04 00:04:28
COMPLAINT0001625,ACC0014189,BRW0010839,2026-03-25 19:52:41,DND,CRITICAL,CLOSED,EMAIL,2026-03-28 19:52:41
COMPLAINT0001626,ACC0011012,BRW0009347,2026-01-03 05:43:05,DND,CRITICAL,INVESTIGATING,CALL,2026-01-15 05:43:05
COMPLAINT0001627,ACC0004539,BRW0011022,2026-01-03 07:08:33,DISPUTE,MEDIUM,OPEN,EMAIL,2026-01-22 07:08:33
COMPLAINT0001628,ACC0021027,BRW0009946,2026-02-15 17:33:57,WRONG_CONTACT,CRITICAL,OPEN,SMS,2026-02-26 17:33:57
COMPLAINT0001629,ACC0026598,BRW0001579,2026-01-30 18:30:04,DND,LOW,INVESTIGATING,EMAIL,2026-02-05 18:30:04
COMPLAINT0001630,ACC0022737,BRW0008627,2026-07-18 22:57:27,HARASSMENT,LOW,OPEN,FIELD,2026-07-20 22:57:27
COMPLAINT0001631,ACC0017029,BRW0003561,2026-05-09 19:48:36,HARASSMENT,MEDIUM,RESOLVED,FIELD,2026-05-21 19:48:36
COMPLAINT0001632,ACC0001490,BRW0009373,2026-05-21 07:43:28,DISPUTE,LOW,INVESTIGATING,SMS,2026-06-02 07:43:28
COMPLAINT0001633,ACC0018455,BRW0004921,2026-03-21 22:13:51,PAYMENT,MEDIUM,RESOLVED,EMAIL,2026-03-26 22:13:51
COMPLAINT0001634,ACC0019186,BRW0008460,2026-03-03 21:28:17,AGENT_BEHAVIOUR,LOW,OPEN,EMAIL,2026-03-09 21:28:17
COMPLAINT0001635,ACC0026570,BRW0003248,2026-05-16 13:49:08,AGENT_BEHAVIOUR,CRITICAL,INVESTIGATING,WHATSAPP,2026-05-19 13:49:08
COMPLAINT0001636,ACC0009786,BRW0006757,2026-06-12 21:08:38,AGENT_BEHAVIOUR,LOW,RESOLVED,SMS,2026-06-25 21:08:38
COMPLAINT0001637,ACC0025715,BRW0005270,2026-01-01 05:59:51,DISPUTE,HIGH,OPEN,WHATSAPP,2026-01-11 05:59:51
COMPLAINT0001638,ACC0024447,BRW0003128,2026-05-21 17:21:16,WRONG_CONTACT,LOW,OPEN,FIELD,2026-05-23 17:21:16
COMPLAINT0001639,ACC0001471,BRW0004467,2026-02-06 06:45:38,PAYMENT,CRITICAL,OPEN,SMS,2026-02-16 06:45:38
COMPLAINT0001640,ACC0015122,BRW0003057,2026-06-07 01:07:51,AGENT_BEHAVIOUR,HIGH,OPEN,SMS,2026-06-21 01:07:51
COMPLAINT0001641,ACC0026058,BRW0010651,2026-03-15 18:07:24,DND,CRITICAL,RESOLVED,CALL,2026-03-27 18:07:24
COMPLAINT0001642,ACC0022086,BRW0007939,2026-02-09 15:04:13,AGENT_BEHAVIOUR,HIGH,OPEN,WHATSAPP,2026-02-13 15:04:13
COMPLAINT0001643,ACC0013151,BRW0009972,2026-01-11 08:30:39,DND,MEDIUM,RESOLVED,WHATSAPP,2026-01-20 08:30:39
COMPLAINT0001644,ACC0010609,BRW0004463,2026-05-18 09:55:41,HARASSMENT,MEDIUM,RESOLVED,CALL,2026-05-30 09:55:41
COMPLAINT0001645,ACC0002029,BRW0003567,2026-02-23 15:48:59,WRONG_CONTACT,HIGH,INVESTIGATING,WHATSAPP,2026-03-01 15:48:59
COMPLAINT0001646,ACC0014768,BRW0002488,2026-01-23 07:36:36,PAYMENT,MEDIUM,INVESTIGATING,WHATSAPP,2026-02-08 07:36:36
COMPLAINT0001647,ACC0006065,BRW0001295,2026-03-26 11:28:21,PRIVACY,CRITICAL,RESOLVED,EMAIL,2026-04-11 11:28:21
COMPLAINT0001648,ACC0001581,BRW0009608,2026-02-24 07:58:53,AGENT_BEHAVIOUR,HIGH,INVESTIGATING,WHATSAPP,2026-03-08 07:58:53
COMPLAINT0001649,ACC0023268,BRW0006113,2026-05-21 21:29:14,PRIVACY,MEDIUM,CLOSED,WHATSAPP,2026-05-25 21:29:14
COMPLAINT0001650,ACC0003033,BRW0006672,2026-01-01 16:16:12,WRONG_CONTACT,LOW,OPEN,FIELD,2026-01-02 16:16:12
COMPLAINT0001651,ACC0003269,BRW0007142,2026-07-29 12:40:03,PRIVACY,MEDIUM,CLOSED,EMAIL,2026-08-06 12:40:03
COMPLAINT0001652,ACC0014370,BRW0003929,2026-03-19 15:40:23,PRIVACY,MEDIUM,INVESTIGATING,CALL,2026-03-26 15:40:23
COMPLAINT0001653,ACC0024891,BRW0008517,2026-07-07 18:40:25,PAYMENT,LOW,CLOSED,EMAIL,2026-07-17 18:40:25
COMPLAINT0001654,ACC0028514,BRW0004775,2026-04-27 04:22:53,HARASSMENT,CRITICAL,OPEN,SMS,2026-04-30 04:22:53
COMPLAINT0001655,ACC0026723,BRW0011596,2026-01-25 16:54:27,HARASSMENT,LOW,INVESTIGATING,WHATSAPP,2026-01-31 16:54:27
COMPLAINT0001656,ACC0022298,BRW0003150,2026-02-05 23:26:14,HARASSMENT,HIGH,CLOSED,EMAIL,2026-02-07 23:26:14
COMPLAINT0001657,ACC0022460,BRW0002248,2026-07-11 09:14:29,DND,MEDIUM,CLOSED,CALL,2026-07-27 09:14:29
COMPLAINT0001658,ACC0009510,BRW0004648,2026-06-02 11:04:28,WRONG_CONTACT,HIGH,RESOLVED,WHATSAPP,2026-06-09 11:04:28
COMPLAINT0001659,ACC0013367,BRW0000247,2026-05-30 03:43:54,HARASSMENT,LOW,RESOLVED,EMAIL,2026-06-13 03:43:54
COMPLAINT0001660,ACC0015330,BRW0004188,2026-06-02 03:50:33,DISPUTE,LOW,INVESTIGATING,EMAIL,2026-06-17 03:50:33
COMPLAINT0001661,ACC0025907,BRW0004557,2026-01-07 03:51:44,AGENT_BEHAVIOUR,HIGH,OPEN,EMAIL,2026-01-11 03:51:44
COMPLAINT0001662,ACC0017529,BRW0005547,2026-07-08 05:42:32,PAYMENT,LOW,CLOSED,EMAIL,2026-07-17 05:42:32
COMPLAINT0001663,ACC0007322,BRW0009471,2026-02-27 07:46:59,PRIVACY,LOW,OPEN,CALL,2026-03-08 07:46:59
COMPLAINT0001664,ACC0001251,BRW0008795,2026-01-07 18:17:54,HARASSMENT,CRITICAL,CLOSED,CALL,2026-01-16 18:17:54
COMPLAINT0001665,ACC0007115,BRW0008264,2026-02-01 13:41:40,DISPUTE,HIGH,INVESTIGATING,SMS,2026-02-07 13:41:40
COMPLAINT0001666,ACC0023449,BRW0007153,2026-02-22 01:26:38,PRIVACY,LOW,CLOSED,CALL,2026-03-01 01:26:38
COMPLAINT0001667,ACC0029112,BRW0002877,2026-08-08 08:38:34,PAYMENT,HIGH,OPEN,CALL,2026-08-20 08:38:34
COMPLAINT0001668,ACC0003630,BRW0000498,2026-04-18 15:53:59,PAYMENT,CRITICAL,INVESTIGATING,EMAIL,2026-05-02 15:53:59
COMPLAINT0001669,ACC0022746,BRW0000440,2026-07-02 00:13:02,DND,HIGH,OPEN,EMAIL,2026-07-06 00:13:02
COMPLAINT0001670,ACC0007207,BRW0001597,2026-06-25 10:49:33,AGENT_BEHAVIOUR,HIGH,RESOLVED,SMS,2026-07-14 10:49:33
COMPLAINT0001671,ACC0014825,BRW0011588,2026-01-03 19:50:12,PRIVACY,HIGH,CLOSED,SMS,2026-01-22 19:50:12
COMPLAINT0001672,ACC0006085,BRW0011298,2026-02-08 12:32:15,WRONG_CONTACT,HIGH,OPEN,FIELD,2026-02-27 12:32:15
COMPLAINT0001673,ACC0011230,BRW0002878,2026-05-05 00:36:36,DND,LOW,CLOSED,EMAIL,2026-05-23 00:36:36
COMPLAINT0001674,ACC0029884,BRW0008598,2026-04-11 01:37:01,DISPUTE,MEDIUM,CLOSED,WHATSAPP,2026-04-15 01:37:01
COMPLAINT0001675,ACC0008059,BRW0000969,2026-03-26 13:02:08,PRIVACY,MEDIUM,INVESTIGATING,CALL,2026-04-10 13:02:08
COMPLAINT0001676,ACC0008234,BRW0010437,2026-03-21 09:35:32,PRIVACY,MEDIUM,OPEN,EMAIL,2026-03-26 09:35:32
COMPLAINT0001677,ACC0010687,BRW0009312,2026-01-12 00:47:07,DND,CRITICAL,CLOSED,FIELD,2026-01-18 00:47:07
COMPLAINT0001678,ACC0026390,BRW0005595,2026-02-15 19:25:30,PRIVACY,LOW,OPEN,CALL,2026-02-21 19:25:30
COMPLAINT0001679,ACC0023009,BRW0002512,2026-07-19 11:05:56,HARASSMENT,CRITICAL,INVESTIGATING,WHATSAPP,2026-08-03 11:05:56
COMPLAINT0001680,ACC0011652,BRW0005483,2026-02-17 04:02:40,PAYMENT,HIGH,INVESTIGATING,CALL,2026-02-24 04:02:40
COMPLAINT0001681,ACC0000804,BRW0009051,2026-01-17 20:54:48,DND,HIGH,RESOLVED,SMS,2026-01-19 20:54:48
COMPLAINT0001682,ACC0024710,BRW0010013,2026-07-25 05:38:13,PRIVACY,HIGH,OPEN,WHATSAPP,2026-07-29 05:38:13
COMPLAINT0001683,ACC0022933,BRW0000259,2026-04-03 19:14:13,PRIVACY,CRITICAL,INVESTIGATING,WHATSAPP,2026-04-08 19:14:13
COMPLAINT0001684,ACC0014787,BRW0004689,2026-01-24 23:26:11,PRIVACY,CRITICAL,RESOLVED,SMS,2026-01-26 23:26:11
COMPLAINT0001685,ACC0001904,BRW0001804,2026-04-02 14:50:46,DISPUTE,MEDIUM,CLOSED,CALL,2026-04-04 14:50:46
COMPLAINT0001686,ACC0003912,BRW0002688,2026-06-27 04:00:10,PRIVACY,CRITICAL,INVESTIGATING,CALL,2026-07-15 04:00:10
COMPLAINT0001687,ACC0016877,BRW0002816,2026-04-29 19:05:26,PRIVACY,LOW,CLOSED,CALL,2026-05-10 19:05:26
COMPLAINT0001688,ACC0021759,BRW0005386,2026-07-10 10:08:48,WRONG_CONTACT,MEDIUM,OPEN,SMS,2026-07-21 10:08:48
COMPLAINT0001689,ACC0024755,BRW0001269,2026-03-03 05:13:47,DISPUTE,LOW,CLOSED,SMS,2026-03-07 05:13:47
COMPLAINT0001690,ACC0010272,BRW0004761,2026-07-21 08:19:19,AGENT_BEHAVIOUR,LOW,OPEN,EMAIL,2026-07-29 08:19:19
COMPLAINT0001691,ACC0011823,BRW0005941,2026-01-09 23:49:17,DISPUTE,MEDIUM,OPEN,WHATSAPP,2026-01-14 23:49:17
COMPLAINT0001692,ACC0002727,BRW0000277,2026-03-24 19:45:45,DND,LOW,INVESTIGATING,FIELD,2026-03-30 19:45:45
COMPLAINT0001693,ACC0022504,BRW0008448,2026-03-18 10:03:05,PRIVACY,MEDIUM,CLOSED,EMAIL,2026-03-23 10:03:05
COMPLAINT0001694,ACC0028498,BRW0011236,2026-02-18 03:47:36,WRONG_CONTACT,LOW,CLOSED,FIELD,2026-02-26 03:47:36
COMPLAINT0001695,ACC0005882,BRW0007249,2026-06-11 17:25:23,DISPUTE,LOW,OPEN,WHATSAPP,2026-06-27 17:25:23
COMPLAINT0001696,ACC0022061,BRW0011363,2026-01-28 09:54:03,WRONG_CONTACT,HIGH,OPEN,EMAIL,2026-02-07 09:54:03
COMPLAINT0001697,ACC0013356,BRW0003441,2026-04-09 11:34:20,DISPUTE,LOW,CLOSED,WHATSAPP,2026-04-23 11:34:20
COMPLAINT0001698,ACC0020113,BRW0009510,2026-01-24 12:35:22,DND,LOW,RESOLVED,SMS,2026-01-29 12:35:22
COMPLAINT0001699,ACC0006184,BRW0000598,2026-07-20 21:09:57,DISPUTE,LOW,INVESTIGATING,WHATSAPP,2026-07-30 21:09:57
COMPLAINT0001700,ACC0022414,BRW0006533,2026-03-15 08:39:22,WRONG_CONTACT,LOW,OPEN,WHATSAPP,2026-03-29 08:39:22
COMPLAINT0001701,ACC0003659,BRW0006964,2026-02-22 04:56:23,WRONG_CONTACT,HIGH,RESOLVED,WHATSAPP,2026-02-25 04:56:23
COMPLAINT0001702,ACC0021460,BRW0002715,2026-04-24 12:01:53,DND,HIGH,CLOSED,CALL,2026-05-12 12:01:53
COMPLAINT0001703,ACC0027873,BRW0008598,2026-08-05 10:15:31,HARASSMENT,CRITICAL,OPEN,WHATSAPP,2026-08-09 10:15:31
COMPLAINT0001704,ACC0029629,BRW0000742,2026-04-16 09:55:29,DISPUTE,MEDIUM,OPEN,SMS,2026-05-02 09:55:29
COMPLAINT0001705,ACC0006444,BRW0002480,2026-03-29 11:42:04,AGENT_BEHAVIOUR,HIGH,OPEN,SMS,2026-04-05 11:42:04
COMPLAINT0001706,ACC0001118,BRW0000180,2026-01-28 11:11:29,WRONG_CONTACT,HIGH,OPEN,CALL,2026-02-07 11:11:29
COMPLAINT0001707,ACC0021455,BRW0002993,2026-03-14 20:51:06,HARASSMENT,LOW,INVESTIGATING,CALL,2026-03-24 20:51:06
COMPLAINT0001708,ACC0028069,BRW0008414,2026-03-09 17:39:21,DISPUTE,CRITICAL,CLOSED,FIELD,2026-03-26 17:39:21
COMPLAINT0001709,ACC0027216,BRW0010558,2026-07-03 01:10:28,WRONG_CONTACT,MEDIUM,RESOLVED,EMAIL,2026-07-04 01:10:28
COMPLAINT0001710,ACC0013409,BRW0008250,2026-06-08 21:31:48,DND,LOW,OPEN,FIELD,2026-06-24 21:31:48
COMPLAINT0001711,ACC0006787,BRW0006280,2026-06-05 02:52:59,DND,CRITICAL,RESOLVED,WHATSAPP,2026-06-13 02:52:59
COMPLAINT0001712,ACC0006398,BRW0010348,2026-04-05 12:27:11,PRIVACY,CRITICAL,OPEN,FIELD,2026-04-22 12:27:11
COMPLAINT0001713,ACC0006692,BRW0007282,2026-01-15 11:01:23,PAYMENT,HIGH,OPEN,FIELD,2026-01-20 11:01:23
COMPLAINT0001714,ACC0024081,BRW0001673,2026-06-05 22:11:23,HARASSMENT,MEDIUM,OPEN,CALL,2026-06-07 22:11:23
COMPLAINT0001715,ACC0006865,BRW0009951,2026-03-25 18:32:26,WRONG_CONTACT,LOW,OPEN,WHATSAPP,2026-03-27 18:32:26
COMPLAINT0001716,ACC0008897,BRW0011928,2026-01-27 15:48:22,AGENT_BEHAVIOUR,CRITICAL,RESOLVED,WHATSAPP,2026-02-07 15:48:22
COMPLAINT0001717,ACC0029286,BRW0008403,2026-04-07 08:35:51,PAYMENT,LOW,CLOSED,CALL,2026-04-23 08:35:51
COMPLAINT0001718,ACC0026261,BRW0011960,2026-07-12 19:29:55,DND,CRITICAL,OPEN,SMS,2026-07-30 19:29:55
COMPLAINT0001719,ACC0018230,BRW0000022,2026-03-05 10:08:38,DISPUTE,LOW,OPEN,FIELD,2026-03-15 10:08:38
COMPLAINT0001720,ACC0003738,BRW0010026,2026-01-02 20:10:46,DND,CRITICAL,CLOSED,SMS,2026-01-19 20:10:46
COMPLAINT0001721,ACC0006864,BRW0002416,2026-06-24 00:03:06,PAYMENT,LOW,INVESTIGATING,EMAIL,2026-07-04 00:03:06
COMPLAINT0001722,ACC0015254,BRW0004706,2026-03-11 06:03:55,PRIVACY,HIGH,INVESTIGATING,FIELD,2026-03-20 06:03:55
COMPLAINT0001723,ACC0025798,BRW0006210,2026-07-10 13:18:43,AGENT_BEHAVIOUR,LOW,INVESTIGATING,FIELD,2026-07-18 13:18:43
COMPLAINT0001724,ACC0007370,BRW0003741,2026-02-04 14:27:19,HARASSMENT,CRITICAL,INVESTIGATING,FIELD,2026-02-14 14:27:19
COMPLAINT0001725,ACC0018527,BRW0003575,2026-01-15 20:26:44,HARASSMENT,CRITICAL,CLOSED,WHATSAPP,2026-01-27 20:26:44
COMPLAINT0001726,ACC0025073,BRW0005925,2026-06-15 03:04:19,HARASSMENT,CRITICAL,OPEN,SMS,2026-06-29 03:04:19
COMPLAINT0001727,ACC0018627,BRW0010757,2026-03-20 17:51:44,PAYMENT,MEDIUM,OPEN,EMAIL,2026-03-31 17:51:44
COMPLAINT0001728,ACC0008438,BRW0000647,2026-04-16 20:38:30,DND,CRITICAL,OPEN,FIELD,2026-05-03 20:38:30
COMPLAINT0001729,ACC0001124,BRW0007483,2026-05-14 17:46:55,PRIVACY,LOW,RESOLVED,FIELD,2026-06-02 17:46:55
COMPLAINT0001730,ACC0016829,BRW0004788,2026-02-05 22:22:01,DND,LOW,OPEN,EMAIL,2026-02-13 22:22:01
COMPLAINT0001731,ACC0002114,BRW0008761,2026-05-17 13:00:15,PAYMENT,CRITICAL,OPEN,FIELD,2026-05-20 13:00:15
COMPLAINT0001732,ACC0013083,BRW0010763,2026-01-10 16:34:16,DND,LOW,RESOLVED,EMAIL,2026-01-26 16:34:16
COMPLAINT0001733,ACC0010940,BRW0005490,2026-07-17 13:09:50,PRIVACY,LOW,RESOLVED,SMS,2026-07-28 13:09:50
COMPLAINT0001734,ACC0000313,BRW0004633,2026-07-25 10:43:03,AGENT_BEHAVIOUR,LOW,INVESTIGATING,WHATSAPP,2026-07-31 10:43:03
COMPLAINT0001735,ACC0020416,BRW0009909,2026-08-07 12:42:57,PRIVACY,MEDIUM,RESOLVED,CALL,2026-08-19 12:42:57
COMPLAINT0001736,ACC0004309,BRW0011382,2026-01-08 16:01:41,PRIVACY,HIGH,RESOLVED,WHATSAPP,2026-01-22 16:01:41
COMPLAINT0001737,ACC0006731,BRW0009600,2026-02-16 16:24:32,HARASSMENT,HIGH,OPEN,CALL,2026-02-19 16:24:32
COMPLAINT0001738,ACC0025162,BRW0003967,2026-01-03 03:51:16,HARASSMENT,HIGH,OPEN,CALL,2026-01-08 03:51:16
COMPLAINT0001739,ACC0012087,BRW0005677,2026-07-08 11:37:56,HARASSMENT,HIGH,RESOLVED,CALL,2026-07-12 11:37:56
COMPLAINT0001740,ACC0023694,BRW0004120,2026-05-29 09:59:57,AGENT_BEHAVIOUR,MEDIUM,OPEN,WHATSAPP,2026-06-03 09:59:57
COMPLAINT0001741,ACC0000948,BRW0001449,2026-06-11 03:48:04,AGENT_BEHAVIOUR,MEDIUM,OPEN,SMS,2026-06-15 03:48:04
COMPLAINT0001742,ACC0029414,BRW0002024,2026-02-21 03:47:17,WRONG_CONTACT,LOW,INVESTIGATING,FIELD,2026-02-24 03:47:17
COMPLAINT0001743,ACC0011271,BRW0004959,2026-04-30 05:29:54,PRIVACY,CRITICAL,INVESTIGATING,EMAIL,2026-05-12 05:29:54
COMPLAINT0001744,ACC0014939,BRW0008230,2026-04-04 05:24:09,AGENT_BEHAVIOUR,HIGH,CLOSED,WHATSAPP,2026-04-07 05:24:09
COMPLAINT0001745,ACC0000912,BRW0001325,2026-05-12 18:24:15,AGENT_BEHAVIOUR,CRITICAL,RESOLVED,EMAIL,2026-05-27 18:24:15
COMPLAINT0001746,ACC0021668,BRW0005597,2026-07-11 17:38:12,HARASSMENT,CRITICAL,OPEN,SMS,2026-07-22 17:38:12
COMPLAINT0001747,ACC0008552,BRW0011634,2026-03-24 21:07:05,AGENT_BEHAVIOUR,HIGH,RESOLVED,EMAIL,2026-03-28 21:07:05
COMPLAINT0001748,ACC0005462,BRW0000612,2026-03-02 09:42:26,DISPUTE,MEDIUM,RESOLVED,CALL,2026-03-08 09:42:26
COMPLAINT0001749,ACC0012916,BRW0001165,2026-03-11 11:24:23,DISPUTE,LOW,OPEN,CALL,2026-03-19 11:24:23
COMPLAINT0001750,ACC0028055,BRW0006361,2026-07-06 05:10:29,DND,MEDIUM,OPEN,CALL,2026-07-17 05:10:29
COMPLAINT0001751,ACC0004907,BRW0001027,2026-05-16 15:38:27,PAYMENT,LOW,INVESTIGATING,EMAIL,2026-05-30 15:38:27
COMPLAINT0001752,ACC0009680,BRW0008019,2026-06-30 06:55:09,WRONG_CONTACT,CRITICAL,OPEN,SMS,2026-07-14 06:55:09
COMPLAINT0001753,ACC0007410,BRW0002450,2026-06-06 14:20:23,WRONG_CONTACT,MEDIUM,OPEN,SMS,2026-06-25 14:20:23
COMPLAINT0001754,ACC0004342,BRW0009621,2026-07-03 00:58:46,DISPUTE,MEDIUM,CLOSED,SMS,2026-07-16 00:58:46
COMPLAINT0001755,ACC0026003,BRW0001256,2026-05-23 17:52:26,AGENT_BEHAVIOUR,LOW,CLOSED,FIELD,2026-05-24 17:52:26
COMPLAINT0001756,ACC0004209,BRW0001182,2026-03-02 22:59:37,PAYMENT,HIGH,CLOSED,WHATSAPP,2026-03-05 22:59:37
COMPLAINT0001757,ACC0007597,BRW0004865,2026-07-10 00:52:21,DISPUTE,CRITICAL,RESOLVED,CALL,2026-07-13 00:52:21
COMPLAINT0001758,ACC0016922,BRW0004095,2026-01-14 18:12:04,DND,LOW,INVESTIGATING,FIELD,2026-01-28 18:12:04
COMPLAINT0001759,ACC0026170,BRW0011706,2026-01-20 20:06:25,WRONG_CONTACT,MEDIUM,CLOSED,WHATSAPP,2026-02-07 20:06:25
COMPLAINT0001760,ACC0017358,BRW0005281,2026-01-28 10:21:16,DISPUTE,CRITICAL,CLOSED,EMAIL,2026-02-06 10:21:16
COMPLAINT0001761,ACC0027705,BRW0001088,2026-03-01 00:47:23,AGENT_BEHAVIOUR,LOW,OPEN,CALL,2026-03-18 00:47:23
COMPLAINT0001762,ACC0024726,BRW0002924,2026-02-22 14:25:23,HARASSMENT,CRITICAL,OPEN,SMS,2026-03-04 14:25:23
COMPLAINT0001763,ACC0016609,BRW0011591,2026-05-27 06:21:39,PAYMENT,HIGH,RESOLVED,FIELD,2026-06-05 06:21:39
COMPLAINT0001764,ACC0025258,BRW0002708,2026-05-12 15:25:23,PAYMENT,CRITICAL,INVESTIGATING,FIELD,2026-05-21 15:25:23
COMPLAINT0001765,ACC0011252,BRW0004454,2026-06-03 07:18:12,DND,LOW,CLOSED,SMS,2026-06-11 07:18:12
COMPLAINT0001766,ACC0011625,BRW0005034,2026-04-10 07:46:11,HARASSMENT,CRITICAL,CLOSED,EMAIL,2026-04-25 07:46:11
COMPLAINT0001767,ACC0016750,BRW0010655,2026-04-06 22:21:56,PAYMENT,LOW,INVESTIGATING,CALL,2026-04-11 22:21:56
COMPLAINT0001768,ACC0007886,BRW0004721,2026-05-07 16:23:04,PRIVACY,CRITICAL,INVESTIGATING,SMS,2026-05-17 16:23:04
COMPLAINT0001769,ACC0027179,BRW0009697,2026-02-26 09:21:59,WRONG_CONTACT,MEDIUM,INVESTIGATING,CALL,2026-02-28 09:21:59
COMPLAINT0001770,ACC0020674,BRW0002749,2026-01-31 16:57:15,PAYMENT,MEDIUM,OPEN,SMS,2026-02-19 16:57:15
COMPLAINT0001771,ACC0025525,BRW0003949,2026-04-03 14:55:58,AGENT_BEHAVIOUR,HIGH,OPEN,EMAIL,2026-04-22 14:55:58
COMPLAINT0001772,ACC0006964,BRW0002212,2026-08-01 10:00:44,PAYMENT,LOW,INVESTIGATING,EMAIL,2026-08-05 10:00:44
COMPLAINT0001773,ACC0026001,BRW0006137,2026-07-14 16:53:47,DISPUTE,MEDIUM,CLOSED,EMAIL,2026-07-31 16:53:47
COMPLAINT0001774,ACC0021884,BRW0004377,2026-04-24 20:29:56,WRONG_CONTACT,HIGH,RESOLVED,EMAIL,2026-05-12 20:29:56
COMPLAINT0001775,ACC0018760,BRW0009554,2026-01-12 02:02:03,PRIVACY,HIGH,OPEN,FIELD,2026-01-18 02:02:03
COMPLAINT0001776,ACC0011377,BRW0010942,2026-02-24 16:10:13,HARASSMENT,HIGH,CLOSED,WHATSAPP,2026-03-07 16:10:13
COMPLAINT0001777,ACC0020353,BRW0005969,2026-06-27 16:52:54,WRONG_CONTACT,LOW,RESOLVED,SMS,2026-06-29 16:52:54
COMPLAINT0001778,ACC0025341,BRW0010601,2026-03-27 17:57:23,DISPUTE,HIGH,INVESTIGATING,EMAIL,2026-04-14 17:57:23
COMPLAINT0001779,ACC0010242,BRW0004296,2026-02-23 00:21:18,PRIVACY,HIGH,RESOLVED,EMAIL,2026-03-12 00:21:18
COMPLAINT0001780,ACC0013410,BRW0010542,2026-01-26 04:22:26,DISPUTE,MEDIUM,OPEN,EMAIL,2026-02-02 04:22:26
COMPLAINT0001781,ACC0002833,BRW0007914,2026-07-15 04:28:14,WRONG_CONTACT,LOW,INVESTIGATING,CALL,2026-07-30 04:28:14
COMPLAINT0001782,ACC0019322,BRW0002852,2026-03-29 20:37:13,PRIVACY,LOW,INVESTIGATING,FIELD,2026-04-14 20:37:13
COMPLAINT0001783,ACC0029818,BRW0007211,2026-07-17 02:41:39,AGENT_BEHAVIOUR,MEDIUM,OPEN,WHATSAPP,2026-08-05 02:41:39
COMPLAINT0001784,ACC0009381,BRW0011940,2026-01-21 10:38:24,DISPUTE,CRITICAL,RESOLVED,FIELD,2026-01-25 10:38:24
COMPLAINT0001785,ACC0019851,BRW0000261,2026-03-18 11:24:37,DND,CRITICAL,OPEN,CALL,2026-04-06 11:24:37
COMPLAINT0001786,ACC0027803,BRW0005587,2026-04-10 14:31:36,HARASSMENT,CRITICAL,OPEN,FIELD,2026-04-15 14:31:36
COMPLAINT0001787,ACC0029908,BRW0003359,2026-07-17 15:40:24,WRONG_CONTACT,LOW,CLOSED,FIELD,2026-08-05 15:40:24
COMPLAINT0001788,ACC0006751,BRW0007936,2026-03-17 05:35:48,PRIVACY,CRITICAL,CLOSED,SMS,2026-04-01 05:35:48
COMPLAINT0001789,ACC0012780,BRW0009522,2026-06-05 13:49:08,DND,MEDIUM,INVESTIGATING,WHATSAPP,2026-06-07 13:49:08
COMPLAINT0001790,ACC0021601,BRW0000420,2026-05-04 02:16:30,PAYMENT,CRITICAL,OPEN,CALL,2026-05-12 02:16:30
COMPLAINT0001791,ACC0016916,BRW0003534,2026-06-14 10:00:18,DND,MEDIUM,RESOLVED,FIELD,2026-06-17 10:00:18
COMPLAINT0001792,ACC0021611,BRW0005097,2026-06-29 10:13:53,DISPUTE,MEDIUM,INVESTIGATING,WHATSAPP,2026-07-18 10:13:53
COMPLAINT0001793,ACC0004803,BRW0001365,2026-01-16 19:09:54,PAYMENT,MEDIUM,RESOLVED,FIELD,2026-01-27 19:09:54
COMPLAINT0001794,ACC0018328,BRW0004753,2026-02-10 12:44:01,AGENT_BEHAVIOUR,HIGH,INVESTIGATING,FIELD,2026-02-18 12:44:01
COMPLAINT0001795,ACC0026180,BRW0009699,2026-04-13 05:58:29,PRIVACY,MEDIUM,INVESTIGATING,CALL,2026-04-22 05:58:29
COMPLAINT0001796,ACC0006464,BRW0007980,2026-05-24 10:31:35,WRONG_CONTACT,HIGH,CLOSED,CALL,2026-06-06 10:31:35
COMPLAINT0001797,ACC0026094,BRW0010458,2026-02-19 15:57:26,PAYMENT,MEDIUM,CLOSED,CALL,2026-03-04 15:57:26
COMPLAINT0001798,ACC0021302,BRW0010158,2026-06-09 05:45:00,DND,HIGH,OPEN,WHATSAPP,2026-06-20 05:45:00
COMPLAINT0001799,ACC0009295,BRW0002322,2026-02-17 15:09:16,PAYMENT,LOW,OPEN,SMS,2026-02-27 15:09:16
COMPLAINT0001800,ACC0008945,BRW0001301,2026-05-12 03:05:39,WRONG_CONTACT,LOW,OPEN,EMAIL,2026-05-13 03:05:39
COMPLAINT0001801,ACC0026689,BRW0004069,2026-06-07 22:05:29,DISPUTE,HIGH,CLOSED,EMAIL,2026-06-10 22:05:29
COMPLAINT0001802,ACC0000432,BRW0003317,2026-07-18 20:52:42,PAYMENT,LOW,CLOSED,SMS,2026-08-02 20:52:42
COMPLAINT0001803,ACC0028487,BRW0000927,2026-06-13 08:32:35,PAYMENT,CRITICAL,OPEN,EMAIL,2026-06-26 08:32:35
COMPLAINT0001804,ACC0003456,BRW0010875,2026-05-09 09:36:23,DISPUTE,LOW,CLOSED,SMS,2026-05-13 09:36:23
COMPLAINT0001805,ACC0028248,BRW0010725,2026-04-22 16:57:38,PAYMENT,CRITICAL,CLOSED,SMS,2026-05-01 16:57:38
COMPLAINT0001806,ACC0006050,BRW0007837,2026-01-03 13:18:25,PAYMENT,HIGH,OPEN,SMS,2026-01-05 13:18:25
COMPLAINT0001807,ACC0029207,BRW0009047,2026-07-03 00:37:03,DND,MEDIUM,INVESTIGATING,WHATSAPP,2026-07-20 00:37:03
COMPLAINT0001808,ACC0000011,BRW0006039,2026-05-14 09:25:59,HARASSMENT,MEDIUM,RESOLVED,CALL,2026-05-16 09:25:59
COMPLAINT0001809,ACC0017982,BRW0007422,2026-07-15 18:25:15,HARASSMENT,MEDIUM,OPEN,CALL,2026-07-17 18:25:15
COMPLAINT0001810,ACC0007143,BRW0000780,2026-06-14 20:18:14,HARASSMENT,CRITICAL,CLOSED,CALL,2026-06-18 20:18:14
COMPLAINT0001811,ACC0021203,BRW0008782,2026-07-28 01:46:49,PRIVACY,HIGH,CLOSED,EMAIL,2026-07-30 01:46:49
COMPLAINT0001812,ACC0010254,BRW0011699,2026-03-19 19:49:39,DND,HIGH,CLOSED,FIELD,2026-03-28 19:49:39
COMPLAINT0001813,ACC0006756,BRW0003551,2026-05-27 21:23:13,AGENT_BEHAVIOUR,CRITICAL,INVESTIGATING,EMAIL,2026-06-02 21:23:13
COMPLAINT0001814,ACC0002515,BRW0002390,2026-03-23 02:13:19,HARASSMENT,MEDIUM,CLOSED,WHATSAPP,2026-03-24 02:13:19
COMPLAINT0001815,ACC0029921,BRW0011746,2026-03-18 20:37:39,DISPUTE,MEDIUM,RESOLVED,SMS,2026-04-05 20:37:39
COMPLAINT0001816,ACC0025788,BRW0003433,2026-04-20 02:47:53,DISPUTE,MEDIUM,OPEN,SMS,2026-05-07 02:47:53
COMPLAINT0001817,ACC0012036,BRW0002980,2026-07-11 15:47:48,DISPUTE,HIGH,RESOLVED,FIELD,2026-07-23 15:47:48
COMPLAINT0001818,ACC0002963,BRW0000742,2026-02-25 15:35:26,PAYMENT,HIGH,RESOLVED,FIELD,2026-02-27 15:35:26
COMPLAINT0001819,ACC0011371,BRW0001215,2026-02-05 09:09:45,WRONG_CONTACT,CRITICAL,RESOLVED,CALL,2026-02-12 09:09:45
COMPLAINT0001820,ACC0029796,BRW0007011,2026-04-17 10:19:50,PAYMENT,CRITICAL,CLOSED,WHATSAPP,2026-04-28 10:19:50
COMPLAINT0001821,ACC0026032,BRW0011154,2026-02-07 19:12:03,PRIVACY,LOW,CLOSED,WHATSAPP,2026-02-19 19:12:03
COMPLAINT0001822,ACC0008617,BRW0004298,2026-03-14 09:23:12,DISPUTE,LOW,OPEN,WHATSAPP,2026-03-26 09:23:12
COMPLAINT0001823,ACC0022174,BRW0009883,2026-01-06 04:03:43,DISPUTE,LOW,RESOLVED,CALL,2026-01-10 04:03:43
COMPLAINT0001824,ACC0012864,BRW0006027,2026-07-18 15:14:48,PAYMENT,LOW,RESOLVED,WHATSAPP,2026-07-26 15:14:48
COMPLAINT0001825,ACC0022965,BRW0002557,2026-01-22 23:26:54,PRIVACY,CRITICAL,OPEN,EMAIL,2026-02-09 23:26:54
COMPLAINT0001826,ACC0008258,BRW0007304,2026-07-28 02:10:49,DISPUTE,MEDIUM,INVESTIGATING,SMS,2026-08-10 02:10:49
COMPLAINT0001827,ACC0021315,BRW0009156,2026-02-16 16:49:01,WRONG_CONTACT,LOW,OPEN,CALL,2026-03-03 16:49:01
COMPLAINT0001828,ACC0019949,BRW0011713,2026-04-02 00:45:54,HARASSMENT,MEDIUM,INVESTIGATING,FIELD,2026-04-07 00:45:54
COMPLAINT0001829,ACC0021686,BRW0008852,2026-05-03 19:58:49,WRONG_CONTACT,HIGH,CLOSED,SMS,2026-05-13 19:58:49
COMPLAINT0001830,ACC0022093,BRW0004783,2026-02-19 07:46:53,AGENT_BEHAVIOUR,HIGH,OPEN,FIELD,2026-02-28 07:46:53
COMPLAINT0001831,ACC0003824,BRW0010872,2026-04-17 18:38:03,DND,MEDIUM,INVESTIGATING,WHATSAPP,2026-04-19 18:38:03
COMPLAINT0001832,ACC0007794,BRW0010195,2026-06-11 07:41:10,PAYMENT,LOW,RESOLVED,WHATSAPP,2026-06-26 07:41:10
COMPLAINT0001833,ACC0014965,BRW0002745,2026-03-25 12:30:13,HARASSMENT,LOW,RESOLVED,WHATSAPP,2026-04-02 12:30:13
COMPLAINT0001834,ACC0029200,BRW0005467,2026-07-10 12:02:57,WRONG_CONTACT,CRITICAL,CLOSED,SMS,2026-07-23 12:02:57
COMPLAINT0001835,ACC0014020,BRW0000271,2026-04-25 11:56:09,PRIVACY,CRITICAL,INVESTIGATING,SMS,2026-05-03 11:56:09
COMPLAINT0001836,ACC0004432,BRW0003522,2026-06-24 22:23:15,HARASSMENT,CRITICAL,CLOSED,FIELD,2026-07-10 22:23:15
COMPLAINT0001837,ACC0008150,BRW0005330,2026-01-17 00:08:03,HARASSMENT,CRITICAL,INVESTIGATING,CALL,2026-01-31 00:08:03
COMPLAINT0001838,ACC0000295,BRW0010478,2026-03-18 21:07:09,PRIVACY,MEDIUM,CLOSED,CALL,2026-03-19 21:07:09
COMPLAINT0001839,ACC0023283,BRW0008280,2026-01-26 01:57:19,PAYMENT,CRITICAL,CLOSED,FIELD,2026-02-13 01:57:19
COMPLAINT0001840,ACC0023695,BRW0007358,2026-02-13 21:55:35,DND,LOW,OPEN,EMAIL,2026-03-03 21:55:35
COMPLAINT0001841,ACC0020645,BRW0010909,2026-03-02 05:50:01,DISPUTE,CRITICAL,OPEN,EMAIL,2026-03-04 05:50:01
COMPLAINT0001842,ACC0003543,BRW0006333,2026-05-19 20:34:31,AGENT_BEHAVIOUR,CRITICAL,CLOSED,FIELD,2026-06-07 20:34:31
COMPLAINT0001843,ACC0002251,BRW0001732,2026-07-26 08:20:25,PAYMENT,MEDIUM,INVESTIGATING,FIELD,2026-08-06 08:20:25
COMPLAINT0001844,ACC0007196,BRW0002310,2026-03-09 19:29:32,DISPUTE,CRITICAL,CLOSED,EMAIL,2026-03-11 19:29:32
COMPLAINT0001845,ACC0029941,BRW0006768,2026-06-01 13:21:38,AGENT_BEHAVIOUR,CRITICAL,INVESTIGATING,FIELD,2026-06-06 13:21:38
COMPLAINT0001846,ACC0020050,BRW0001683,2026-05-30 01:27:16,PRIVACY,CRITICAL,INVESTIGATING,FIELD,2026-05-31 01:27:16
COMPLAINT0001847,ACC0000777,BRW0001462,2026-01-17 14:41:04,WRONG_CONTACT,MEDIUM,INVESTIGATING,EMAIL,2026-01-19 14:41:04
COMPLAINT0001848,ACC0017382,BRW0003251,2026-03-26 04:04:14,HARASSMENT,HIGH,OPEN,EMAIL,2026-04-11 04:04:14
COMPLAINT0001849,ACC0021438,BRW0011918,2026-06-29 13:20:28,PAYMENT,CRITICAL,OPEN,FIELD,2026-07-04 13:20:28
COMPLAINT0001850,ACC0009635,BRW0001394,2026-02-19 20:10:38,AGENT_BEHAVIOUR,CRITICAL,CLOSED,FIELD,2026-03-05 20:10:38
COMPLAINT0001851,ACC0015312,BRW0001767,2026-01-22 04:17:50,PRIVACY,CRITICAL,OPEN,SMS,2026-02-02 04:17:50
COMPLAINT0001852,ACC0007183,BRW0007469,2026-04-07 10:48:56,AGENT_BEHAVIOUR,LOW,RESOLVED,WHATSAPP,2026-04-17 10:48:56
COMPLAINT0001853,ACC0016898,BRW0003048,2026-03-10 10:42:35,HARASSMENT,HIGH,RESOLVED,WHATSAPP,2026-03-26 10:42:35
COMPLAINT0001854,ACC0006612,BRW0006053,2026-08-06 06:34:38,HARASSMENT,LOW,INVESTIGATING,FIELD,2026-08-10 06:34:38
COMPLAINT0001855,ACC0006378,BRW0008835,2026-07-26 14:01:21,PRIVACY,HIGH,INVESTIGATING,WHATSAPP,2026-08-11 14:01:21
COMPLAINT0001856,ACC0011119,BRW0009154,2026-07-16 14:51:55,PRIVACY,HIGH,OPEN,CALL,2026-08-03 14:51:55
COMPLAINT0001857,ACC0018002,BRW0004219,2026-06-22 00:19:12,PAYMENT,CRITICAL,INVESTIGATING,SMS,2026-07-08 00:19:12
COMPLAINT0001858,ACC0010172,BRW0005676,2026-06-15 15:35:07,AGENT_BEHAVIOUR,MEDIUM,CLOSED,SMS,2026-06-26 15:35:07
COMPLAINT0001859,ACC0025608,BRW0006881,2026-04-07 07:11:54,WRONG_CONTACT,HIGH,INVESTIGATING,FIELD,2026-04-11 07:11:54
COMPLAINT0001860,ACC0016781,BRW0003421,2026-01-01 18:50:13,AGENT_BEHAVIOUR,CRITICAL,CLOSED,FIELD,2026-01-18 18:50:13
COMPLAINT0001861,ACC0015946,BRW0010494,2026-01-29 14:41:48,DISPUTE,LOW,RESOLVED,FIELD,2026-02-09 14:41:48
COMPLAINT0001862,ACC0000770,BRW0005676,2026-06-23 02:10:01,DISPUTE,LOW,RESOLVED,SMS,2026-07-09 02:10:01
COMPLAINT0001863,ACC0013031,BRW0011664,2026-01-16 10:10:13,PRIVACY,MEDIUM,OPEN,CALL,2026-02-01 10:10:13
COMPLAINT0001864,ACC0025126,BRW0000085,2026-03-28 07:33:12,DND,MEDIUM,CLOSED,EMAIL,2026-04-14 07:33:12
COMPLAINT0001865,ACC0006841,BRW0004779,2026-07-25 07:54:08,PRIVACY,LOW,RESOLVED,WHATSAPP,2026-07-31 07:54:08
COMPLAINT0001866,ACC0018203,BRW0004055,2026-02-14 08:26:02,DISPUTE,LOW,CLOSED,SMS,2026-02-17 08:26:02
COMPLAINT0001867,ACC0013117,BRW0008456,2026-01-15 08:46:58,WRONG_CONTACT,HIGH,OPEN,WHATSAPP,2026-01-17 08:46:58
COMPLAINT0001868,ACC0001656,BRW0006388,2026-03-17 12:23:53,PRIVACY,HIGH,CLOSED,CALL,2026-03-28 12:23:53
COMPLAINT0001869,ACC0006983,BRW0002365,2026-02-22 18:51:07,PRIVACY,HIGH,CLOSED,FIELD,2026-03-01 18:51:07
COMPLAINT0001870,ACC0013325,BRW0010131,2026-02-19 07:59:51,HARASSMENT,MEDIUM,RESOLVED,CALL,2026-02-20 07:59:51
COMPLAINT0001871,ACC0020281,BRW0001924,2026-01-16 02:42:04,DND,LOW,RESOLVED,SMS,2026-01-28 02:42:04
COMPLAINT0001872,ACC0007465,BRW0010413,2026-02-10 04:06:20,AGENT_BEHAVIOUR,LOW,INVESTIGATING,SMS,2026-02-23 04:06:20
COMPLAINT0001873,ACC0023917,BRW0000186,2026-08-06 15:40:57,HARASSMENT,MEDIUM,RESOLVED,WHATSAPP,2026-08-14 15:40:57
COMPLAINT0001874,ACC0012223,BRW0009062,2026-07-06 15:14:53,WRONG_CONTACT,LOW,OPEN,WHATSAPP,2026-07-15 15:14:53
COMPLAINT0001875,ACC0005031,BRW0004522,2026-06-11 02:09:38,WRONG_CONTACT,HIGH,RESOLVED,FIELD,2026-06-17 02:09:38
COMPLAINT0001876,ACC0013444,BRW0000441,2026-06-18 11:30:55,DND,HIGH,CLOSED,EMAIL,2026-06-27 11:30:55
COMPLAINT0001877,ACC0027406,BRW0003268,2026-05-29 02:25:55,PRIVACY,CRITICAL,CLOSED,CALL,2026-05-30 02:25:55
COMPLAINT0001878,ACC0008607,BRW0005343,2026-06-19 16:34:42,HARASSMENT,CRITICAL,INVESTIGATING,FIELD,2026-06-20 16:34:42
COMPLAINT0001879,ACC0029638,BRW0002112,2026-03-08 01:46:50,PAYMENT,LOW,INVESTIGATING,FIELD,2026-03-22 01:46:50
COMPLAINT0001880,ACC0026191,BRW0003436,2026-04-04 23:36:07,AGENT_BEHAVIOUR,MEDIUM,CLOSED,FIELD,2026-04-18 23:36:07
COMPLAINT0001881,ACC0008152,BRW0011800,2026-06-15 02:22:09,DISPUTE,HIGH,RESOLVED,CALL,2026-06-21 02:22:09
COMPLAINT0001882,ACC0018827,BRW0001071,2026-05-16 08:36:48,DND,MEDIUM,OPEN,WHATSAPP,2026-05-29 08:36:48
COMPLAINT0001883,ACC0001298,BRW0002689,2026-02-26 11:30:12,HARASSMENT,MEDIUM,RESOLVED,CALL,2026-03-16 11:30:12
COMPLAINT0001884,ACC0011518,BRW0011053,2026-06-09 04:11:54,PRIVACY,CRITICAL,INVESTIGATING,SMS,2026-06-22 04:11:54
COMPLAINT0001885,ACC0014700,BRW0010944,2026-05-21 09:17:45,PRIVACY,MEDIUM,OPEN,SMS,2026-05-31 09:17:45
COMPLAINT0001886,ACC0008167,BRW0010943,2026-03-06 14:37:06,DISPUTE,MEDIUM,RESOLVED,FIELD,2026-03-09 14:37:06
COMPLAINT0001887,ACC0022127,BRW0009761,2026-04-29 21:56:17,DND,MEDIUM,CLOSED,FIELD,2026-05-13 21:56:17
COMPLAINT0001888,ACC0025208,BRW0000881,2026-07-06 14:24:08,DND,LOW,RESOLVED,FIELD,2026-07-21 14:24:08
COMPLAINT0001889,ACC0002589,BRW0005731,2026-04-22 15:53:21,AGENT_BEHAVIOUR,MEDIUM,OPEN,EMAIL,2026-05-07 15:53:21
COMPLAINT0001890,ACC0003791,BRW0011981,2026-07-03 14:12:02,DISPUTE,MEDIUM,RESOLVED,CALL,2026-07-07 14:12:02
COMPLAINT0001891,ACC0011328,BRW0009818,2026-06-06 20:54:24,WRONG_CONTACT,HIGH,RESOLVED,WHATSAPP,2026-06-15 20:54:24
COMPLAINT0001892,ACC0028205,BRW0001222,2026-02-06 15:10:00,DISPUTE,MEDIUM,OPEN,SMS,2026-02-23 15:10:00
COMPLAINT0001893,ACC0008920,BRW0000962,2026-05-23 08:06:56,PAYMENT,HIGH,OPEN,EMAIL,2026-05-26 08:06:56
COMPLAINT0001894,ACC0021907,BRW0010010,2026-01-06 12:34:23,WRONG_CONTACT,MEDIUM,INVESTIGATING,FIELD,2026-01-18 12:34:23
COMPLAINT0001895,ACC0017609,BRW0010104,2026-07-05 09:45:35,PAYMENT,MEDIUM,RESOLVED,EMAIL,2026-07-06 09:45:35
COMPLAINT0001896,ACC0007435,BRW0001283,2026-02-02 05:31:30,WRONG_CONTACT,CRITICAL,CLOSED,WHATSAPP,2026-02-11 05:31:30
COMPLAINT0001897,ACC0019743,BRW0003194,2026-08-06 10:46:20,HARASSMENT,HIGH,INVESTIGATING,CALL,2026-08-20 10:46:20
COMPLAINT0001898,ACC0026971,BRW0011314,2026-01-22 09:43:34,DND,LOW,OPEN,CALL,2026-02-09 09:43:34
COMPLAINT0001899,ACC0001192,BRW0011185,2026-07-30 01:13:24,PAYMENT,MEDIUM,RESOLVED,CALL,2026-08-12 01:13:24
COMPLAINT0001900,ACC0018191,BRW0007034,2026-03-08 02:59:34,PAYMENT,MEDIUM,RESOLVED,CALL,2026-03-23 02:59:34
COMPLAINT0001901,ACC0019236,BRW0008228,2026-03-10 19:21:10,PRIVACY,MEDIUM,RESOLVED,WHATSAPP,2026-03-18 19:21:10
COMPLAINT0001902,ACC0026034,BRW0010584,2026-04-13 20:23:26,DND,MEDIUM,INVESTIGATING,SMS,2026-04-23 20:23:26
COMPLAINT0001903,ACC0021061,BRW0008537,2026-05-28 00:59:16,DISPUTE,LOW,INVESTIGATING,EMAIL,2026-06-02 00:59:16
COMPLAINT0001904,ACC0001883,BRW0007032,2026-04-04 14:40:49,DND,MEDIUM,CLOSED,WHATSAPP,2026-04-05 14:40:49
COMPLAINT0001905,ACC0007719,BRW0006280,2026-04-16 22:48:05,AGENT_BEHAVIOUR,HIGH,RESOLVED,FIELD,2026-04-27 22:48:05
COMPLAINT0001906,ACC0014790,BRW0008222,2026-07-28 11:25:33,DISPUTE,CRITICAL,INVESTIGATING,FIELD,2026-08-02 11:25:33
COMPLAINT0001907,ACC0022480,BRW0003383,2026-06-15 17:34:22,PAYMENT,HIGH,CLOSED,CALL,2026-07-01 17:34:22
COMPLAINT0001908,ACC0029084,BRW0011590,2026-07-01 06:03:43,WRONG_CONTACT,LOW,OPEN,FIELD,2026-07-18 06:03:43
COMPLAINT0001909,ACC0013030,BRW0008133,2026-07-16 03:55:16,WRONG_CONTACT,CRITICAL,INVESTIGATING,SMS,2026-07-27 03:55:16
COMPLAINT0001910,ACC0001428,BRW0001674,2026-05-29 12:51:30,DISPUTE,LOW,INVESTIGATING,CALL,2026-05-30 12:51:30
COMPLAINT0001911,ACC0023233,BRW0007360,2026-01-22 20:26:28,DND,CRITICAL,INVESTIGATING,WHATSAPP,2026-02-06 20:26:28
COMPLAINT0001912,ACC0016800,BRW0007667,2026-07-25 23:52:35,DISPUTE,MEDIUM,RESOLVED,WHATSAPP,2026-07-31 23:52:35
COMPLAINT0001913,ACC0016635,BRW0009546,2026-01-04 14:26:04,PAYMENT,HIGH,INVESTIGATING,CALL,2026-01-13 14:26:04
COMPLAINT0001914,ACC0018884,BRW0000680,2026-06-08 00:54:36,DND,CRITICAL,INVESTIGATING,FIELD,2026-06-09 00:54:36
COMPLAINT0001915,ACC0015522,BRW0000346,2026-03-13 09:16:33,DND,LOW,RESOLVED,CALL,2026-03-23 09:16:33
COMPLAINT0001916,ACC0017444,BRW0000432,2026-03-07 06:45:39,HARASSMENT,LOW,OPEN,EMAIL,2026-03-24 06:45:39
COMPLAINT0001917,ACC0024709,BRW0010708,2026-03-29 07:43:32,HARASSMENT,CRITICAL,OPEN,EMAIL,2026-04-13 07:43:32
COMPLAINT0001918,ACC0007651,BRW0007333,2026-04-18 01:20:28,DISPUTE,LOW,OPEN,EMAIL,2026-04-25 01:20:28
COMPLAINT0001919,ACC0009490,BRW0007085,2026-01-28 05:55:30,HARASSMENT,LOW,INVESTIGATING,SMS,2026-02-09 05:55:30
COMPLAINT0001920,ACC0008842,BRW0000552,2026-02-25 06:19:07,PRIVACY,HIGH,OPEN,SMS,2026-03-08 06:19:07
COMPLAINT0001921,ACC0018943,BRW0002862,2026-07-01 09:44:02,AGENT_BEHAVIOUR,HIGH,RESOLVED,EMAIL,2026-07-05 09:44:02
COMPLAINT0001922,ACC0007716,BRW0008302,2026-01-25 09:21:40,DND,CRITICAL,CLOSED,SMS,2026-02-10 09:21:40
COMPLAINT0001923,ACC0003869,BRW0002690,2026-07-30 16:05:31,PAYMENT,HIGH,RESOLVED,SMS,2026-08-04 16:05:31
COMPLAINT0001924,ACC0006115,BRW0001396,2026-07-07 18:17:25,DND,CRITICAL,OPEN,EMAIL,2026-07-10 18:17:25
COMPLAINT0001925,ACC0027306,BRW0002838,2026-01-05 21:32:58,WRONG_CONTACT,CRITICAL,RESOLVED,WHATSAPP,2026-01-22 21:32:58
COMPLAINT0001926,ACC0017330,BRW0001699,2026-06-27 04:02:06,PAYMENT,HIGH,OPEN,WHATSAPP,2026-07-07 04:02:06
COMPLAINT0001927,ACC0010546,BRW0005134,2026-04-25 00:28:14,HARASSMENT,HIGH,RESOLVED,EMAIL,2026-05-08 00:28:14
COMPLAINT0001928,ACC0021659,BRW0005879,2026-08-01 16:03:06,AGENT_BEHAVIOUR,HIGH,CLOSED,SMS,2026-08-16 16:03:06
COMPLAINT0001929,ACC0005424,BRW0001277,2026-07-20 18:34:44,AGENT_BEHAVIOUR,CRITICAL,OPEN,SMS,2026-07-25 18:34:44
COMPLAINT0001930,ACC0009101,BRW0002556,2026-03-07 09:46:34,PRIVACY,LOW,CLOSED,WHATSAPP,2026-03-14 09:46:34
COMPLAINT0001931,ACC0013384,BRW0000761,2026-08-04 22:40:38,PAYMENT,HIGH,INVESTIGATING,CALL,2026-08-19 22:40:38
COMPLAINT0001932,ACC0025758,BRW0001001,2026-01-18 09:19:51,WRONG_CONTACT,HIGH,CLOSED,WHATSAPP,2026-01-19 09:19:51
COMPLAINT0001933,ACC0007644,BRW0000774,2026-03-10 18:49:38,PAYMENT,HIGH,RESOLVED,EMAIL,2026-03-19 18:49:38
COMPLAINT0001934,ACC0004518,BRW0001896,2026-03-12 22:31:36,DND,HIGH,OPEN,FIELD,2026-03-23 22:31:36
COMPLAINT0001935,ACC0009486,BRW0011318,2026-05-07 02:27:18,DISPUTE,HIGH,RESOLVED,CALL,2026-05-20 02:27:18
COMPLAINT0001936,ACC0011736,BRW0002893,2026-04-10 00:36:13,AGENT_BEHAVIOUR,MEDIUM,CLOSED,EMAIL,2026-04-13 00:36:13
COMPLAINT0001937,ACC0016290,BRW0000752,2026-07-09 14:09:22,AGENT_BEHAVIOUR,CRITICAL,OPEN,EMAIL,2026-07-21 14:09:22
COMPLAINT0001938,ACC0019483,BRW0007064,2026-07-06 14:01:18,PRIVACY,CRITICAL,CLOSED,EMAIL,2026-07-16 14:01:18
COMPLAINT0001939,ACC0012856,BRW0003307,2026-06-01 12:51:41,DISPUTE,CRITICAL,RESOLVED,CALL,2026-06-10 12:51:41
COMPLAINT0001940,ACC0025072,BRW0001184,2026-04-09 14:32:27,AGENT_BEHAVIOUR,HIGH,INVESTIGATING,EMAIL,2026-04-27 14:32:27
COMPLAINT0001941,ACC0010531,BRW0000410,2026-07-30 15:20:54,DND,LOW,OPEN,CALL,2026-08-15 15:20:54
COMPLAINT0001942,ACC0029438,BRW0002218,2026-02-24 13:04:00,PAYMENT,CRITICAL,INVESTIGATING,FIELD,2026-03-09 13:04:00
COMPLAINT0001943,ACC0010771,BRW0008646,2026-02-25 22:41:57,DND,LOW,OPEN,EMAIL,2026-03-04 22:41:57
COMPLAINT0001944,ACC0026987,BRW0007010,2026-05-12 04:25:52,DISPUTE,CRITICAL,OPEN,WHATSAPP,2026-05-25 04:25:52
COMPLAINT0001945,ACC0017415,BRW0008074,2026-07-21 02:50:36,DND,LOW,CLOSED,WHATSAPP,2026-07-24 02:50:36
COMPLAINT0001946,ACC0020347,BRW0006624,2026-02-23 18:59:09,PRIVACY,CRITICAL,RESOLVED,CALL,2026-03-08 18:59:09
COMPLAINT0001947,ACC0026759,BRW0002104,2026-01-16 04:35:48,DND,MEDIUM,INVESTIGATING,FIELD,2026-02-01 04:35:48
COMPLAINT0001948,ACC0002038,BRW0009579,2026-04-23 05:00:58,AGENT_BEHAVIOUR,MEDIUM,OPEN,CALL,2026-05-05 05:00:58
COMPLAINT0001949,ACC0012755,BRW0000121,2026-03-05 12:55:55,DISPUTE,LOW,OPEN,FIELD,2026-03-15 12:55:55
COMPLAINT0001950,ACC0027562,BRW0006690,2026-07-25 23:56:01,DISPUTE,CRITICAL,RESOLVED,CALL,2026-08-12 23:56:01
COMPLAINT0001951,ACC0012752,BRW0003172,2026-06-22 16:40:33,WRONG_CONTACT,LOW,INVESTIGATING,EMAIL,2026-06-24 16:40:33
COMPLAINT0001952,ACC0000096,BRW0002135,2026-06-20 03:12:35,WRONG_CONTACT,HIGH,CLOSED,FIELD,2026-06-25 03:12:35
COMPLAINT0001953,ACC0014801,BRW0010754,2026-01-15 15:16:41,PRIVACY,MEDIUM,CLOSED,FIELD,2026-01-31 15:16:41
COMPLAINT0001954,ACC0008337,BRW0003625,2026-05-14 16:23:24,WRONG_CONTACT,HIGH,OPEN,WHATSAPP,2026-05-23 16:23:24
COMPLAINT0001955,ACC0008717,BRW0001424,2026-04-03 08:58:50,AGENT_BEHAVIOUR,LOW,INVESTIGATING,WHATSAPP,2026-04-22 08:58:50
COMPLAINT0001956,ACC0001410,BRW0003031,2026-06-24 10:23:42,DISPUTE,MEDIUM,RESOLVED,SMS,2026-06-30 10:23:42
COMPLAINT0001957,ACC0009996,BRW0009599,2026-07-09 21:50:16,AGENT_BEHAVIOUR,CRITICAL,INVESTIGATING,SMS,2026-07-18 21:50:16
COMPLAINT0001958,ACC0025333,BRW0006898,2026-05-22 16:27:07,DND,MEDIUM,CLOSED,EMAIL,2026-06-02 16:27:07
COMPLAINT0001959,ACC0019183,BRW0003559,2026-06-16 10:54:46,DND,MEDIUM,CLOSED,FIELD,2026-06-30 10:54:46
COMPLAINT0001960,ACC0011295,BRW0010335,2026-05-12 15:40:29,HARASSMENT,MEDIUM,OPEN,EMAIL,2026-05-20 15:40:29
COMPLAINT0001961,ACC0010396,BRW0004144,2026-05-01 09:18:30,HARASSMENT,LOW,OPEN,WHATSAPP,2026-05-07 09:18:30
COMPLAINT0001962,ACC0013589,BRW0000817,2026-01-09 11:30:23,DISPUTE,CRITICAL,CLOSED,SMS,2026-01-21 11:30:23
COMPLAINT0001963,ACC0016608,BRW0002748,2026-07-18 09:50:25,PRIVACY,LOW,RESOLVED,WHATSAPP,2026-07-19 09:50:25
COMPLAINT0001964,ACC0023295,BRW0003684,2026-08-03 09:07:25,HARASSMENT,MEDIUM,OPEN,EMAIL,2026-08-08 09:07:25
COMPLAINT0001965,ACC0019793,BRW0008696,2026-07-22 14:10:03,PRIVACY,CRITICAL,CLOSED,FIELD,2026-07-25 14:10:03
COMPLAINT0001966,ACC0001613,BRW0010305,2026-01-30 19:43:09,PAYMENT,LOW,INVESTIGATING,EMAIL,2026-02-09 19:43:09
COMPLAINT0001967,ACC0004358,BRW0004405,2026-04-22 02:10:11,AGENT_BEHAVIOUR,CRITICAL,OPEN,SMS,2026-05-10 02:10:11
COMPLAINT0001968,ACC0020299,BRW0007453,2026-06-27 21:09:24,WRONG_CONTACT,CRITICAL,CLOSED,WHATSAPP,2026-06-29 21:09:24
COMPLAINT0001969,ACC0023552,BRW0006388,2026-07-15 00:34:50,DISPUTE,CRITICAL,RESOLVED,WHATSAPP,2026-08-01 00:34:50
COMPLAINT0001970,ACC0018152,BRW0001495,2026-04-22 15:00:03,DISPUTE,HIGH,INVESTIGATING,EMAIL,2026-05-06 15:00:03
COMPLAINT0001971,ACC0010597,BRW0001621,2026-04-01 08:14:21,DISPUTE,HIGH,OPEN,CALL,2026-04-03 08:14:21
COMPLAINT0001972,ACC0019694,BRW0009135,2026-03-29 06:10:50,DISPUTE,CRITICAL,INVESTIGATING,FIELD,2026-04-15 06:10:50
COMPLAINT0001973,ACC0023042,BRW0007866,2026-06-09 04:28:25,DISPUTE,HIGH,INVESTIGATING,CALL,2026-06-20 04:28:25
COMPLAINT0001974,ACC0017651,BRW0009358,2026-03-14 03:30:49,PRIVACY,MEDIUM,RESOLVED,SMS,2026-03-28 03:30:49
COMPLAINT0001975,ACC0027387,BRW0007103,2026-03-28 23:56:20,DND,CRITICAL,INVESTIGATING,WHATSAPP,2026-04-04 23:56:20
COMPLAINT0001976,ACC0011093,BRW0008259,2026-06-05 20:05:13,PAYMENT,HIGH,INVESTIGATING,FIELD,2026-06-10 20:05:13
COMPLAINT0001977,ACC0006025,BRW0005978,2026-05-21 16:58:08,DND,CRITICAL,RESOLVED,EMAIL,2026-06-02 16:58:08
COMPLAINT0001978,ACC0002137,BRW0000454,2026-02-17 04:38:22,PRIVACY,HIGH,INVESTIGATING,WHATSAPP,2026-03-07 04:38:22
COMPLAINT0001979,ACC0002622,BRW0010636,2026-07-09 20:14:53,HARASSMENT,HIGH,RESOLVED,WHATSAPP,2026-07-10 20:14:53
COMPLAINT0001980,ACC0011001,BRW0011524,2026-02-02 10:23:32,PAYMENT,HIGH,INVESTIGATING,FIELD,2026-02-09 10:23:32
COMPLAINT0001981,ACC0010405,BRW0002933,2026-02-12 17:18:09,AGENT_BEHAVIOUR,CRITICAL,RESOLVED,FIELD,2026-02-19 17:18:09
COMPLAINT0001982,ACC0015886,BRW0011075,2026-05-03 03:59:08,DISPUTE,CRITICAL,INVESTIGATING,SMS,2026-05-11 03:59:08
COMPLAINT0001983,ACC0025870,BRW0007196,2026-06-23 21:19:43,DND,HIGH,RESOLVED,SMS,2026-07-02 21:19:43
COMPLAINT0001984,ACC0010380,BRW0000457,2026-03-23 21:05:48,WRONG_CONTACT,LOW,CLOSED,SMS,2026-03-28 21:05:48
COMPLAINT0001985,ACC0013398,BRW0009958,2026-01-14 20:14:33,AGENT_BEHAVIOUR,LOW,INVESTIGATING,FIELD,2026-01-18 20:14:33
COMPLAINT0001986,ACC0007932,BRW0002908,2026-04-24 21:09:06,DND,HIGH,OPEN,FIELD,2026-05-04 21:09:06
COMPLAINT0001987,ACC0005547,BRW0008841,2026-03-22 13:14:39,WRONG_CONTACT,HIGH,RESOLVED,WHATSAPP,2026-04-05 13:14:39
COMPLAINT0001988,ACC0013688,BRW0007267,2026-01-11 14:56:11,WRONG_CONTACT,CRITICAL,CLOSED,CALL,2026-01-14 14:56:11
COMPLAINT0001989,ACC0009442,BRW0002699,2026-02-25 06:30:30,HARASSMENT,MEDIUM,CLOSED,SMS,2026-03-03 06:30:30
COMPLAINT0001990,ACC0014389,BRW0005492,2026-02-07 20:53:07,PRIVACY,MEDIUM,RESOLVED,WHATSAPP,2026-02-20 20:53:07
COMPLAINT0001991,ACC0017032,BRW0009690,2026-01-11 20:29:20,PRIVACY,MEDIUM,RESOLVED,FIELD,2026-01-26 20:29:20
COMPLAINT0001992,ACC0017895,BRW0005129,2026-07-31 12:38:18,PAYMENT,CRITICAL,RESOLVED,SMS,2026-08-02 12:38:18
COMPLAINT0001993,ACC0008934,BRW0009231,2026-02-01 22:38:06,AGENT_BEHAVIOUR,CRITICAL,OPEN,WHATSAPP,2026-02-03 22:38:06
COMPLAINT0001994,ACC0010013,BRW0001253,2026-03-15 01:18:37,DND,MEDIUM,OPEN,EMAIL,2026-03-23 01:18:37
COMPLAINT0001995,ACC0008316,BRW0004566,2026-03-27 09:30:12,AGENT_BEHAVIOUR,LOW,RESOLVED,SMS,2026-04-04 09:30:12
COMPLAINT0001996,ACC0027003,BRW0001395,2026-06-05 08:08:39,DISPUTE,CRITICAL,INVESTIGATING,EMAIL,2026-06-07 08:08:39
COMPLAINT0001997,ACC0008531,BRW0008956,2026-04-20 04:49:17,AGENT_BEHAVIOUR,CRITICAL,RESOLVED,FIELD,2026-05-01 04:49:17
COMPLAINT0001998,ACC0016639,BRW0010330,2026-06-14 12:22:19,WRONG_CONTACT,CRITICAL,CLOSED,FIELD,2026-06-17 12:22:19
COMPLAINT0001999,ACC0007302,BRW0005965,2026-04-28 08:09:52,HARASSMENT,MEDIUM,CLOSED,FIELD,2026-05-07 08:09:52
COMPLAINT0002000,ACC0002715,BRW0010228,2026-07-04 14:59:39,DISPUTE,LOW,INVESTIGATING,WHATSAPP,2026-07-18 14:59:39
COMPLAINT0002001,ACC0001954,BRW0001422,2026-04-03 01:04:32,PRIVACY,HIGH,OPEN,CALL,2026-04-13 01:04:32
COMPLAINT0002002,ACC0022709,BRW0004778,2026-02-11 23:41:01,DND,LOW,INVESTIGATING,WHATSAPP,2026-02-12 23:41:01
COMPLAINT0002003,ACC0018599,BRW0002469,2026-06-28 21:11:00,WRONG_CONTACT,CRITICAL,RESOLVED,CALL,2026-07-08 21:11:00
COMPLAINT0002004,ACC0010446,BRW0009959,2026-07-18 02:13:06,PAYMENT,MEDIUM,INVESTIGATING,FIELD,2026-07-24 02:13:06
COMPLAINT0002005,ACC0020415,BRW0002050,2026-07-14 15:46:45,PRIVACY,MEDIUM,OPEN,EMAIL,2026-07-15 15:46:45
COMPLAINT0002006,ACC0018566,BRW0002515,2026-08-06 13:11:54,PAYMENT,CRITICAL,OPEN,FIELD,2026-08-08 13:11:54
COMPLAINT0002007,ACC0015744,BRW0001935,2026-01-04 02:54:04,DND,LOW,OPEN,CALL,2026-01-12 02:54:04
COMPLAINT0002008,ACC0003984,BRW0009546,2026-08-06 01:47:31,AGENT_BEHAVIOUR,CRITICAL,OPEN,SMS,2026-08-23 01:47:31
COMPLAINT0002009,ACC0028533,BRW0005448,2026-01-16 07:55:54,DISPUTE,CRITICAL,INVESTIGATING,EMAIL,2026-01-18 07:55:54
COMPLAINT0002010,ACC0015818,BRW0000396,2026-07-16 15:12:24,AGENT_BEHAVIOUR,HIGH,INVESTIGATING,EMAIL,2026-08-01 15:12:24
COMPLAINT0002011,ACC0016369,BRW0008565,2026-07-22 19:27:55,PRIVACY,HIGH,OPEN,FIELD,2026-07-27 19:27:55
COMPLAINT0002012,ACC0008726,BRW0011609,2026-06-06 09:28:19,PAYMENT,CRITICAL,INVESTIGATING,SMS,2026-06-17 09:28:19
COMPLAINT0002013,ACC0015949,BRW0010714,2026-04-03 00:07:20,HARASSMENT,MEDIUM,CLOSED,CALL,2026-04-15 00:07:20
COMPLAINT0002014,ACC0019735,BRW0005453,2026-01-02 12:02:59,HARASSMENT,HIGH,INVESTIGATING,SMS,2026-01-16 12:02:59
COMPLAINT0002015,ACC0000449,BRW0001493,2026-02-13 02:22:03,DISPUTE,MEDIUM,INVESTIGATING,WHATSAPP,2026-02-27 02:22:03
COMPLAINT0002016,ACC0023452,BRW0007292,2026-07-25 05:07:28,PAYMENT,HIGH,INVESTIGATING,FIELD,2026-08-02 05:07:28
COMPLAINT0002017,ACC0020568,BRW0000781,2026-01-28 08:18:17,WRONG_CONTACT,LOW,CLOSED,WHATSAPP,2026-02-02 08:18:17
COMPLAINT0002018,ACC0015085,BRW0010428,2026-02-25 21:25:01,HARASSMENT,HIGH,INVESTIGATING,WHATSAPP,2026-03-16 21:25:01
COMPLAINT0002019,ACC0020163,BRW0007663,2026-03-10 15:09:49,AGENT_BEHAVIOUR,MEDIUM,INVESTIGATING,FIELD,2026-03-17 15:09:49
COMPLAINT0002020,ACC0005281,BRW0003341,2026-03-28 13:56:57,DISPUTE,HIGH,CLOSED,SMS,2026-03-30 13:56:57
COMPLAINT0002021,ACC0022325,BRW0000945,2026-04-09 06:58:23,HARASSMENT,HIGH,OPEN,EMAIL,2026-04-16 06:58:23
COMPLAINT0002022,ACC0026232,BRW0007468,2026-04-14 20:00:06,DND,CRITICAL,OPEN,EMAIL,2026-04-18 20:00:06
COMPLAINT0002023,ACC0005740,BRW0002755,2026-07-12 09:12:21,PAYMENT,MEDIUM,RESOLVED,EMAIL,2026-07-17 09:12:21
COMPLAINT0002024,ACC0013052,BRW0002304,2026-07-05 18:41:32,PRIVACY,CRITICAL,RESOLVED,FIELD,2026-07-24 18:41:32
COMPLAINT0002025,ACC0025792,BRW0007504,2026-07-26 01:37:53,DND,CRITICAL,INVESTIGATING,WHATSAPP,2026-08-06 01:37:53
COMPLAINT0002026,ACC0021315,BRW0002588,2026-04-12 20:15:38,PRIVACY,LOW,CLOSED,SMS,2026-04-28 20:15:38
COMPLAINT0002027,ACC0026032,BRW0008352,2026-04-03 15:27:01,PAYMENT,LOW,OPEN,EMAIL,2026-04-16 15:27:01
COMPLAINT0002028,ACC0015707,BRW0002096,2026-07-17 15:35:58,DISPUTE,MEDIUM,OPEN,WHATSAPP,2026-07-28 15:35:58
COMPLAINT0002029,ACC0016888,BRW0001482,2026-07-21 02:07:03,PAYMENT,LOW,INVESTIGATING,SMS,2026-07-22 02:07:03
COMPLAINT0002030,ACC0011109,BRW0010245,2026-06-28 09:10:32,DISPUTE,MEDIUM,RESOLVED,SMS,2026-07-11 09:10:32
COMPLAINT0002031,ACC0016166,BRW0007592,2026-04-26 15:02:56,DISPUTE,HIGH,CLOSED,SMS,2026-05-02 15:02:56
COMPLAINT0002032,ACC0010140,BRW0004800,2026-03-04 11:42:59,DND,MEDIUM,OPEN,WHATSAPP,2026-03-10 11:42:59
COMPLAINT0002033,ACC0025249,BRW0005691,2026-04-01 12:06:31,HARASSMENT,HIGH,OPEN,SMS,2026-04-13 12:06:31
COMPLAINT0002034,ACC0007745,BRW0000581,2026-04-08 10:48:16,AGENT_BEHAVIOUR,HIGH,RESOLVED,FIELD,2026-04-18 10:48:16
COMPLAINT0002035,ACC0021514,BRW0000723,2026-04-28 01:41:05,AGENT_BEHAVIOUR,LOW,OPEN,SMS,2026-05-16 01:41:05
COMPLAINT0002036,ACC0001221,BRW0006362,2026-04-11 01:24:36,AGENT_BEHAVIOUR,HIGH,OPEN,EMAIL,2026-04-29 01:24:36
COMPLAINT0002037,ACC0012942,BRW0000613,2026-05-01 15:41:01,AGENT_BEHAVIOUR,MEDIUM,OPEN,SMS,2026-05-18 15:41:01
COMPLAINT0002038,ACC0013966,BRW0010357,2026-07-09 23:01:12,DND,LOW,INVESTIGATING,FIELD,2026-07-23 23:01:12
COMPLAINT0002039,ACC0013211,BRW0000066,2026-06-21 00:38:46,DND,LOW,OPEN,EMAIL,2026-07-03 00:38:46
COMPLAINT0002040,ACC0021012,BRW0010107,2026-05-14 14:01:45,PAYMENT,HIGH,RESOLVED,FIELD,2026-05-18 14:01:45
COMPLAINT0002041,ACC0021286,BRW0009081,2026-02-05 19:48:02,DND,HIGH,INVESTIGATING,EMAIL,2026-02-06 19:48:02
COMPLAINT0002042,ACC0019550,BRW0010362,2026-04-27 02:22:57,PAYMENT,LOW,RESOLVED,EMAIL,2026-05-14 02:22:57
COMPLAINT0002043,ACC0026528,BRW0005422,2026-04-05 17:54:05,HARASSMENT,LOW,CLOSED,EMAIL,2026-04-11 17:54:05
COMPLAINT0002044,ACC0024859,BRW0004887,2026-04-05 14:44:36,PRIVACY,MEDIUM,RESOLVED,WHATSAPP,2026-04-07 14:44:36
COMPLAINT0002045,ACC0005079,BRW0007315,2026-05-05 23:57:09,HARASSMENT,MEDIUM,OPEN,CALL,2026-05-06 23:57:09
COMPLAINT0002046,ACC0005204,BRW0005450,2026-02-06 03:38:36,AGENT_BEHAVIOUR,LOW,OPEN,WHATSAPP,2026-02-08 03:38:36
COMPLAINT0002047,ACC0011540,BRW0000679,2026-03-23 03:53:05,WRONG_CONTACT,CRITICAL,RESOLVED,CALL,2026-04-09 03:53:05
COMPLAINT0002048,ACC0012655,BRW0009345,2026-03-23 22:45:03,PRIVACY,LOW,RESOLVED,SMS,2026-04-08 22:45:03
COMPLAINT0002049,ACC0024159,BRW0000231,2026-06-07 19:12:04,AGENT_BEHAVIOUR,CRITICAL,CLOSED,FIELD,2026-06-09 19:12:04
COMPLAINT0002050,ACC0021952,BRW0008040,2026-01-15 10:24:50,PAYMENT,LOW,OPEN,SMS,2026-01-30 10:24:50
COMPLAINT0002051,ACC0016031,BRW0003378,2026-06-20 06:14:53,DND,HIGH,CLOSED,FIELD,2026-07-03 06:14:53
COMPLAINT0002052,ACC0012841,BRW0007209,2026-02-04 02:53:49,PAYMENT,CRITICAL,INVESTIGATING,SMS,2026-02-08 02:53:49
COMPLAINT0002053,ACC0010702,BRW0010767,2026-01-23 01:22:47,AGENT_BEHAVIOUR,HIGH,OPEN,CALL,2026-02-06 01:22:47
COMPLAINT0002054,ACC0019627,BRW0009179,2026-05-17 01:06:52,DND,MEDIUM,RESOLVED,FIELD,2026-05-28 01:06:52
COMPLAINT0002055,ACC0017131,BRW0010874,2026-05-17 21:55:14,PRIVACY,LOW,INVESTIGATING,CALL,2026-05-26 21:55:14
COMPLAINT0002056,ACC0006168,BRW0008629,2026-05-19 08:29:53,HARASSMENT,HIGH,CLOSED,WHATSAPP,2026-05-22 08:29:53
COMPLAINT0002057,ACC0020790,BRW0000786,2026-05-15 02:49:29,AGENT_BEHAVIOUR,MEDIUM,RESOLVED,EMAIL,2026-05-21 02:49:29
COMPLAINT0002058,ACC0024873,BRW0005037,2026-01-21 12:00:14,DISPUTE,CRITICAL,INVESTIGATING,WHATSAPP,2026-01-27 12:00:14
COMPLAINT0002059,ACC0014775,BRW0007276,2026-04-25 12:25:02,DISPUTE,HIGH,RESOLVED,EMAIL,2026-05-05 12:25:02
COMPLAINT0002060,ACC0005326,BRW0009089,2026-06-11 08:10:12,PAYMENT,LOW,INVESTIGATING,CALL,2026-06-19 08:10:12
COMPLAINT0002061,ACC0000462,BRW0011185,2026-02-23 13:36:46,WRONG_CONTACT,MEDIUM,INVESTIGATING,FIELD,2026-03-08 13:36:46
COMPLAINT0002062,ACC0025108,BRW0008834,2026-02-03 23:10:37,AGENT_BEHAVIOUR,CRITICAL,INVESTIGATING,CALL,2026-02-12 23:10:37
COMPLAINT0002063,ACC0002886,BRW0006855,2026-06-02 00:24:00,HARASSMENT,MEDIUM,RESOLVED,WHATSAPP,2026-06-16 00:24:00
COMPLAINT0002064,ACC0026099,BRW0003120,2026-03-09 22:44:28,PAYMENT,CRITICAL,RESOLVED,WHATSAPP,2026-03-23 22:44:28
COMPLAINT0002065,ACC0011281,BRW0010152,2026-08-02 14:48:47,HARASSMENT,MEDIUM,RESOLVED,FIELD,2026-08-09 14:48:47
COMPLAINT0002066,ACC0019858,BRW0001574,2026-01-31 04:30:11,HARASSMENT,HIGH,INVESTIGATING,WHATSAPP,2026-02-01 04:30:11
COMPLAINT0002067,ACC0028673,BRW0002943,2026-05-08 08:38:57,WRONG_CONTACT,CRITICAL,RESOLVED,CALL,2026-05-18 08:38:57
COMPLAINT0002068,ACC0025746,BRW0009733,2026-08-06 16:12:28,HARASSMENT,MEDIUM,RESOLVED,EMAIL,2026-08-15 16:12:28
COMPLAINT0002069,ACC0017121,BRW0002126,2026-07-16 10:15:44,AGENT_BEHAVIOUR,HIGH,RESOLVED,CALL,2026-08-01 10:15:44
COMPLAINT0002070,ACC0004641,BRW0002828,2026-05-08 16:49:34,PAYMENT,LOW,OPEN,CALL,2026-05-09 16:49:34
COMPLAINT0002071,ACC0009259,BRW0002468,2026-01-20 07:36:52,DND,CRITICAL,INVESTIGATING,FIELD,2026-02-07 07:36:52
COMPLAINT0002072,ACC0022745,BRW0003015,2026-04-29 02:20:20,PRIVACY,MEDIUM,RESOLVED,WHATSAPP,2026-05-05 02:20:20
COMPLAINT0002073,ACC0009802,BRW0004245,2026-03-27 07:12:45,PRIVACY,MEDIUM,RESOLVED,FIELD,2026-03-29 07:12:45
COMPLAINT0002074,ACC0029660,BRW0000664,2026-04-14 14:21:52,DISPUTE,CRITICAL,CLOSED,FIELD,2026-04-22 14:21:52
COMPLAINT0002075,ACC0022327,BRW0004424,2026-01-30 18:01:45,DND,HIGH,RESOLVED,SMS,2026-02-13 18:01:45
COMPLAINT0002076,ACC0028004,BRW0005023,2026-07-08 11:55:29,DND,HIGH,RESOLVED,EMAIL,2026-07-09 11:55:29
COMPLAINT0002077,ACC0012660,BRW0003792,2026-03-26 15:08:11,AGENT_BEHAVIOUR,LOW,RESOLVED,FIELD,2026-03-27 15:08:11
COMPLAINT0002078,ACC0004630,BRW0003709,2026-03-22 09:44:28,DND,LOW,INVESTIGATING,SMS,2026-03-25 09:44:28
COMPLAINT0002079,ACC0000737,BRW0010943,2026-06-26 21:50:17,WRONG_CONTACT,MEDIUM,CLOSED,WHATSAPP,2026-07-11 21:50:17
COMPLAINT0002080,ACC0015346,BRW0007838,2026-01-21 04:35:49,WRONG_CONTACT,MEDIUM,RESOLVED,CALL,2026-02-04 04:35:49
COMPLAINT0002081,ACC0011741,BRW0003847,2026-01-16 17:26:08,DISPUTE,HIGH,OPEN,FIELD,2026-01-25 17:26:08
COMPLAINT0002082,ACC0002059,BRW0001882,2026-05-07 01:46:16,AGENT_BEHAVIOUR,CRITICAL,CLOSED,WHATSAPP,2026-05-09 01:46:16
COMPLAINT0002083,ACC0024896,BRW0010040,2026-01-22 21:34:46,WRONG_CONTACT,MEDIUM,RESOLVED,WHATSAPP,2026-01-31 21:34:46
COMPLAINT0002084,ACC0019128,BRW0005894,2026-04-16 14:34:11,WRONG_CONTACT,LOW,OPEN,WHATSAPP,2026-04-20 14:34:11
COMPLAINT0002085,ACC0005313,BRW0009169,2026-07-18 16:14:40,DISPUTE,LOW,RESOLVED,CALL,2026-08-01 16:14:40
COMPLAINT0002086,ACC0007020,BRW0007456,2026-06-23 15:39:49,WRONG_CONTACT,MEDIUM,CLOSED,FIELD,2026-07-12 15:39:49
COMPLAINT0002087,ACC0001608,BRW0010299,2026-05-24 08:48:26,PRIVACY,MEDIUM,OPEN,SMS,2026-05-31 08:48:26
COMPLAINT0002088,ACC0000241,BRW0008829,2026-05-09 00:26:19,AGENT_BEHAVIOUR,LOW,RESOLVED,FIELD,2026-05-12 00:26:19
COMPLAINT0002089,ACC0001936,BRW0006012,2026-05-25 22:50:54,AGENT_BEHAVIOUR,MEDIUM,INVESTIGATING,FIELD,2026-05-27 22:50:54
COMPLAINT0002090,ACC0016438,BRW0007039,2026-01-01 04:00:03,WRONG_CONTACT,MEDIUM,INVESTIGATING,WHATSAPP,2026-01-20 04:00:03
COMPLAINT0002091,ACC0003091,BRW0004845,2026-05-18 07:38:21,AGENT_BEHAVIOUR,LOW,RESOLVED,WHATSAPP,2026-05-19 07:38:21
COMPLAINT0002092,ACC0009202,BRW0008576,2026-05-19 09:15:21,DISPUTE,LOW,INVESTIGATING,WHATSAPP,2026-05-27 09:15:21
COMPLAINT0002093,ACC0019168,BRW0011995,2026-06-08 19:27:58,DND,CRITICAL,OPEN,CALL,2026-06-21 19:27:58
COMPLAINT0002094,ACC0012540,BRW0000985,2026-03-27 08:42:17,DND,LOW,CLOSED,FIELD,2026-04-13 08:42:17
COMPLAINT0002095,ACC0017296,BRW0006140,2026-03-29 02:30:20,AGENT_BEHAVIOUR,CRITICAL,CLOSED,WHATSAPP,2026-04-01 02:30:20
COMPLAINT0002096,ACC0023404,BRW0005908,2026-01-13 13:32:50,DISPUTE,HIGH,OPEN,SMS,2026-01-29 13:32:50
COMPLAINT0002097,ACC0004680,BRW0000383,2026-05-27 21:17:13,WRONG_CONTACT,CRITICAL,CLOSED,SMS,2026-06-12 21:17:13
COMPLAINT0002098,ACC0026735,BRW0006923,2026-02-11 21:15:35,WRONG_CONTACT,LOW,CLOSED,FIELD,2026-02-13 21:15:35
COMPLAINT0002099,ACC0020737,BRW0011446,2026-01-12 23:39:08,AGENT_BEHAVIOUR,CRITICAL,OPEN,SMS,2026-01-31 23:39:08
COMPLAINT0002100,ACC0006625,BRW0006741,2026-07-07 02:55:54,DND,MEDIUM,OPEN,FIELD,2026-07-16 02:55:54
COMPLAINT0002101,ACC0003817,BRW0010089,2026-04-13 14:11:37,PRIVACY,HIGH,OPEN,WHATSAPP,2026-04-21 14:11:37
COMPLAINT0002102,ACC0014128,BRW0011074,2026-02-05 23:33:38,DISPUTE,HIGH,CLOSED,FIELD,2026-02-19 23:33:38
COMPLAINT0002103,ACC0024429,BRW0009699,2026-01-30 05:36:44,WRONG_CONTACT,MEDIUM,OPEN,CALL,2026-02-04 05:36:44
COMPLAINT0002104,ACC0017486,BRW0011109,2026-01-29 03:09:03,DISPUTE,LOW,CLOSED,EMAIL,2026-02-03 03:09:03
COMPLAINT0002105,ACC0025468,BRW0010477,2026-06-13 22:48:44,AGENT_BEHAVIOUR,LOW,INVESTIGATING,CALL,2026-06-22 22:48:44
COMPLAINT0002106,ACC0016000,BRW0004522,2026-08-05 03:44:08,AGENT_BEHAVIOUR,CRITICAL,RESOLVED,FIELD,2026-08-07 03:44:08
COMPLAINT0002107,ACC0003854,BRW0005858,2026-03-17 09:02:28,DISPUTE,LOW,CLOSED,EMAIL,2026-03-27 09:02:28
COMPLAINT0002108,ACC0003278,BRW0000812,2026-06-16 18:08:07,PAYMENT,LOW,INVESTIGATING,WHATSAPP,2026-06-29 18:08:07
COMPLAINT0002109,ACC0028121,BRW0007165,2026-05-25 08:05:51,DISPUTE,HIGH,RESOLVED,FIELD,2026-06-03 08:05:51
COMPLAINT0002110,ACC0002523,BRW0008441,2026-06-22 19:22:32,PRIVACY,HIGH,RESOLVED,WHATSAPP,2026-07-01 19:22:32
COMPLAINT0002111,ACC0000704,BRW0001658,2026-07-10 04:07:37,DND,LOW,OPEN,FIELD,2026-07-27 04:07:37
COMPLAINT0002112,ACC0008668,BRW0008023,2026-03-30 11:49:12,PAYMENT,MEDIUM,OPEN,CALL,2026-04-07 11:49:12
COMPLAINT0002113,ACC0019622,BRW0011608,2026-01-27 08:40:18,DND,MEDIUM,CLOSED,SMS,2026-02-02 08:40:18
COMPLAINT0002114,ACC0003104,BRW0007933,2026-04-30 22:26:07,AGENT_BEHAVIOUR,LOW,CLOSED,CALL,2026-05-17 22:26:07
COMPLAINT0002115,ACC0013709,BRW0008029,2026-04-05 05:23:31,HARASSMENT,MEDIUM,OPEN,SMS,2026-04-10 05:23:31
COMPLAINT0002116,ACC0001639,BRW0000689,2026-05-30 05:39:46,DND,HIGH,OPEN,WHATSAPP,2026-06-05 05:39:46
COMPLAINT0002117,ACC0018778,BRW0004127,2026-05-26 00:43:44,PRIVACY,MEDIUM,RESOLVED,WHATSAPP,2026-05-30 00:43:44
COMPLAINT0002118,ACC0026681,BRW0000924,2026-03-02 13:13:39,PRIVACY,CRITICAL,OPEN,EMAIL,2026-03-16 13:13:39
COMPLAINT0002119,ACC0008091,BRW0004583,2026-07-17 20:42:56,DISPUTE,HIGH,RESOLVED,SMS,2026-07-25 20:42:56
COMPLAINT0002120,ACC0020713,BRW0003223,2026-06-15 12:02:48,AGENT_BEHAVIOUR,LOW,OPEN,WHATSAPP,2026-06-19 12:02:48
COMPLAINT0002121,ACC0020041,BRW0003890,2026-05-09 17:13:31,DND,MEDIUM,INVESTIGATING,FIELD,2026-05-12 17:13:31
COMPLAINT0002122,ACC0011727,BRW0008517,2026-02-09 04:07:15,DISPUTE,LOW,CLOSED,WHATSAPP,2026-02-20 04:07:15
COMPLAINT0002123,ACC0007766,BRW0008747,2026-06-10 21:37:19,AGENT_BEHAVIOUR,MEDIUM,OPEN,CALL,2026-06-28 21:37:19
COMPLAINT0002124,ACC0024047,BRW0011005,2026-07-08 00:41:50,WRONG_CONTACT,MEDIUM,INVESTIGATING,FIELD,2026-07-26 00:41:50
COMPLAINT0002125,ACC0020270,BRW0004516,2026-08-02 08:43:33,HARASSMENT,MEDIUM,CLOSED,CALL,2026-08-15 08:43:33
COMPLAINT0002126,ACC0027965,BRW0002467,2026-07-03 06:40:50,DND,MEDIUM,RESOLVED,WHATSAPP,2026-07-08 06:40:50
COMPLAINT0002127,ACC0003116,BRW0007961,2026-07-25 17:21:23,DISPUTE,CRITICAL,RESOLVED,CALL,2026-08-12 17:21:23
COMPLAINT0002128,ACC0013523,BRW0005208,2026-05-14 12:17:46,HARASSMENT,LOW,RESOLVED,SMS,2026-05-16 12:17:46
COMPLAINT0002129,ACC0014112,BRW0000029,2026-01-30 10:34:24,PAYMENT,MEDIUM,RESOLVED,SMS,2026-02-05 10:34:24
COMPLAINT0002130,ACC0009823,BRW0003224,2026-01-20 02:17:04,PRIVACY,MEDIUM,CLOSED,FIELD,2026-01-22 02:17:04
COMPLAINT0002131,ACC0002556,BRW0007675,2026-05-06 10:34:40,PAYMENT,HIGH,INVESTIGATING,SMS,2026-05-21 10:34:40
COMPLAINT0002132,ACC0026957,BRW0004064,2026-05-19 07:17:10,PRIVACY,HIGH,OPEN,SMS,2026-06-03 07:17:10
COMPLAINT0002133,ACC0001659,BRW0008325,2026-04-22 09:41:25,PRIVACY,HIGH,CLOSED,SMS,2026-04-25 09:41:25
COMPLAINT0002134,ACC0015585,BRW0006415,2026-03-15 07:22:43,AGENT_BEHAVIOUR,HIGH,RESOLVED,FIELD,2026-03-18 07:22:43
COMPLAINT0002135,ACC0013292,BRW0007715,2026-06-01 16:29:01,WRONG_CONTACT,CRITICAL,CLOSED,SMS,2026-06-17 16:29:01
COMPLAINT0002136,ACC0024938,BRW0004242,2026-07-29 17:55:51,HARASSMENT,HIGH,INVESTIGATING,FIELD,2026-08-13 17:55:51
COMPLAINT0002137,ACC0008634,BRW0006636,2026-01-19 03:31:33,DND,MEDIUM,INVESTIGATING,CALL,2026-02-04 03:31:33
COMPLAINT0002138,ACC0022812,BRW0002456,2026-02-06 05:28:58,AGENT_BEHAVIOUR,CRITICAL,OPEN,CALL,2026-02-23 05:28:58
COMPLAINT0002139,ACC0014452,BRW0006908,2026-01-23 05:01:30,DND,LOW,RESOLVED,FIELD,2026-01-27 05:01:30
COMPLAINT0002140,ACC0027055,BRW0005617,2026-08-05 07:49:46,DND,HIGH,INVESTIGATING,EMAIL,2026-08-07 07:49:46
COMPLAINT0002141,ACC0004716,BRW0002724,2026-07-06 15:05:39,PAYMENT,CRITICAL,CLOSED,CALL,2026-07-25 15:05:39
COMPLAINT0002142,ACC0027552,BRW0002680,2026-03-27 16:38:43,PRIVACY,MEDIUM,INVESTIGATING,WHATSAPP,2026-04-08 16:38:43
COMPLAINT0002143,ACC0021985,BRW0000367,2026-01-24 03:06:20,PRIVACY,CRITICAL,CLOSED,EMAIL,2026-02-11 03:06:20
COMPLAINT0002144,ACC0020540,BRW0003945,2026-05-03 13:13:54,DND,LOW,INVESTIGATING,FIELD,2026-05-22 13:13:54
COMPLAINT0002145,ACC0006075,BRW0005246,2026-05-13 22:08:17,DISPUTE,MEDIUM,RESOLVED,FIELD,2026-05-16 22:08:17
COMPLAINT0002146,ACC0013241,BRW0008624,2026-01-07 01:32:48,AGENT_BEHAVIOUR,MEDIUM,CLOSED,SMS,2026-01-24 01:32:48
COMPLAINT0002147,ACC0019662,BRW0011631,2026-03-02 06:57:22,WRONG_CONTACT,CRITICAL,INVESTIGATING,WHATSAPP,2026-03-14 06:57:22
COMPLAINT0002148,ACC0019790,BRW0010478,2026-04-02 23:51:28,HARASSMENT,MEDIUM,OPEN,SMS,2026-04-07 23:51:28
COMPLAINT0002149,ACC0018910,BRW0007891,2026-02-13 14:57:00,HARASSMENT,MEDIUM,CLOSED,CALL,2026-02-28 14:57:00
COMPLAINT0002150,ACC0001415,BRW0005198,2026-01-28 12:24:37,HARASSMENT,CRITICAL,OPEN,CALL,2026-02-11 12:24:37
COMPLAINT0002151,ACC0010134,BRW0002231,2026-02-26 17:04:14,PAYMENT,HIGH,CLOSED,EMAIL,2026-03-06 17:04:14
COMPLAINT0002152,ACC0003153,BRW0003057,2026-06-18 13:50:46,WRONG_CONTACT,CRITICAL,OPEN,CALL,2026-06-30 13:50:46
COMPLAINT0002153,ACC0004614,BRW0000740,2026-04-23 09:51:38,DND,CRITICAL,INVESTIGATING,FIELD,2026-04-29 09:51:38
COMPLAINT0002154,ACC0017409,BRW0006466,2026-05-16 21:39:12,DISPUTE,CRITICAL,CLOSED,SMS,2026-05-21 21:39:12
COMPLAINT0002155,ACC0004059,BRW0010265,2026-07-18 11:53:34,HARASSMENT,LOW,OPEN,FIELD,2026-08-06 11:53:34
COMPLAINT0002156,ACC0027738,BRW0004023,2026-02-07 21:48:38,PAYMENT,HIGH,OPEN,WHATSAPP,2026-02-08 21:48:38
COMPLAINT0002157,ACC0024465,BRW0003207,2026-05-13 09:52:38,HARASSMENT,CRITICAL,OPEN,WHATSAPP,2026-05-26 09:52:38
COMPLAINT0002158,ACC0013100,BRW0010924,2026-03-23 09:07:14,DISPUTE,MEDIUM,INVESTIGATING,SMS,2026-04-08 09:07:14
COMPLAINT0002159,ACC0024708,BRW0006607,2026-03-06 21:35:18,HARASSMENT,CRITICAL,CLOSED,EMAIL,2026-03-07 21:35:18
COMPLAINT0002160,ACC0020229,BRW0003798,2026-04-18 20:06:39,PAYMENT,MEDIUM,RESOLVED,FIELD,2026-04-30 20:06:39
COMPLAINT0002161,ACC0009447,BRW0002020,2026-01-22 10:49:35,PAYMENT,LOW,OPEN,FIELD,2026-01-31 10:49:35
COMPLAINT0002162,ACC0028920,BRW0007488,2026-05-19 06:44:49,DND,MEDIUM,INVESTIGATING,CALL,2026-05-24 06:44:49
COMPLAINT0002163,ACC0021249,BRW0006714,2026-04-27 10:24:42,DND,MEDIUM,RESOLVED,SMS,2026-05-01 10:24:42
COMPLAINT0002164,ACC0023448,BRW0006268,2026-01-05 08:18:18,WRONG_CONTACT,MEDIUM,OPEN,WHATSAPP,2026-01-22 08:18:18
COMPLAINT0002165,ACC0003814,BRW0003354,2026-03-04 03:48:31,HARASSMENT,CRITICAL,RESOLVED,WHATSAPP,2026-03-09 03:48:31
COMPLAINT0002166,ACC0011546,BRW0009773,2026-06-10 13:08:34,HARASSMENT,CRITICAL,RESOLVED,CALL,2026-06-14 13:08:34
COMPLAINT0002167,ACC0019299,BRW0004911,2026-03-26 03:34:24,DISPUTE,LOW,OPEN,FIELD,2026-04-04 03:34:24
COMPLAINT0002168,ACC0023805,BRW0000461,2026-01-17 06:13:12,HARASSMENT,CRITICAL,OPEN,CALL,2026-01-31 06:13:12
COMPLAINT0002169,ACC0006386,BRW0011804,2026-07-02 06:42:44,WRONG_CONTACT,HIGH,RESOLVED,CALL,2026-07-10 06:42:44
COMPLAINT0002170,ACC0028042,BRW0011826,2026-07-31 22:13:28,DND,LOW,CLOSED,EMAIL,2026-08-15 22:13:28
COMPLAINT0002171,ACC0002960,BRW0003127,2026-06-04 04:58:26,PAYMENT,CRITICAL,INVESTIGATING,FIELD,2026-06-21 04:58:26
COMPLAINT0002172,ACC0012516,BRW0007714,2026-05-23 12:40:37,PRIVACY,MEDIUM,RESOLVED,EMAIL,2026-05-27 12:40:37
COMPLAINT0002173,ACC0007194,BRW0004331,2026-04-11 11:36:17,PRIVACY,HIGH,INVESTIGATING,SMS,2026-04-13 11:36:17
COMPLAINT0002174,ACC0004457,BRW0011435,2026-08-02 21:37:54,PRIVACY,HIGH,CLOSED,SMS,2026-08-08 21:37:54
COMPLAINT0002175,ACC0011827,BRW0010611,2026-02-27 19:45:23,WRONG_CONTACT,CRITICAL,OPEN,SMS,2026-03-04 19:45:23
COMPLAINT0002176,ACC0029476,BRW0004191,2026-03-12 06:18:48,HARASSMENT,CRITICAL,CLOSED,EMAIL,2026-03-29 06:18:48
COMPLAINT0002177,ACC0011540,BRW0006174,2026-07-30 09:12:36,PAYMENT,MEDIUM,CLOSED,CALL,2026-08-18 09:12:36
COMPLAINT0002178,ACC0029202,BRW0005609,2026-01-04 20:15:10,AGENT_BEHAVIOUR,CRITICAL,OPEN,SMS,2026-01-06 20:15:10
COMPLAINT0002179,ACC0024507,BRW0000354,2026-07-31 17:57:54,PAYMENT,MEDIUM,OPEN,FIELD,2026-08-04 17:57:54
COMPLAINT0002180,ACC0024447,BRW0004774,2026-02-09 22:05:40,PRIVACY,CRITICAL,INVESTIGATING,FIELD,2026-02-25 22:05:40
COMPLAINT0002181,ACC0024830,BRW0002494,2026-07-05 03:55:42,AGENT_BEHAVIOUR,MEDIUM,RESOLVED,EMAIL,2026-07-11 03:55:42
COMPLAINT0002182,ACC0013945,BRW0011859,2026-07-28 09:30:11,DND,MEDIUM,CLOSED,EMAIL,2026-08-04 09:30:11
COMPLAINT0002183,ACC0023307,BRW0000277,2026-08-01 13:54:13,AGENT_BEHAVIOUR,LOW,INVESTIGATING,CALL,2026-08-03 13:54:13
COMPLAINT0002184,ACC0011123,BRW0004970,2026-01-28 00:09:06,PAYMENT,HIGH,INVESTIGATING,SMS,2026-02-13 00:09:06
COMPLAINT0002185,ACC0008373,BRW0007580,2026-04-30 20:45:11,AGENT_BEHAVIOUR,CRITICAL,RESOLVED,CALL,2026-05-10 20:45:11
COMPLAINT0002186,ACC0013465,BRW0001462,2026-05-26 03:27:45,PAYMENT,CRITICAL,RESOLVED,WHATSAPP,2026-06-01 03:27:45
COMPLAINT0002187,ACC0008204,BRW0009359,2026-05-04 22:16:04,AGENT_BEHAVIOUR,LOW,INVESTIGATING,EMAIL,2026-05-22 22:16:04
COMPLAINT0002188,ACC0018277,BRW0006785,2026-04-01 14:48:06,WRONG_CONTACT,CRITICAL,CLOSED,SMS,2026-04-06 14:48:06
COMPLAINT0002189,ACC0017781,BRW0001202,2026-07-26 14:34:02,PAYMENT,MEDIUM,OPEN,WHATSAPP,2026-08-03 14:34:02
COMPLAINT0002190,ACC0015107,BRW0000858,2026-01-04 05:58:17,DND,LOW,INVESTIGATING,SMS,2026-01-15 05:58:17
COMPLAINT0002191,ACC0021579,BRW0008386,2026-06-27 18:55:02,HARASSMENT,MEDIUM,OPEN,CALL,2026-07-11 18:55:02
COMPLAINT0002192,ACC0009525,BRW0004062,2026-02-27 07:00:26,WRONG_CONTACT,LOW,RESOLVED,SMS,2026-03-10 07:00:26
COMPLAINT0002193,ACC0018006,BRW0004608,2026-05-20 22:57:53,DND,MEDIUM,CLOSED,EMAIL,2026-06-02 22:57:53
COMPLAINT0002194,ACC0004138,BRW0010495,2026-07-13 20:06:18,HARASSMENT,CRITICAL,CLOSED,FIELD,2026-07-30 20:06:18
COMPLAINT0002195,ACC0012921,BRW0011265,2026-06-25 21:49:14,PAYMENT,CRITICAL,RESOLVED,EMAIL,2026-07-01 21:49:14
COMPLAINT0002196,ACC0023203,BRW0001708,2026-07-29 02:05:47,HARASSMENT,LOW,CLOSED,EMAIL,2026-08-01 02:05:47
COMPLAINT0002197,ACC0015776,BRW0004829,2026-07-26 07:09:30,HARASSMENT,CRITICAL,OPEN,FIELD,2026-08-11 07:09:30
COMPLAINT0002198,ACC0007847,BRW0011516,2026-06-04 21:34:06,PRIVACY,CRITICAL,INVESTIGATING,CALL,2026-06-21 21:34:06
COMPLAINT0002199,ACC0007049,BRW0000604,2026-05-27 12:07:23,WRONG_CONTACT,LOW,OPEN,EMAIL,2026-06-01 12:07:23
COMPLAINT0002200,ACC0010855,BRW0001726,2026-05-28 23:53:42,PAYMENT,CRITICAL,RESOLVED,WHATSAPP,2026-06-03 23:53:42
COMPLAINT0002201,ACC0018065,BRW0000016,2026-02-14 07:55:16,AGENT_BEHAVIOUR,LOW,INVESTIGATING,FIELD,2026-02-25 07:55:16
COMPLAINT0002202,ACC0014641,BRW0005143,2026-04-15 19:24:13,PAYMENT,LOW,INVESTIGATING,EMAIL,2026-05-04 19:24:13
COMPLAINT0002203,ACC0022660,BRW0007224,2026-06-15 22:12:19,PRIVACY,MEDIUM,CLOSED,EMAIL,2026-07-03 22:12:19
COMPLAINT0002204,ACC0002126,BRW0003393,2026-01-27 06:22:02,HARASSMENT,MEDIUM,RESOLVED,CALL,2026-02-03 06:22:02
COMPLAINT0002205,ACC0029805,BRW0003410,2026-07-01 14:53:02,DISPUTE,HIGH,OPEN,SMS,2026-07-13 14:53:02
COMPLAINT0002206,ACC0002816,BRW0011137,2026-01-19 12:03:40,HARASSMENT,LOW,CLOSED,CALL,2026-01-24 12:03:40
COMPLAINT0002207,ACC0014599,BRW0005686,2026-07-21 22:20:10,DISPUTE,LOW,OPEN,SMS,2026-07-29 22:20:10
COMPLAINT0002208,ACC0007976,BRW0002072,2026-03-28 01:18:18,WRONG_CONTACT,LOW,INVESTIGATING,CALL,2026-04-15 01:18:18
COMPLAINT0002209,ACC0024820,BRW0007693,2026-02-27 11:27:34,PRIVACY,LOW,CLOSED,EMAIL,2026-03-15 11:27:34
COMPLAINT0002210,ACC0000620,BRW0004929,2026-03-12 01:00:36,DISPUTE,MEDIUM,RESOLVED,WHATSAPP,2026-03-17 01:00:36
COMPLAINT0002211,ACC0003831,BRW0000860,2026-05-29 13:48:33,PAYMENT,CRITICAL,CLOSED,EMAIL,2026-06-17 13:48:33
COMPLAINT0002212,ACC0018361,BRW0007689,2026-04-16 14:05:09,PRIVACY,LOW,OPEN,FIELD,2026-04-18 14:05:09
COMPLAINT0002213,ACC0023303,BRW0000009,2026-07-17 09:17:07,PRIVACY,CRITICAL,RESOLVED,EMAIL,2026-07-24 09:17:07
COMPLAINT0002214,ACC0027285,BRW0010965,2026-06-08 02:04:07,WRONG_CONTACT,HIGH,OPEN,WHATSAPP,2026-06-12 02:04:07
COMPLAINT0002215,ACC0002169,BRW0002229,2026-03-26 16:39:25,DND,CRITICAL,CLOSED,CALL,2026-04-11 16:39:25
COMPLAINT0002216,ACC0001248,BRW0006118,2026-07-11 13:16:17,AGENT_BEHAVIOUR,HIGH,INVESTIGATING,SMS,2026-07-30 13:16:17
COMPLAINT0002217,ACC0013435,BRW0011854,2026-04-28 16:30:26,PRIVACY,CRITICAL,CLOSED,WHATSAPP,2026-05-12 16:30:26
COMPLAINT0002218,ACC0006693,BRW0001400,2026-08-06 14:04:45,AGENT_BEHAVIOUR,HIGH,RESOLVED,FIELD,2026-08-11 14:04:45
COMPLAINT0002219,ACC0024023,BRW0004277,2026-05-13 03:57:06,DISPUTE,HIGH,OPEN,SMS,2026-05-28 03:57:06
COMPLAINT0002220,ACC0000091,BRW0007897,2026-05-17 11:53:41,PAYMENT,CRITICAL,CLOSED,FIELD,2026-05-27 11:53:41
COMPLAINT0002221,ACC0029249,BRW0003732,2026-02-17 14:06:17,DND,LOW,CLOSED,CALL,2026-03-04 14:06:17
COMPLAINT0002222,ACC0011246,BRW0006071,2026-03-24 19:01:49,DND,MEDIUM,INVESTIGATING,CALL,2026-04-04 19:01:49
COMPLAINT0002223,ACC0004620,BRW0004272,2026-03-17 12:36:55,PAYMENT,LOW,RESOLVED,WHATSAPP,2026-04-04 12:36:55
COMPLAINT0002224,ACC0019219,BRW0003798,2026-07-12 13:37:04,DND,CRITICAL,RESOLVED,FIELD,2026-07-14 13:37:04
COMPLAINT0002225,ACC0019231,BRW0008352,2026-01-29 04:27:08,PRIVACY,LOW,RESOLVED,WHATSAPP,2026-02-14 04:27:08
COMPLAINT0002226,ACC0027760,BRW0004299,2026-03-28 10:13:53,PRIVACY,MEDIUM,OPEN,EMAIL,2026-04-13 10:13:53
COMPLAINT0002227,ACC0009656,BRW0008570,2026-05-21 14:53:45,HARASSMENT,LOW,RESOLVED,FIELD,2026-06-04 14:53:45
COMPLAINT0002228,ACC0027483,BRW0007800,2026-05-03 13:08:38,WRONG_CONTACT,LOW,OPEN,EMAIL,2026-05-14 13:08:38
COMPLAINT0002229,ACC0024283,BRW0004214,2026-01-26 15:40:03,AGENT_BEHAVIOUR,HIGH,RESOLVED,SMS,2026-02-07 15:40:03
COMPLAINT0002230,ACC0005329,BRW0002258,2026-02-18 16:30:47,PRIVACY,CRITICAL,RESOLVED,WHATSAPP,2026-03-04 16:30:47
COMPLAINT0002231,ACC0028655,BRW0003298,2026-05-15 14:05:46,AGENT_BEHAVIOUR,MEDIUM,CLOSED,WHATSAPP,2026-05-31 14:05:46
COMPLAINT0002232,ACC0020000,BRW0007355,2026-06-05 14:10:04,WRONG_CONTACT,HIGH,INVESTIGATING,SMS,2026-06-23 14:10:04
COMPLAINT0002233,ACC0010461,BRW0006418,2026-06-15 16:35:13,PRIVACY,MEDIUM,OPEN,SMS,2026-06-25 16:35:13
COMPLAINT0002234,ACC0003781,BRW0005379,2026-02-17 05:43:00,DND,CRITICAL,INVESTIGATING,FIELD,2026-03-02 05:43:00
COMPLAINT0002235,ACC0018456,BRW0008241,2026-04-20 15:42:18,PAYMENT,HIGH,RESOLVED,SMS,2026-05-04 15:42:18
COMPLAINT0002236,ACC0019616,BRW0003398,2026-06-29 22:38:32,AGENT_BEHAVIOUR,LOW,RESOLVED,EMAIL,2026-07-11 22:38:32
COMPLAINT0002237,ACC0005101,BRW0005586,2026-04-05 16:12:25,WRONG_CONTACT,LOW,INVESTIGATING,EMAIL,2026-04-12 16:12:25
COMPLAINT0002238,ACC0028949,BRW0004096,2026-05-28 23:22:26,PRIVACY,LOW,INVESTIGATING,CALL,2026-06-09 23:22:26
COMPLAINT0002239,ACC0009222,BRW0004651,2026-01-05 09:35:14,DND,MEDIUM,CLOSED,FIELD,2026-01-14 09:35:14
COMPLAINT0002240,ACC0002470,BRW0006201,2026-02-05 08:24:54,DISPUTE,MEDIUM,INVESTIGATING,CALL,2026-02-06 08:24:54
COMPLAINT0002241,ACC0020073,BRW0006499,2026-04-20 16:49:40,PRIVACY,MEDIUM,INVESTIGATING,WHATSAPP,2026-05-01 16:49:40
COMPLAINT0002242,ACC0007456,BRW0009820,2026-02-24 06:40:52,WRONG_CONTACT,CRITICAL,RESOLVED,FIELD,2026-03-10 06:40:52
COMPLAINT0002243,ACC0025317,BRW0010532,2026-07-02 15:26:48,DND,MEDIUM,INVESTIGATING,EMAIL,2026-07-16 15:26:48
COMPLAINT0002244,ACC0000378,BRW0002758,2026-05-28 17:55:06,PAYMENT,CRITICAL,OPEN,FIELD,2026-05-29 17:55:06
COMPLAINT0002245,ACC0014373,BRW0002184,2026-03-21 20:02:34,DISPUTE,HIGH,CLOSED,EMAIL,2026-04-02 20:02:34
COMPLAINT0002246,ACC0018758,BRW0009567,2026-05-25 22:21:25,AGENT_BEHAVIOUR,CRITICAL,INVESTIGATING,WHATSAPP,2026-06-03 22:21:25
COMPLAINT0002247,ACC0025771,BRW0009770,2026-07-15 19:22:48,DND,MEDIUM,OPEN,SMS,2026-08-02 19:22:48
COMPLAINT0002248,ACC0013181,BRW0000545,2026-01-10 19:48:48,DISPUTE,CRITICAL,OPEN,EMAIL,2026-01-16 19:48:48
COMPLAINT0002249,ACC0028343,BRW0009252,2026-03-17 11:00:37,DND,HIGH,RESOLVED,CALL,2026-03-30 11:00:37
COMPLAINT0002250,ACC0015337,BRW0006875,2026-05-23 18:02:53,DND,LOW,INVESTIGATING,WHATSAPP,2026-06-09 18:02:53
COMPLAINT0002251,ACC0028369,BRW0007682,2026-02-19 05:56:48,DISPUTE,HIGH,INVESTIGATING,FIELD,2026-03-03 05:56:48
COMPLAINT0002252,ACC0002158,BRW0004152,2026-04-24 05:19:49,HARASSMENT,MEDIUM,CLOSED,EMAIL,2026-05-08 05:19:49
COMPLAINT0002253,ACC0026442,BRW0010026,2026-03-04 17:46:10,PAYMENT,MEDIUM,INVESTIGATING,EMAIL,2026-03-13 17:46:10
COMPLAINT0002254,ACC0006336,BRW0002957,2026-07-07 03:56:15,PAYMENT,CRITICAL,RESOLVED,SMS,2026-07-14 03:56:15
COMPLAINT0002255,ACC0014174,BRW0010687,2026-02-16 05:29:22,PAYMENT,CRITICAL,RESOLVED,WHATSAPP,2026-03-02 05:29:22
COMPLAINT0002256,ACC0016704,BRW0007562,2026-03-10 00:14:41,AGENT_BEHAVIOUR,HIGH,CLOSED,FIELD,2026-03-26 00:14:41
COMPLAINT0002257,ACC0024954,BRW0008987,2026-04-07 05:06:20,PAYMENT,LOW,INVESTIGATING,SMS,2026-04-26 05:06:20
COMPLAINT0002258,ACC0025777,BRW0000248,2026-05-11 10:35:37,DISPUTE,HIGH,RESOLVED,WHATSAPP,2026-05-15 10:35:37
COMPLAINT0002259,ACC0021746,BRW0000038,2026-03-10 16:40:35,AGENT_BEHAVIOUR,HIGH,RESOLVED,CALL,2026-03-19 16:40:35
COMPLAINT0002260,ACC0023076,BRW0005118,2026-01-31 12:44:16,AGENT_BEHAVIOUR,LOW,OPEN,SMS,2026-02-15 12:44:16
COMPLAINT0002261,ACC0028444,BRW0005820,2026-06-07 09:45:54,HARASSMENT,MEDIUM,OPEN,WHATSAPP,2026-06-11 09:45:54
COMPLAINT0002262,ACC0026032,BRW0003330,2026-03-30 16:57:00,PAYMENT,LOW,RESOLVED,FIELD,2026-03-31 16:57:00
COMPLAINT0002263,ACC0022055,BRW0007191,2026-07-29 10:31:02,PAYMENT,LOW,INVESTIGATING,SMS,2026-08-05 10:31:02
COMPLAINT0002264,ACC0022277,BRW0010200,2026-07-19 02:08:49,DND,MEDIUM,RESOLVED,SMS,2026-07-26 02:08:49
COMPLAINT0002265,ACC0007621,BRW0007599,2026-05-25 04:41:29,PAYMENT,HIGH,CLOSED,SMS,2026-05-30 04:41:29
COMPLAINT0002266,ACC0015651,BRW0000652,2026-01-02 21:07:00,WRONG_CONTACT,LOW,OPEN,CALL,2026-01-18 21:07:00
COMPLAINT0002267,ACC0010082,BRW0006330,2026-01-12 17:23:31,WRONG_CONTACT,LOW,CLOSED,FIELD,2026-01-28 17:23:31
COMPLAINT0002268,ACC0026470,BRW0008379,2026-04-24 16:29:18,PRIVACY,CRITICAL,RESOLVED,CALL,2026-04-25 16:29:18
COMPLAINT0002269,ACC0023982,BRW0000849,2026-04-22 23:21:08,PRIVACY,MEDIUM,OPEN,CALL,2026-04-27 23:21:08
COMPLAINT0002270,ACC0011353,BRW0010607,2026-04-09 06:44:56,HARASSMENT,HIGH,RESOLVED,WHATSAPP,2026-04-17 06:44:56
COMPLAINT0002271,ACC0023397,BRW0009727,2026-04-09 08:01:33,DISPUTE,CRITICAL,OPEN,WHATSAPP,2026-04-13 08:01:33
COMPLAINT0002272,ACC0011628,BRW0007576,2026-01-07 17:55:45,PAYMENT,HIGH,CLOSED,FIELD,2026-01-13 17:55:45
COMPLAINT0002273,ACC0024207,BRW0011427,2026-05-08 09:44:05,HARASSMENT,LOW,CLOSED,FIELD,2026-05-19 09:44:05
COMPLAINT0002274,ACC0006552,BRW0007177,2026-02-22 00:21:57,DND,MEDIUM,RESOLVED,WHATSAPP,2026-03-12 00:21:57
COMPLAINT0002275,ACC0025571,BRW0004475,2026-07-04 21:45:06,WRONG_CONTACT,CRITICAL,RESOLVED,FIELD,2026-07-23 21:45:06
COMPLAINT0002276,ACC0024144,BRW0008728,2026-06-10 08:00:03,PAYMENT,MEDIUM,INVESTIGATING,EMAIL,2026-06-29 08:00:03
COMPLAINT0002277,ACC0002389,BRW0002597,2026-07-31 16:28:28,DISPUTE,LOW,CLOSED,SMS,2026-08-05 16:28:28
COMPLAINT0002278,ACC0003117,BRW0008120,2026-01-30 15:16:02,DISPUTE,HIGH,OPEN,FIELD,2026-02-06 15:16:02
COMPLAINT0002279,ACC0001363,BRW0009828,2026-07-27 01:59:19,WRONG_CONTACT,HIGH,INVESTIGATING,EMAIL,2026-08-15 01:59:19
COMPLAINT0002280,ACC0012714,BRW0008263,2026-03-11 10:15:44,DND,MEDIUM,RESOLVED,CALL,2026-03-17 10:15:44
COMPLAINT0002281,ACC0022811,BRW0005838,2026-03-08 21:27:21,DND,HIGH,INVESTIGATING,FIELD,2026-03-12 21:27:21
COMPLAINT0002282,ACC0004895,BRW0007720,2026-02-09 19:36:09,DND,LOW,INVESTIGATING,FIELD,2026-02-15 19:36:09
COMPLAINT0002283,ACC0005194,BRW0007065,2026-06-02 20:33:49,PAYMENT,CRITICAL,OPEN,SMS,2026-06-16 20:33:49
COMPLAINT0002284,ACC0010586,BRW0009311,2026-06-30 12:17:38,DISPUTE,HIGH,INVESTIGATING,WHATSAPP,2026-07-10 12:17:38
COMPLAINT0002285,ACC0009029,BRW0005782,2026-04-23 09:20:01,AGENT_BEHAVIOUR,HIGH,INVESTIGATING,EMAIL,2026-05-11 09:20:01
COMPLAINT0002286,ACC0009691,BRW0011447,2026-03-12 23:16:47,DISPUTE,LOW,OPEN,EMAIL,2026-03-31 23:16:47
COMPLAINT0002287,ACC0006077,BRW0006063,2026-05-18 07:35:17,HARASSMENT,HIGH,RESOLVED,WHATSAPP,2026-06-01 07:35:17
COMPLAINT0002288,ACC0022056,BRW0010376,2026-07-19 19:31:36,DISPUTE,MEDIUM,CLOSED,CALL,2026-07-25 19:31:36
COMPLAINT0002289,ACC0001931,BRW0004268,2026-04-26 04:34:55,DISPUTE,CRITICAL,CLOSED,SMS,2026-05-04 04:34:55
COMPLAINT0002290,ACC0029145,BRW0003313,2026-04-10 11:54:43,WRONG_CONTACT,HIGH,OPEN,WHATSAPP,2026-04-22 11:54:43
COMPLAINT0002291,ACC0007486,BRW0006035,2026-03-26 23:36:42,PAYMENT,MEDIUM,OPEN,EMAIL,2026-03-30 23:36:42
COMPLAINT0002292,ACC0026714,BRW0007811,2026-07-28 02:57:56,AGENT_BEHAVIOUR,CRITICAL,INVESTIGATING,WHATSAPP,2026-07-31 02:57:56
COMPLAINT0002293,ACC0003916,BRW0003417,2026-04-22 21:20:42,HARASSMENT,LOW,RESOLVED,EMAIL,2026-04-25 21:20:42
COMPLAINT0002294,ACC0000272,BRW0002157,2026-02-21 11:01:56,DISPUTE,HIGH,INVESTIGATING,FIELD,2026-03-04 11:01:56
COMPLAINT0002295,ACC0014044,BRW0010855,2026-05-31 13:04:30,DND,MEDIUM,INVESTIGATING,FIELD,2026-06-03 13:04:30
COMPLAINT0002296,ACC0028102,BRW0006860,2026-01-01 08:23:08,WRONG_CONTACT,LOW,OPEN,SMS,2026-01-07 08:23:08
COMPLAINT0002297,ACC0029486,BRW0010723,2026-04-27 00:06:33,PAYMENT,CRITICAL,CLOSED,EMAIL,2026-05-09 00:06:33
COMPLAINT0002298,ACC0012113,BRW0001651,2026-02-26 18:28:41,AGENT_BEHAVIOUR,CRITICAL,INVESTIGATING,CALL,2026-03-03 18:28:41
COMPLAINT0002299,ACC0016231,BRW0005975,2026-04-16 13:56:38,HARASSMENT,CRITICAL,RESOLVED,SMS,2026-04-20 13:56:38
COMPLAINT0002300,ACC0022556,BRW0004297,2026-04-26 23:47:29,DISPUTE,CRITICAL,OPEN,CALL,2026-04-27 23:47:29
COMPLAINT0002301,ACC0024853,BRW0007351,2026-06-22 23:01:23,PRIVACY,CRITICAL,INVESTIGATING,WHATSAPP,2026-07-06 23:01:23
COMPLAINT0002302,ACC0024187,BRW0000319,2026-08-04 19:43:32,AGENT_BEHAVIOUR,CRITICAL,OPEN,WHATSAPP,2026-08-17 19:43:32
COMPLAINT0002303,ACC0008485,BRW0002033,2026-06-15 07:57:37,WRONG_CONTACT,HIGH,OPEN,EMAIL,2026-06-29 07:57:37
COMPLAINT0002304,ACC0020510,BRW0002982,2026-06-12 14:16:31,WRONG_CONTACT,CRITICAL,OPEN,WHATSAPP,2026-06-14 14:16:31
COMPLAINT0002305,ACC0012792,BRW0003310,2026-04-27 00:49:46,PRIVACY,LOW,CLOSED,FIELD,2026-05-05 00:49:46
COMPLAINT0002306,ACC0021720,BRW0011332,2026-05-24 16:03:22,AGENT_BEHAVIOUR,HIGH,CLOSED,SMS,2026-05-30 16:03:22
COMPLAINT0002307,ACC0021681,BRW0005899,2026-03-17 11:08:47,DISPUTE,HIGH,CLOSED,WHATSAPP,2026-03-24 11:08:47
COMPLAINT0002308,ACC0018890,BRW0004483,2026-04-19 14:10:45,HARASSMENT,MEDIUM,RESOLVED,EMAIL,2026-04-27 14:10:45
COMPLAINT0002309,ACC0011624,BRW0001912,2026-03-06 19:29:33,PAYMENT,MEDIUM,CLOSED,WHATSAPP,2026-03-11 19:29:33
COMPLAINT0002310,ACC0019306,BRW0011706,2026-06-24 12:18:10,WRONG_CONTACT,LOW,OPEN,WHATSAPP,2026-07-07 12:18:10
COMPLAINT0002311,ACC0009078,BRW0004531,2026-02-01 12:34:56,PAYMENT,HIGH,CLOSED,CALL,2026-02-03 12:34:56
COMPLAINT0002312,ACC0011593,BRW0007683,2026-07-25 06:01:19,DND,LOW,RESOLVED,EMAIL,2026-07-27 06:01:19
COMPLAINT0002313,ACC0016146,BRW0009014,2026-08-08 14:13:36,AGENT_BEHAVIOUR,LOW,CLOSED,EMAIL,2026-08-21 14:13:36
COMPLAINT0002314,ACC0015311,BRW0004370,2026-06-05 16:40:58,DND,HIGH,CLOSED,FIELD,2026-06-19 16:40:58
COMPLAINT0002315,ACC0010532,BRW0003907,2026-02-25 08:34:16,PAYMENT,LOW,INVESTIGATING,CALL,2026-03-12 08:34:16
COMPLAINT0002316,ACC0001862,BRW0000832,2026-06-19 19:05:29,DISPUTE,CRITICAL,OPEN,WHATSAPP,2026-07-01 19:05:29
COMPLAINT0002317,ACC0016549,BRW0011429,2026-04-10 07:07:39,DND,CRITICAL,INVESTIGATING,SMS,2026-04-21 07:07:39
COMPLAINT0002318,ACC0021301,BRW0009167,2026-07-01 20:36:35,DISPUTE,MEDIUM,CLOSED,CALL,2026-07-09 20:36:35
COMPLAINT0002319,ACC0024652,BRW0008976,2026-05-17 07:36:57,PAYMENT,HIGH,OPEN,EMAIL,2026-06-01 07:36:57
COMPLAINT0002320,ACC0008250,BRW0008173,2026-04-15 08:50:20,DND,CRITICAL,CLOSED,SMS,2026-04-24 08:50:20
COMPLAINT0002321,ACC0004791,BRW0006928,2026-01-20 19:50:40,WRONG_CONTACT,CRITICAL,INVESTIGATING,FIELD,2026-01-29 19:50:40
COMPLAINT0002322,ACC0026698,BRW0001724,2026-01-19 14:34:14,AGENT_BEHAVIOUR,CRITICAL,INVESTIGATING,EMAIL,2026-02-02 14:34:14
COMPLAINT0002323,ACC0022991,BRW0010580,2026-07-21 13:23:18,PAYMENT,HIGH,CLOSED,EMAIL,2026-07-24 13:23:18
COMPLAINT0002324,ACC0017722,BRW0002620,2026-03-30 14:18:42,PRIVACY,MEDIUM,RESOLVED,WHATSAPP,2026-03-31 14:18:42
COMPLAINT0002325,ACC0014523,BRW0008595,2026-02-23 10:56:34,AGENT_BEHAVIOUR,HIGH,RESOLVED,CALL,2026-03-10 10:56:34
COMPLAINT0002326,ACC0020345,BRW0003501,2026-04-25 16:29:05,DND,MEDIUM,CLOSED,WHATSAPP,2026-05-05 16:29:05
COMPLAINT0002327,ACC0028834,BRW0001798,2026-01-21 08:51:04,AGENT_BEHAVIOUR,LOW,OPEN,FIELD,2026-01-26 08:51:04
COMPLAINT0002328,ACC0019793,BRW0010798,2026-04-19 03:19:49,DISPUTE,LOW,RESOLVED,CALL,2026-04-20 03:19:49
COMPLAINT0002329,ACC0006906,BRW0007183,2026-05-14 12:38:07,PAYMENT,CRITICAL,OPEN,WHATSAPP,2026-05-18 12:38:07
COMPLAINT0002330,ACC0005979,BRW0001246,2026-07-01 22:36:27,HARASSMENT,LOW,OPEN,EMAIL,2026-07-12 22:36:27
COMPLAINT0002331,ACC0007560,BRW0002263,2026-01-21 07:15:05,HARASSMENT,CRITICAL,OPEN,CALL,2026-02-06 07:15:05
COMPLAINT0002332,ACC0021765,BRW0001922,2026-03-26 17:27:38,WRONG_CONTACT,HIGH,INVESTIGATING,CALL,2026-04-01 17:27:38
COMPLAINT0002333,ACC0023679,BRW0003091,2026-04-25 22:32:47,DISPUTE,CRITICAL,RESOLVED,SMS,2026-04-29 22:32:47
COMPLAINT0002334,ACC0004493,BRW0006244,2026-02-14 02:06:34,DISPUTE,MEDIUM,CLOSED,CALL,2026-02-26 02:06:34
COMPLAINT0002335,ACC0016417,BRW0002880,2026-01-08 13:03:02,PAYMENT,LOW,RESOLVED,FIELD,2026-01-11 13:03:02
COMPLAINT0002336,ACC0017671,BRW0003700,2026-04-10 12:56:31,PAYMENT,LOW,CLOSED,EMAIL,2026-04-23 12:56:31
COMPLAINT0002337,ACC0007739,BRW0011910,2026-05-13 19:11:38,PRIVACY,MEDIUM,CLOSED,WHATSAPP,2026-05-19 19:11:38
COMPLAINT0002338,ACC0022124,BRW0007189,2026-02-15 06:34:30,DISPUTE,LOW,OPEN,SMS,2026-02-23 06:34:30
COMPLAINT0002339,ACC0018634,BRW0010383,2026-06-11 09:13:09,DISPUTE,HIGH,RESOLVED,FIELD,2026-06-25 09:13:09
COMPLAINT0002340,ACC0010227,BRW0005421,2026-03-24 17:40:26,WRONG_CONTACT,LOW,OPEN,SMS,2026-04-09 17:40:26
COMPLAINT0002341,ACC0003264,BRW0011442,2026-04-12 21:47:11,PRIVACY,CRITICAL,OPEN,CALL,2026-04-27 21:47:11
COMPLAINT0002342,ACC0003670,BRW0007609,2026-03-21 03:02:28,AGENT_BEHAVIOUR,CRITICAL,CLOSED,CALL,2026-03-24 03:02:28
COMPLAINT0002343,ACC0010416,BRW0006389,2026-01-11 05:32:54,WRONG_CONTACT,HIGH,RESOLVED,CALL,2026-01-28 05:32:54
COMPLAINT0002344,ACC0015733,BRW0003397,2026-04-27 19:16:31,AGENT_BEHAVIOUR,MEDIUM,RESOLVED,WHATSAPP,2026-04-29 19:16:31
COMPLAINT0002345,ACC0026562,BRW0010207,2026-05-27 05:47:02,PRIVACY,MEDIUM,OPEN,EMAIL,2026-06-12 05:47:02
COMPLAINT0002346,ACC0026772,BRW0006163,2026-06-26 20:23:05,DISPUTE,HIGH,CLOSED,FIELD,2026-07-06 20:23:05
COMPLAINT0002347,ACC0002045,BRW0003432,2026-03-24 19:52:06,DND,LOW,INVESTIGATING,WHATSAPP,2026-03-27 19:52:06
COMPLAINT0002348,ACC0012481,BRW0011056,2026-08-02 18:00:28,AGENT_BEHAVIOUR,LOW,CLOSED,CALL,2026-08-13 18:00:28
COMPLAINT0002349,ACC0021697,BRW0010308,2026-06-12 05:11:20,AGENT_BEHAVIOUR,LOW,RESOLVED,SMS,2026-06-27 05:11:20
COMPLAINT0002350,ACC0001236,BRW0002001,2026-02-16 17:58:34,DISPUTE,HIGH,INVESTIGATING,FIELD,2026-02-24 17:58:34
COMPLAINT0002351,ACC0025701,BRW0011439,2026-07-26 08:08:02,PAYMENT,HIGH,OPEN,CALL,2026-08-04 08:08:02
COMPLAINT0002352,ACC0022881,BRW0004501,2026-03-28 21:22:49,DND,LOW,CLOSED,SMS,2026-04-13 21:22:49
COMPLAINT0002353,ACC0001798,BRW0007720,2026-01-27 22:57:26,AGENT_BEHAVIOUR,LOW,OPEN,EMAIL,2026-02-01 22:57:26
COMPLAINT0002354,ACC0006890,BRW0010557,2026-01-05 06:32:15,PRIVACY,CRITICAL,OPEN,SMS,2026-01-14 06:32:15
COMPLAINT0002355,ACC0013630,BRW0006600,2026-05-24 08:28:17,PAYMENT,LOW,OPEN,SMS,2026-06-04 08:28:17
COMPLAINT0002356,ACC0023621,BRW0006639,2026-07-23 04:35:00,WRONG_CONTACT,LOW,CLOSED,FIELD,2026-08-04 04:35:00
COMPLAINT0002357,ACC0000114,BRW0000485,2026-02-26 16:54:20,AGENT_BEHAVIOUR,HIGH,CLOSED,CALL,2026-03-01 16:54:20
COMPLAINT0002358,ACC0011158,BRW0003321,2026-02-16 05:47:53,PAYMENT,MEDIUM,OPEN,SMS,2026-03-01 05:47:53
COMPLAINT0002359,ACC0018446,BRW0006132,2026-05-30 15:01:43,WRONG_CONTACT,MEDIUM,RESOLVED,CALL,2026-06-02 15:01:43
COMPLAINT0002360,ACC0029351,BRW0000765,2026-03-20 07:45:03,WRONG_CONTACT,HIGH,CLOSED,EMAIL,2026-04-05 07:45:03
COMPLAINT0002361,ACC0004150,BRW0011266,2026-06-25 22:50:53,DISPUTE,CRITICAL,OPEN,SMS,2026-06-27 22:50:53
COMPLAINT0002362,ACC0012554,BRW0007411,2026-08-07 13:02:20,PAYMENT,HIGH,OPEN,FIELD,2026-08-09 13:02:20
COMPLAINT0002363,ACC0022722,BRW0004692,2026-01-16 18:11:51,HARASSMENT,MEDIUM,OPEN,EMAIL,2026-01-31 18:11:51
COMPLAINT0002364,ACC0011896,BRW0008598,2026-02-13 05:41:26,WRONG_CONTACT,CRITICAL,RESOLVED,CALL,2026-02-18 05:41:26
COMPLAINT0002365,ACC0022814,BRW0005483,2026-03-05 16:53:24,AGENT_BEHAVIOUR,LOW,INVESTIGATING,WHATSAPP,2026-03-24 16:53:24
COMPLAINT0002366,ACC0028855,BRW0011856,2026-02-19 04:47:43,AGENT_BEHAVIOUR,HIGH,INVESTIGATING,SMS,2026-02-27 04:47:43
COMPLAINT0002367,ACC0000026,BRW0005862,2026-01-21 11:19:42,AGENT_BEHAVIOUR,HIGH,RESOLVED,FIELD,2026-01-24 11:19:42
COMPLAINT0002368,ACC0027650,BRW0005629,2026-07-18 22:57:26,DND,HIGH,INVESTIGATING,SMS,2026-07-25 22:57:26
COMPLAINT0002369,ACC0003856,BRW0010061,2026-01-05 04:25:53,DISPUTE,HIGH,CLOSED,SMS,2026-01-08 04:25:53
COMPLAINT0002370,ACC0003867,BRW0003511,2026-04-16 23:09:00,AGENT_BEHAVIOUR,MEDIUM,RESOLVED,FIELD,2026-04-25 23:09:00
COMPLAINT0002371,ACC0003612,BRW0002818,2026-05-06 15:28:26,DISPUTE,CRITICAL,OPEN,SMS,2026-05-17 15:28:26
COMPLAINT0002372,ACC0018717,BRW0008875,2026-01-04 18:53:39,WRONG_CONTACT,LOW,INVESTIGATING,WHATSAPP,2026-01-09 18:53:39
COMPLAINT0002373,ACC0004576,BRW0007168,2026-03-25 18:51:40,PAYMENT,MEDIUM,INVESTIGATING,SMS,2026-04-01 18:51:40
COMPLAINT0002374,ACC0018417,BRW0008868,2026-07-26 11:58:07,DISPUTE,MEDIUM,INVESTIGATING,SMS,2026-08-05 11:58:07
COMPLAINT0002375,ACC0026150,BRW0004469,2026-03-23 16:05:08,DISPUTE,CRITICAL,INVESTIGATING,CALL,2026-04-11 16:05:08
COMPLAINT0002376,ACC0007763,BRW0000243,2026-03-10 22:07:53,DND,MEDIUM,OPEN,CALL,2026-03-25 22:07:53
COMPLAINT0002377,ACC0008269,BRW0011475,2026-05-23 12:23:56,AGENT_BEHAVIOUR,MEDIUM,RESOLVED,EMAIL,2026-06-02 12:23:56
COMPLAINT0002378,ACC0008267,BRW0003535,2026-06-29 14:41:41,HARASSMENT,MEDIUM,OPEN,EMAIL,2026-07-07 14:41:41
COMPLAINT0002379,ACC0013651,BRW0007557,2026-05-22 11:33:43,AGENT_BEHAVIOUR,HIGH,OPEN,EMAIL,2026-05-27 11:33:43
COMPLAINT0002380,ACC0012106,BRW0005776,2026-06-28 00:56:14,WRONG_CONTACT,LOW,CLOSED,SMS,2026-07-15 00:56:14
COMPLAINT0002381,ACC0006038,BRW0005321,2026-02-07 20:12:10,AGENT_BEHAVIOUR,CRITICAL,OPEN,WHATSAPP,2026-02-09 20:12:10
COMPLAINT0002382,ACC0000436,BRW0009882,2026-04-25 15:04:35,WRONG_CONTACT,LOW,RESOLVED,EMAIL,2026-05-12 15:04:35
COMPLAINT0002383,ACC0024677,BRW0005601,2026-02-14 15:14:28,HARASSMENT,MEDIUM,INVESTIGATING,SMS,2026-03-01 15:14:28
COMPLAINT0002384,ACC0024585,BRW0001056,2026-05-21 09:29:15,HARASSMENT,CRITICAL,RESOLVED,EMAIL,2026-05-31 09:29:15
COMPLAINT0002385,ACC0014211,BRW0010970,2026-04-08 03:03:13,DND,MEDIUM,OPEN,SMS,2026-04-23 03:03:13
COMPLAINT0002386,ACC0020956,BRW0010530,2026-05-13 17:25:43,HARASSMENT,CRITICAL,INVESTIGATING,EMAIL,2026-05-17 17:25:43
COMPLAINT0002387,ACC0029953,BRW0006565,2026-01-17 16:54:28,AGENT_BEHAVIOUR,HIGH,INVESTIGATING,CALL,2026-01-23 16:54:28
COMPLAINT0002388,ACC0025696,BRW0006974,2026-01-31 21:53:08,AGENT_BEHAVIOUR,HIGH,CLOSED,SMS,2026-02-14 21:53:08
COMPLAINT0002389,ACC0003756,BRW0006634,2026-02-05 17:30:31,DND,CRITICAL,CLOSED,WHATSAPP,2026-02-22 17:30:31
COMPLAINT0002390,ACC0012937,BRW0001285,2026-05-03 02:37:28,DND,LOW,RESOLVED,SMS,2026-05-04 02:37:28
COMPLAINT0002391,ACC0005150,BRW0001903,2026-07-01 06:32:49,PAYMENT,LOW,INVESTIGATING,WHATSAPP,2026-07-07 06:32:49
COMPLAINT0002392,ACC0008174,BRW0007541,2026-05-18 03:58:42,PRIVACY,LOW,OPEN,SMS,2026-05-29 03:58:42
COMPLAINT0002393,ACC0002901,BRW0002762,2026-05-15 14:56:56,DND,CRITICAL,CLOSED,EMAIL,2026-05-31 14:56:56
COMPLAINT0002394,ACC0004630,BRW0004383,2026-05-26 01:55:44,DND,CRITICAL,INVESTIGATING,EMAIL,2026-06-13 01:55:44
COMPLAINT0002395,ACC0024625,BRW0003508,2026-05-03 00:24:33,PRIVACY,MEDIUM,INVESTIGATING,EMAIL,2026-05-19 00:24:33
COMPLAINT0002396,ACC0008329,BRW0004895,2026-03-20 16:51:11,PAYMENT,LOW,CLOSED,EMAIL,2026-03-28 16:51:11
COMPLAINT0002397,ACC0017832,BRW0006881,2026-06-01 03:24:21,PAYMENT,CRITICAL,OPEN,SMS,2026-06-03 03:24:21
COMPLAINT0002398,ACC0019780,BRW0004282,2026-08-06 00:54:32,HARASSMENT,LOW,CLOSED,WHATSAPP,2026-08-24 00:54:32
COMPLAINT0002399,ACC0016345,BRW0009669,2026-06-08 11:39:52,DISPUTE,LOW,RESOLVED,EMAIL,2026-06-15 11:39:52
COMPLAINT0002400,ACC0026447,BRW0009969,2026-07-04 01:40:24,HARASSMENT,CRITICAL,RESOLVED,WHATSAPP,2026-07-17 01:40:24
COMPLAINT0002401,ACC0006183,BRW0010886,2026-05-24 14:27:07,AGENT_BEHAVIOUR,HIGH,OPEN,FIELD,2026-06-08 14:27:07
COMPLAINT0002402,ACC0005048,BRW0002368,2026-08-08 13:49:36,AGENT_BEHAVIOUR,LOW,OPEN,EMAIL,2026-08-23 13:49:36
COMPLAINT0002403,ACC0000396,BRW0008803,2026-01-11 22:39:33,HARASSMENT,CRITICAL,CLOSED,EMAIL,2026-01-30 22:39:33
COMPLAINT0002404,ACC0011653,BRW0006740,2026-04-14 19:08:11,DND,CRITICAL,CLOSED,FIELD,2026-04-18 19:08:11
COMPLAINT0002405,ACC0022904,BRW0010807,2026-03-30 10:02:44,DISPUTE,MEDIUM,INVESTIGATING,WHATSAPP,2026-04-13 10:02:44
COMPLAINT0002406,ACC0002956,BRW0004668,2026-05-15 11:57:59,DND,HIGH,OPEN,FIELD,2026-05-21 11:57:59
COMPLAINT0002407,ACC0029727,BRW0009224,2026-07-02 03:59:40,DISPUTE,HIGH,CLOSED,FIELD,2026-07-13 03:59:40
COMPLAINT0002408,ACC0012420,BRW0006227,2026-01-10 10:33:01,DND,MEDIUM,CLOSED,WHATSAPP,2026-01-28 10:33:01
COMPLAINT0002409,ACC0002584,BRW0010808,2026-05-24 16:03:22,PAYMENT,MEDIUM,OPEN,CALL,2026-06-01 16:03:22
COMPLAINT0002410,ACC0005375,BRW0002578,2026-03-12 02:19:43,WRONG_CONTACT,CRITICAL,RESOLVED,FIELD,2026-03-20 02:19:43
COMPLAINT0002411,ACC0019392,BRW0007381,2026-01-12 01:16:10,WRONG_CONTACT,CRITICAL,RESOLVED,FIELD,2026-01-28 01:16:10
COMPLAINT0002412,ACC0019073,BRW0001915,2026-03-06 12:20:49,WRONG_CONTACT,CRITICAL,INVESTIGATING,EMAIL,2026-03-13 12:20:49
COMPLAINT0002413,ACC0006496,BRW0011660,2026-07-13 06:35:21,WRONG_CONTACT,HIGH,RESOLVED,SMS,2026-07-16 06:35:21
COMPLAINT0002414,ACC0021489,BRW0002376,2026-06-10 02:36:43,AGENT_BEHAVIOUR,CRITICAL,INVESTIGATING,EMAIL,2026-06-23 02:36:43
COMPLAINT0002415,ACC0004502,BRW0002151,2026-04-02 23:46:46,WRONG_CONTACT,MEDIUM,CLOSED,FIELD,2026-04-06 23:46:46
COMPLAINT0002416,ACC0009105,BRW0005767,2026-04-14 19:48:22,WRONG_CONTACT,HIGH,CLOSED,WHATSAPP,2026-05-01 19:48:22
COMPLAINT0002417,ACC0027263,BRW0006524,2026-03-13 16:06:20,HARASSMENT,LOW,RESOLVED,SMS,2026-03-19 16:06:20
COMPLAINT0002418,ACC0021985,BRW0006910,2026-07-25 09:38:10,AGENT_BEHAVIOUR,LOW,OPEN,SMS,2026-07-27 09:38:10
COMPLAINT0002419,ACC0018546,BRW0011374,2026-01-23 20:11:08,HARASSMENT,CRITICAL,INVESTIGATING,WHATSAPP,2026-01-24 20:11:08
COMPLAINT0002420,ACC0008576,BRW0009914,2026-06-02 11:30:29,HARASSMENT,HIGH,OPEN,CALL,2026-06-14 11:30:29
COMPLAINT0002421,ACC0026685,BRW0011172,2026-03-15 02:49:13,AGENT_BEHAVIOUR,CRITICAL,INVESTIGATING,EMAIL,2026-03-21 02:49:13
COMPLAINT0002422,ACC0004112,BRW0005105,2026-07-29 04:27:52,DND,MEDIUM,CLOSED,EMAIL,2026-08-16 04:27:52
COMPLAINT0002423,ACC0007033,BRW0011019,2026-04-26 13:12:05,DISPUTE,CRITICAL,OPEN,SMS,2026-05-11 13:12:05
COMPLAINT0002424,ACC0004959,BRW0001494,2026-04-20 07:46:42,PRIVACY,MEDIUM,INVESTIGATING,CALL,2026-04-25 07:46:42
COMPLAINT0002425,ACC0004490,BRW0006692,2026-07-31 04:57:48,PRIVACY,MEDIUM,OPEN,CALL,2026-08-16 04:57:48
COMPLAINT0002426,ACC0029156,BRW0009792,2026-03-06 18:27:36,PRIVACY,MEDIUM,CLOSED,EMAIL,2026-03-18 18:27:36
COMPLAINT0002427,ACC0018088,BRW0001765,2026-05-12 19:57:23,HARASSMENT,HIGH,RESOLVED,EMAIL,2026-05-17 19:57:23
COMPLAINT0002428,ACC0000723,BRW0009149,2026-05-05 16:24:13,PAYMENT,CRITICAL,CLOSED,EMAIL,2026-05-23 16:24:13
COMPLAINT0002429,ACC0007058,BRW0004320,2026-03-05 01:09:27,WRONG_CONTACT,HIGH,OPEN,FIELD,2026-03-12 01:09:27
COMPLAINT0002430,ACC0024933,BRW0000654,2026-02-03 13:47:28,PAYMENT,HIGH,INVESTIGATING,SMS,2026-02-12 13:47:28
COMPLAINT0002431,ACC0007095,BRW0005839,2026-01-13 20:53:53,DISPUTE,CRITICAL,RESOLVED,WHATSAPP,2026-01-17 20:53:53
COMPLAINT0002432,ACC0010480,BRW0005725,2026-02-12 02:28:19,AGENT_BEHAVIOUR,CRITICAL,OPEN,EMAIL,2026-02-17 02:28:19
COMPLAINT0002433,ACC0018620,BRW0009677,2026-04-29 11:43:47,HARASSMENT,HIGH,OPEN,WHATSAPP,2026-05-03 11:43:47
COMPLAINT0002434,ACC0001237,BRW0007265,2026-05-12 10:24:39,DND,HIGH,RESOLVED,SMS,2026-05-30 10:24:39
COMPLAINT0002435,ACC0024003,BRW0006845,2026-01-29 03:57:44,AGENT_BEHAVIOUR,MEDIUM,CLOSED,WHATSAPP,2026-02-07 03:57:44
COMPLAINT0002436,ACC0025026,BRW0005346,2026-06-18 15:49:05,DND,HIGH,RESOLVED,SMS,2026-07-04 15:49:05
COMPLAINT0002437,ACC0002516,BRW0000553,2026-01-25 23:49:54,WRONG_CONTACT,LOW,INVESTIGATING,SMS,2026-01-30 23:49:54
COMPLAINT0002438,ACC0007498,BRW0007256,2026-07-26 05:56:19,PRIVACY,MEDIUM,CLOSED,WHATSAPP,2026-08-06 05:56:19
COMPLAINT0002439,ACC0020788,BRW0000663,2026-02-24 21:00:43,DISPUTE,CRITICAL,RESOLVED,SMS,2026-03-02 21:00:43
COMPLAINT0002440,ACC0014772,BRW0001043,2026-03-24 10:23:24,HARASSMENT,MEDIUM,INVESTIGATING,FIELD,2026-04-08 10:23:24
COMPLAINT0002441,ACC0029882,BRW0007129,2026-01-14 08:44:11,DISPUTE,HIGH,OPEN,FIELD,2026-01-17 08:44:11
COMPLAINT0002442,ACC0018880,BRW0000948,2026-01-06 19:16:14,DND,LOW,INVESTIGATING,WHATSAPP,2026-01-14 19:16:14
COMPLAINT0002443,ACC0000647,BRW0005171,2026-05-08 17:16:17,PRIVACY,HIGH,OPEN,WHATSAPP,2026-05-20 17:16:17
COMPLAINT0002444,ACC0005918,BRW0002789,2026-08-05 06:45:23,HARASSMENT,HIGH,RESOLVED,CALL,2026-08-10 06:45:23
COMPLAINT0002445,ACC0016094,BRW0009353,2026-01-11 23:31:26,PAYMENT,LOW,CLOSED,CALL,2026-01-26 23:31:26
COMPLAINT0002446,ACC0016157,BRW0009141,2026-01-20 07:23:32,PRIVACY,LOW,CLOSED,WHATSAPP,2026-01-27 07:23:32
COMPLAINT0002447,ACC0006617,BRW0008473,2026-04-08 14:22:06,WRONG_CONTACT,CRITICAL,RESOLVED,EMAIL,2026-04-20 14:22:06
COMPLAINT0002448,ACC0000102,BRW0006207,2026-05-25 00:23:03,PAYMENT,LOW,RESOLVED,WHATSAPP,2026-06-05 00:23:03
COMPLAINT0002449,ACC0000441,BRW0002724,2026-03-08 10:41:49,HARASSMENT,HIGH,INVESTIGATING,EMAIL,2026-03-23 10:41:49
COMPLAINT0002450,ACC0029326,BRW0008802,2026-01-15 23:09:39,PAYMENT,MEDIUM,CLOSED,CALL,2026-02-02 23:09:39
COMPLAINT0002451,ACC0010180,BRW0011245,2026-07-04 18:46:56,AGENT_BEHAVIOUR,LOW,RESOLVED,EMAIL,2026-07-16 18:46:56
COMPLAINT0002452,ACC0006977,BRW0010895,2026-04-13 20:06:07,AGENT_BEHAVIOUR,HIGH,OPEN,SMS,2026-04-27 20:06:07
COMPLAINT0002453,ACC0026172,BRW0003679,2026-03-30 05:20:22,AGENT_BEHAVIOUR,LOW,OPEN,FIELD,2026-04-12 05:20:22
COMPLAINT0002454,ACC0025114,BRW0005705,2026-03-04 05:00:45,PRIVACY,MEDIUM,OPEN,WHATSAPP,2026-03-06 05:00:45
COMPLAINT0002455,ACC0008366,BRW0007161,2026-03-31 13:19:26,HARASSMENT,LOW,INVESTIGATING,CALL,2026-04-08 13:19:26
COMPLAINT0002456,ACC0006536,BRW0001913,2026-02-05 01:18:53,WRONG_CONTACT,LOW,OPEN,SMS,2026-02-24 01:18:53
COMPLAINT0002457,ACC0002381,BRW0011663,2026-02-20 01:41:27,DND,CRITICAL,INVESTIGATING,CALL,2026-02-26 01:41:27
COMPLAINT0002458,ACC0003902,BRW0004223,2026-04-11 23:53:21,DISPUTE,CRITICAL,CLOSED,EMAIL,2026-04-21 23:53:21
COMPLAINT0002459,ACC0021510,BRW0010038,2026-03-15 08:30:10,PAYMENT,MEDIUM,CLOSED,WHATSAPP,2026-04-01 08:30:10
COMPLAINT0002460,ACC0007568,BRW0008070,2026-02-28 23:17:18,DND,MEDIUM,CLOSED,CALL,2026-03-17 23:17:18
COMPLAINT0002461,ACC0022190,BRW0005992,2026-06-20 08:00:41,AGENT_BEHAVIOUR,MEDIUM,CLOSED,SMS,2026-07-09 08:00:41
COMPLAINT0002462,ACC0010737,BRW0001411,2026-07-09 14:09:28,PRIVACY,MEDIUM,INVESTIGATING,SMS,2026-07-25 14:09:28
COMPLAINT0002463,ACC0018743,BRW0007541,2026-02-03 07:28:05,AGENT_BEHAVIOUR,MEDIUM,OPEN,CALL,2026-02-15 07:28:05
COMPLAINT0002464,ACC0024435,BRW0008220,2026-05-24 15:21:25,DISPUTE,HIGH,RESOLVED,EMAIL,2026-06-02 15:21:25
COMPLAINT0002465,ACC0019869,BRW0001878,2026-03-29 19:08:16,HARASSMENT,LOW,RESOLVED,FIELD,2026-04-16 19:08:16
COMPLAINT0002466,ACC0027780,BRW0008451,2026-06-03 17:41:11,DISPUTE,HIGH,INVESTIGATING,EMAIL,2026-06-09 17:41:11
COMPLAINT0002467,ACC0006828,BRW0002221,2026-08-03 04:48:27,DISPUTE,CRITICAL,INVESTIGATING,SMS,2026-08-14 04:48:27
COMPLAINT0002468,ACC0015056,BRW0001756,2026-02-08 13:04:22,WRONG_CONTACT,CRITICAL,CLOSED,EMAIL,2026-02-18 13:04:22
COMPLAINT0002469,ACC0009592,BRW0011101,2026-03-12 08:50:10,AGENT_BEHAVIOUR,MEDIUM,RESOLVED,WHATSAPP,2026-03-21 08:50:10
COMPLAINT0002470,ACC0029001,BRW0002214,2026-04-19 02:50:36,AGENT_BEHAVIOUR,MEDIUM,RESOLVED,EMAIL,2026-04-27 02:50:36
COMPLAINT0002471,ACC0005033,BRW0005708,2026-05-04 15:58:15,DND,HIGH,CLOSED,SMS,2026-05-15 15:58:15
COMPLAINT0002472,ACC0022451,BRW0001787,2026-04-10 04:35:42,PAYMENT,CRITICAL,CLOSED,CALL,2026-04-29 04:35:42
COMPLAINT0002473,ACC0027321,BRW0008239,2026-02-14 06:13:11,DND,HIGH,CLOSED,FIELD,2026-02-18 06:13:11
COMPLAINT0002474,ACC0023127,BRW0003403,2026-02-07 08:58:22,DISPUTE,MEDIUM,CLOSED,FIELD,2026-02-18 08:58:22
COMPLAINT0002475,ACC0023809,BRW0007641,2026-07-02 12:07:13,WRONG_CONTACT,CRITICAL,OPEN,WHATSAPP,2026-07-07 12:07:13
COMPLAINT0002476,ACC0003487,BRW0008721,2026-05-23 01:06:39,DND,MEDIUM,CLOSED,SMS,2026-05-26 01:06:39
COMPLAINT0002477,ACC0012886,BRW0008715,2026-04-16 03:45:01,DND,CRITICAL,CLOSED,WHATSAPP,2026-04-23 03:45:01
COMPLAINT0002478,ACC0020259,BRW0002321,2026-05-29 09:43:02,PAYMENT,MEDIUM,INVESTIGATING,SMS,2026-06-02 09:43:02
COMPLAINT0002479,ACC0017828,BRW0003438,2026-07-06 03:10:41,AGENT_BEHAVIOUR,CRITICAL,OPEN,FIELD,2026-07-22 03:10:41
COMPLAINT0002480,ACC0020779,BRW0004642,2026-03-26 16:47:14,AGENT_BEHAVIOUR,MEDIUM,INVESTIGATING,EMAIL,2026-03-31 16:47:14
COMPLAINT0002481,ACC0004566,BRW0000823,2026-03-22 07:48:06,PAYMENT,LOW,RESOLVED,EMAIL,2026-03-24 07:48:06
COMPLAINT0002482,ACC0002670,BRW0004007,2026-05-03 18:39:13,WRONG_CONTACT,HIGH,OPEN,EMAIL,2026-05-16 18:39:13
COMPLAINT0002483,ACC0020107,BRW0011365,2026-06-20 01:26:23,HARASSMENT,MEDIUM,OPEN,SMS,2026-06-27 01:26:23
COMPLAINT0002484,ACC0000102,BRW0011857,2026-06-02 21:53:05,WRONG_CONTACT,MEDIUM,RESOLVED,WHATSAPP,2026-06-19 21:53:05
COMPLAINT0002485,ACC0018527,BRW0010805,2026-03-28 00:33:17,HARASSMENT,LOW,OPEN,WHATSAPP,2026-04-02 00:33:17
COMPLAINT0002486,ACC0026872,BRW0011090,2026-01-29 01:04:04,WRONG_CONTACT,HIGH,RESOLVED,EMAIL,2026-02-01 01:04:04
COMPLAINT0002487,ACC0011502,BRW0000334,2026-02-24 04:10:43,PAYMENT,HIGH,CLOSED,SMS,2026-03-14 04:10:43
COMPLAINT0002488,ACC0007360,BRW0008400,2026-03-12 11:00:45,DISPUTE,CRITICAL,RESOLVED,CALL,2026-03-24 11:00:45
COMPLAINT0002489,ACC0009434,BRW0007615,2026-02-09 07:16:24,PAYMENT,HIGH,RESOLVED,SMS,2026-02-20 07:16:24
COMPLAINT0002490,ACC0019004,BRW0003364,2026-01-19 04:31:07,WRONG_CONTACT,CRITICAL,OPEN,FIELD,2026-02-04 04:31:07
COMPLAINT0002491,ACC0029157,BRW0009656,2026-01-31 09:53:34,DND,LOW,OPEN,WHATSAPP,2026-02-16 09:53:34
COMPLAINT0002492,ACC0015823,BRW0004651,2026-04-28 14:48:22,PRIVACY,HIGH,INVESTIGATING,FIELD,2026-05-09 14:48:22
COMPLAINT0002493,ACC0024529,BRW0004026,2026-06-28 23:00:17,DISPUTE,HIGH,CLOSED,EMAIL,2026-07-13 23:00:17
COMPLAINT0002494,ACC0018136,BRW0002066,2026-02-01 07:55:06,WRONG_CONTACT,MEDIUM,OPEN,FIELD,2026-02-06 07:55:06
COMPLAINT0002495,ACC0017660,BRW0010118,2026-04-21 11:09:55,HARASSMENT,CRITICAL,INVESTIGATING,FIELD,2026-05-02 11:09:55
COMPLAINT0002496,ACC0001140,BRW0002450,2026-06-12 09:27:37,AGENT_BEHAVIOUR,CRITICAL,INVESTIGATING,FIELD,2026-06-23 09:27:37
COMPLAINT0002497,ACC0025411,BRW0003091,2026-06-29 12:05:30,HARASSMENT,MEDIUM,INVESTIGATING,SMS,2026-07-06 12:05:30
COMPLAINT0002498,ACC0006008,BRW0003902,2026-02-02 16:58:08,PRIVACY,CRITICAL,OPEN,CALL,2026-02-19 16:58:08
COMPLAINT0002499,ACC0027151,BRW0000849,2026-05-24 05:31:53,HARASSMENT,HIGH,INVESTIGATING,CALL,2026-05-30 05:31:53
COMPLAINT0002500,ACC0025779,BRW0005339,2026-01-07 04:08:14,PAYMENT,LOW,RESOLVED,EMAIL,2026-01-17 04:08:14
COMPLAINT0002501,ACC0004053,BRW0010754,2026-07-14 07:41:29,DISPUTE,MEDIUM,CLOSED,CALL,2026-07-28 07:41:29
COMPLAINT0002502,ACC0018367,BRW0004262,2026-02-18 06:47:12,DND,MEDIUM,CLOSED,CALL,2026-02-27 06:47:12
COMPLAINT0002503,ACC0009968,BRW0003861,2026-07-29 02:04:19,WRONG_CONTACT,HIGH,INVESTIGATING,SMS,2026-08-01 02:04:19
COMPLAINT0002504,ACC0002155,BRW0002556,2026-07-14 11:19:20,WRONG_CONTACT,HIGH,INVESTIGATING,CALL,2026-08-02 11:19:20
COMPLAINT0002505,ACC0029972,BRW0006851,2026-06-01 15:44:33,WRONG_CONTACT,CRITICAL,CLOSED,CALL,2026-06-06 15:44:33
COMPLAINT0002506,ACC0025832,BRW0000752,2026-03-11 20:04:59,AGENT_BEHAVIOUR,CRITICAL,RESOLVED,CALL,2026-03-26 20:04:59
COMPLAINT0002507,ACC0022760,BRW0009561,2026-05-28 02:04:21,PAYMENT,CRITICAL,CLOSED,WHATSAPP,2026-06-07 02:04:21
COMPLAINT0002508,ACC0020126,BRW0003946,2026-01-04 07:17:44,HARASSMENT,MEDIUM,INVESTIGATING,CALL,2026-01-13 07:17:44
COMPLAINT0002509,ACC0003928,BRW0011299,2026-04-28 21:58:43,HARASSMENT,CRITICAL,OPEN,SMS,2026-05-07 21:58:43
COMPLAINT0002510,ACC0018342,BRW0005766,2026-01-01 19:15:24,DISPUTE,CRITICAL,CLOSED,CALL,2026-01-18 19:15:24
COMPLAINT0002511,ACC0027812,BRW0010746,2026-01-10 07:23:05,WRONG_CONTACT,LOW,INVESTIGATING,FIELD,2026-01-17 07:23:05
COMPLAINT0002512,ACC0018401,BRW0011913,2026-03-19 19:59:06,HARASSMENT,HIGH,RESOLVED,FIELD,2026-03-26 19:59:06
COMPLAINT0002513,ACC0017342,BRW0007871,2026-03-18 14:26:25,HARASSMENT,MEDIUM,INVESTIGATING,FIELD,2026-03-27 14:26:25
COMPLAINT0002514,ACC0004703,BRW0007777,2026-07-26 11:01:38,PRIVACY,LOW,OPEN,EMAIL,2026-08-01 11:01:38
COMPLAINT0002515,ACC0014259,BRW0000011,2026-07-22 13:13:48,HARASSMENT,LOW,RESOLVED,CALL,2026-08-04 13:13:48
COMPLAINT0002516,ACC0010412,BRW0009949,2026-01-19 23:54:00,PAYMENT,CRITICAL,OPEN,SMS,2026-02-06 23:54:00
COMPLAINT0002517,ACC0025054,BRW0005689,2026-06-30 02:55:06,DND,CRITICAL,RESOLVED,CALL,2026-07-19 02:55:06
COMPLAINT0002518,ACC0005046,BRW0002831,2026-05-02 15:39:58,HARASSMENT,CRITICAL,OPEN,EMAIL,2026-05-12 15:39:58
COMPLAINT0002519,ACC0025874,BRW0002873,2026-03-12 03:47:34,DISPUTE,CRITICAL,OPEN,FIELD,2026-03-27 03:47:34
COMPLAINT0002520,ACC0022997,BRW0002354,2026-08-05 18:14:25,DISPUTE,HIGH,OPEN,WHATSAPP,2026-08-12 18:14:25
COMPLAINT0002521,ACC0008399,BRW0009020,2026-03-05 09:04:34,WRONG_CONTACT,CRITICAL,RESOLVED,SMS,2026-03-14 09:04:34
COMPLAINT0002522,ACC0007721,BRW0003343,2026-01-23 01:27:17,WRONG_CONTACT,LOW,CLOSED,EMAIL,2026-01-26 01:27:17
COMPLAINT0002523,ACC0026906,BRW0005354,2026-06-20 01:43:20,AGENT_BEHAVIOUR,MEDIUM,INVESTIGATING,CALL,2026-07-03 01:43:20
COMPLAINT0002524,ACC0014127,BRW0003233,2026-02-18 22:05:10,HARASSMENT,HIGH,CLOSED,CALL,2026-02-21 22:05:10
COMPLAINT0002525,ACC0021325,BRW0005503,2026-02-21 06:44:03,AGENT_BEHAVIOUR,CRITICAL,RESOLVED,WHATSAPP,2026-02-25 06:44:03
COMPLAINT0002526,ACC0021017,BRW0005726,2026-07-07 03:29:43,WRONG_CONTACT,HIGH,INVESTIGATING,WHATSAPP,2026-07-20 03:29:43
COMPLAINT0002527,ACC0022620,BRW0001266,2026-04-10 13:03:28,DISPUTE,MEDIUM,INVESTIGATING,SMS,2026-04-12 13:03:28
COMPLAINT0002528,ACC0024443,BRW0006903,2026-07-22 01:34:55,WRONG_CONTACT,CRITICAL,CLOSED,WHATSAPP,2026-07-31 01:34:55
COMPLAINT0002529,ACC0002840,BRW0001638,2026-04-10 22:38:38,DND,CRITICAL,RESOLVED,SMS,2026-04-21 22:38:38
COMPLAINT0002530,ACC0010241,BRW0001432,2026-08-01 01:41:57,HARASSMENT,MEDIUM,CLOSED,WHATSAPP,2026-08-18 01:41:57
COMPLAINT0002531,ACC0000039,BRW0007828,2026-06-22 14:02:11,PAYMENT,MEDIUM,INVESTIGATING,EMAIL,2026-07-09 14:02:11
COMPLAINT0002532,ACC0012330,BRW0007688,2026-01-09 18:55:25,WRONG_CONTACT,LOW,INVESTIGATING,CALL,2026-01-22 18:55:25
COMPLAINT0002533,ACC0006174,BRW0005381,2026-08-03 08:31:22,HARASSMENT,HIGH,INVESTIGATING,SMS,2026-08-20 08:31:22
COMPLAINT0002534,ACC0024072,BRW0005539,2026-03-15 05:01:02,AGENT_BEHAVIOUR,LOW,RESOLVED,SMS,2026-03-25 05:01:02
COMPLAINT0002535,ACC0005710,BRW0006243,2026-07-19 04:40:07,PAYMENT,LOW,RESOLVED,FIELD,2026-08-06 04:40:07
COMPLAINT0002536,ACC0008367,BRW0009662,2026-01-01 15:45:56,PRIVACY,LOW,RESOLVED,SMS,2026-01-15 15:45:56
COMPLAINT0002537,ACC0021488,BRW0005269,2026-04-05 19:03:27,PRIVACY,HIGH,INVESTIGATING,WHATSAPP,2026-04-18 19:03:27
COMPLAINT0002538,ACC0012590,BRW0010981,2026-04-05 09:44:43,DND,LOW,CLOSED,WHATSAPP,2026-04-23 09:44:43
COMPLAINT0002539,ACC0010748,BRW0008097,2026-03-18 14:44:21,HARASSMENT,CRITICAL,RESOLVED,WHATSAPP,2026-03-23 14:44:21
COMPLAINT0002540,ACC0011453,BRW0011826,2026-03-19 20:28:34,DISPUTE,LOW,RESOLVED,SMS,2026-03-22 20:28:34
COMPLAINT0002541,ACC0024487,BRW0000678,2026-03-14 21:27:38,PRIVACY,CRITICAL,CLOSED,SMS,2026-03-27 21:27:38
COMPLAINT0002542,ACC0016683,BRW0008109,2026-05-18 03:28:24,DISPUTE,MEDIUM,RESOLVED,FIELD,2026-05-22 03:28:24
COMPLAINT0002543,ACC0028836,BRW0007971,2026-03-02 21:18:24,PRIVACY,HIGH,CLOSED,FIELD,2026-03-20 21:18:24
COMPLAINT0002544,ACC0012885,BRW0009586,2026-05-15 02:31:55,PRIVACY,HIGH,INVESTIGATING,FIELD,2026-06-02 02:31:55
COMPLAINT0002545,ACC0006114,BRW0001585,2026-06-18 06:50:09,PRIVACY,MEDIUM,RESOLVED,EMAIL,2026-06-30 06:50:09
COMPLAINT0002546,ACC0014249,BRW0010181,2026-05-09 12:31:19,DND,CRITICAL,INVESTIGATING,CALL,2026-05-21 12:31:19
COMPLAINT0002547,ACC0026403,BRW0001139,2026-05-15 05:20:06,HARASSMENT,HIGH,INVESTIGATING,FIELD,2026-05-22 05:20:06
COMPLAINT0002548,ACC0025519,BRW0009171,2026-01-28 11:50:31,PAYMENT,LOW,RESOLVED,WHATSAPP,2026-02-06 11:50:31
COMPLAINT0002549,ACC0027058,BRW0009401,2026-07-20 16:04:29,WRONG_CONTACT,LOW,CLOSED,EMAIL,2026-07-21 16:04:29
COMPLAINT0002550,ACC0012913,BRW0001256,2026-02-08 11:50:35,WRONG_CONTACT,CRITICAL,CLOSED,CALL,2026-02-22 11:50:35
COMPLAINT0002551,ACC0011193,BRW0005254,2026-04-15 17:29:48,DISPUTE,CRITICAL,RESOLVED,WHATSAPP,2026-04-26 17:29:48
COMPLAINT0002552,ACC0011453,BRW0006820,2026-01-25 05:40:13,AGENT_BEHAVIOUR,CRITICAL,INVESTIGATING,FIELD,2026-02-04 05:40:13
COMPLAINT0002553,ACC0026767,BRW0008886,2026-03-10 10:31:14,PRIVACY,MEDIUM,RESOLVED,SMS,2026-03-26 10:31:14
COMPLAINT0002554,ACC0022755,BRW0004677,2026-01-12 08:09:37,AGENT_BEHAVIOUR,LOW,CLOSED,CALL,2026-01-17 08:09:37
COMPLAINT0002555,ACC0008578,BRW0007999,2026-03-06 22:17:09,HARASSMENT,HIGH,CLOSED,CALL,2026-03-25 22:17:09
COMPLAINT0002556,ACC0020152,BRW0009090,2026-04-10 21:38:10,PAYMENT,MEDIUM,CLOSED,CALL,2026-04-13 21:38:10
COMPLAINT0002557,ACC0014769,BRW0000499,2026-01-01 03:03:15,WRONG_CONTACT,HIGH,OPEN,CALL,2026-01-12 03:03:15
COMPLAINT0002558,ACC0000890,BRW0009611,2026-03-04 06:36:03,HARASSMENT,HIGH,INVESTIGATING,WHATSAPP,2026-03-11 06:36:03
COMPLAINT0002559,ACC0029531,BRW0011369,2026-06-09 17:00:16,AGENT_BEHAVIOUR,LOW,OPEN,FIELD,2026-06-11 17:00:16
COMPLAINT0002560,ACC0022558,BRW0010861,2026-03-16 21:31:04,PAYMENT,CRITICAL,CLOSED,EMAIL,2026-03-20 21:31:04
COMPLAINT0002561,ACC0024442,BRW0005975,2026-01-25 15:01:38,DISPUTE,HIGH,INVESTIGATING,WHATSAPP,2026-02-09 15:01:38
COMPLAINT0002562,ACC0009995,BRW0004823,2026-02-28 11:35:40,HARASSMENT,CRITICAL,RESOLVED,WHATSAPP,2026-03-08 11:35:40
COMPLAINT0002563,ACC0002174,BRW0010881,2026-03-12 18:30:25,DISPUTE,CRITICAL,OPEN,EMAIL,2026-03-24 18:30:25
COMPLAINT0002564,ACC0005365,BRW0007898,2026-01-20 20:36:31,AGENT_BEHAVIOUR,MEDIUM,OPEN,EMAIL,2026-01-27 20:36:31
COMPLAINT0002565,ACC0029562,BRW0010002,2026-02-04 18:57:31,HARASSMENT,LOW,INVESTIGATING,WHATSAPP,2026-02-23 18:57:31
COMPLAINT0002566,ACC0004794,BRW0004098,2026-03-20 10:40:38,PRIVACY,CRITICAL,INVESTIGATING,CALL,2026-04-05 10:40:38
COMPLAINT0002567,ACC0007343,BRW0012000,2026-04-05 17:16:05,HARASSMENT,CRITICAL,CLOSED,WHATSAPP,2026-04-09 17:16:05
COMPLAINT0002568,ACC0008862,BRW0006359,2026-03-28 00:19:16,PRIVACY,MEDIUM,OPEN,EMAIL,2026-04-04 00:19:16
COMPLAINT0002569,ACC0020898,BRW0008546,2026-06-04 15:55:43,PAYMENT,HIGH,CLOSED,WHATSAPP,2026-06-15 15:55:43
COMPLAINT0002570,ACC0019346,BRW0010759,2026-01-17 22:00:42,PRIVACY,MEDIUM,CLOSED,EMAIL,2026-01-26 22:00:42
COMPLAINT0002571,ACC0002897,BRW0010778,2026-07-03 23:05:50,AGENT_BEHAVIOUR,LOW,INVESTIGATING,WHATSAPP,2026-07-17 23:05:50
COMPLAINT0002572,ACC0027328,BRW0001040,2026-05-29 10:28:29,DISPUTE,CRITICAL,INVESTIGATING,SMS,2026-06-16 10:28:29
COMPLAINT0002573,ACC0018357,BRW0008278,2026-04-20 06:29:06,HARASSMENT,MEDIUM,INVESTIGATING,SMS,2026-04-27 06:29:06
COMPLAINT0002574,ACC0019775,BRW0006386,2026-07-07 05:18:17,WRONG_CONTACT,HIGH,OPEN,SMS,2026-07-22 05:18:17
COMPLAINT0002575,ACC0029609,BRW0009640,2026-06-20 15:07:46,WRONG_CONTACT,MEDIUM,RESOLVED,CALL,2026-06-26 15:07:46
COMPLAINT0002576,ACC0008187,BRW0003888,2026-01-02 03:14:25,DISPUTE,HIGH,INVESTIGATING,WHATSAPP,2026-01-13 03:14:25
COMPLAINT0002577,ACC0006597,BRW0005079,2026-02-17 07:26:09,HARASSMENT,MEDIUM,RESOLVED,CALL,2026-02-20 07:26:09
COMPLAINT0002578,ACC0028232,BRW0000012,2026-07-01 08:46:17,DND,CRITICAL,CLOSED,CALL,2026-07-11 08:46:17
COMPLAINT0002579,ACC0014019,BRW0007495,2026-06-29 02:39:22,AGENT_BEHAVIOUR,LOW,OPEN,EMAIL,2026-07-14 02:39:22
COMPLAINT0002580,ACC0003459,BRW0005341,2026-06-19 17:37:29,WRONG_CONTACT,CRITICAL,OPEN,SMS,2026-06-21 17:37:29
COMPLAINT0002581,ACC0017014,BRW0007011,2026-04-06 07:42:25,PAYMENT,LOW,RESOLVED,SMS,2026-04-20 07:42:25
COMPLAINT0002582,ACC0015415,BRW0011512,2026-01-27 14:08:42,PAYMENT,CRITICAL,INVESTIGATING,SMS,2026-02-13 14:08:42
COMPLAINT0002583,ACC0028052,BRW0001970,2026-02-25 02:55:24,DISPUTE,CRITICAL,RESOLVED,EMAIL,2026-02-26 02:55:24
COMPLAINT0002584,ACC0028307,BRW0009876,2026-06-24 04:47:07,HARASSMENT,MEDIUM,CLOSED,CALL,2026-07-04 04:47:07
COMPLAINT0002585,ACC0027669,BRW0001887,2026-02-05 08:57:13,DISPUTE,CRITICAL,RESOLVED,SMS,2026-02-17 08:57:13
COMPLAINT0002586,ACC0028552,BRW0003075,2026-08-04 06:04:06,WRONG_CONTACT,LOW,INVESTIGATING,EMAIL,2026-08-07 06:04:06
COMPLAINT0002587,ACC0021914,BRW0006039,2026-05-18 08:26:22,PRIVACY,HIGH,RESOLVED,WHATSAPP,2026-06-05 08:26:22
COMPLAINT0002588,ACC0003146,BRW0004068,2026-02-03 23:14:06,PAYMENT,HIGH,OPEN,FIELD,2026-02-12 23:14:06
COMPLAINT0002589,ACC0012454,BRW0010576,2026-03-06 06:56:21,DISPUTE,LOW,INVESTIGATING,FIELD,2026-03-14 06:56:21
COMPLAINT0002590,ACC0010725,BRW0011056,2026-05-26 04:48:04,WRONG_CONTACT,CRITICAL,CLOSED,CALL,2026-06-09 04:48:04
COMPLAINT0002591,ACC0002112,BRW0005344,2026-05-23 21:08:41,WRONG_CONTACT,LOW,RESOLVED,CALL,2026-06-10 21:08:41
COMPLAINT0002592,ACC0017492,BRW0009764,2026-05-07 08:24:40,DISPUTE,MEDIUM,OPEN,FIELD,2026-05-12 08:24:40
COMPLAINT0002593,ACC0021344,BRW0000390,2026-04-20 03:34:48,PRIVACY,CRITICAL,OPEN,WHATSAPP,2026-05-07 03:34:48
COMPLAINT0002594,ACC0010293,BRW0003208,2026-04-10 04:39:20,WRONG_CONTACT,MEDIUM,OPEN,CALL,2026-04-24 04:39:20
COMPLAINT0002595,ACC0013685,BRW0006335,2026-05-08 09:33:01,WRONG_CONTACT,CRITICAL,INVESTIGATING,WHATSAPP,2026-05-14 09:33:01
COMPLAINT0002596,ACC0010719,BRW0001882,2026-02-28 16:52:06,WRONG_CONTACT,CRITICAL,CLOSED,EMAIL,2026-03-05 16:52:06
COMPLAINT0002597,ACC0023484,BRW0006274,2026-05-08 23:05:00,AGENT_BEHAVIOUR,HIGH,OPEN,FIELD,2026-05-23 23:05:00
COMPLAINT0002598,ACC0001418,BRW0004054,2026-04-16 15:32:11,HARASSMENT,HIGH,OPEN,FIELD,2026-04-17 15:32:11
COMPLAINT0002599,ACC0001752,BRW0008941,2026-02-08 13:01:33,DISPUTE,HIGH,CLOSED,SMS,2026-02-26 13:01:33
COMPLAINT0002600,ACC0024194,BRW0003608,2026-06-07 14:08:27,AGENT_BEHAVIOUR,CRITICAL,RESOLVED,SMS,2026-06-15 14:08:27
COMPLAINT0002601,ACC0020556,BRW0000738,2026-05-17 07:43:12,DND,LOW,INVESTIGATING,CALL,2026-05-18 07:43:12
COMPLAINT0002602,ACC0015691,BRW0002739,2026-03-09 06:56:42,DISPUTE,LOW,CLOSED,EMAIL,2026-03-11 06:56:42
COMPLAINT0002603,ACC0001178,BRW0006488,2026-04-19 03:04:47,AGENT_BEHAVIOUR,MEDIUM,CLOSED,FIELD,2026-05-06 03:04:47
COMPLAINT0002604,ACC0001917,BRW0011675,2026-02-26 22:48:05,PAYMENT,HIGH,OPEN,EMAIL,2026-03-02 22:48:05
COMPLAINT0002605,ACC0002392,BRW0000510,2026-05-09 20:07:26,WRONG_CONTACT,LOW,CLOSED,EMAIL,2026-05-27 20:07:26
COMPLAINT0002606,ACC0016290,BRW0008070,2026-05-05 19:38:49,DND,CRITICAL,INVESTIGATING,WHATSAPP,2026-05-23 19:38:49
COMPLAINT0002607,ACC0009516,BRW0001695,2026-04-17 13:35:16,DND,HIGH,INVESTIGATING,SMS,2026-04-19 13:35:16
COMPLAINT0002608,ACC0006435,BRW0001551,2026-02-17 21:23:51,DISPUTE,MEDIUM,RESOLVED,WHATSAPP,2026-03-01 21:23:51
COMPLAINT0002609,ACC0014424,BRW0008729,2026-08-01 00:23:03,DND,HIGH,CLOSED,FIELD,2026-08-06 00:23:03
COMPLAINT0002610,ACC0029181,BRW0001680,2026-04-10 23:41:07,HARASSMENT,CRITICAL,OPEN,WHATSAPP,2026-04-17 23:41:07
COMPLAINT0002611,ACC0020313,BRW0003837,2026-06-12 04:32:34,PRIVACY,CRITICAL,RESOLVED,WHATSAPP,2026-06-27 04:32:34
COMPLAINT0002612,ACC0011996,BRW0002367,2026-05-05 15:12:21,PRIVACY,HIGH,INVESTIGATING,CALL,2026-05-06 15:12:21
COMPLAINT0002613,ACC0008983,BRW0002617,2026-02-28 07:05:58,PRIVACY,LOW,CLOSED,EMAIL,2026-03-04 07:05:58
COMPLAINT0002614,ACC0012372,BRW0007535,2026-03-15 08:22:51,DND,HIGH,INVESTIGATING,WHATSAPP,2026-03-28 08:22:51
COMPLAINT0002615,ACC0028581,BRW0004514,2026-01-21 18:00:30,PAYMENT,HIGH,OPEN,CALL,2026-02-02 18:00:30
COMPLAINT0002616,ACC0019535,BRW0011815,2026-01-18 00:16:25,DISPUTE,MEDIUM,INVESTIGATING,WHATSAPP,2026-02-04 00:16:25
COMPLAINT0002617,ACC0013069,BRW0000178,2026-04-07 01:35:49,PRIVACY,HIGH,OPEN,EMAIL,2026-04-18 01:35:49
COMPLAINT0002618,ACC0018520,BRW0011110,2026-07-25 19:28:34,WRONG_CONTACT,MEDIUM,CLOSED,WHATSAPP,2026-08-09 19:28:34
COMPLAINT0002619,ACC0000269,BRW0003173,2026-03-28 11:01:54,DND,CRITICAL,RESOLVED,WHATSAPP,2026-04-13 11:01:54
COMPLAINT0002620,ACC0027634,BRW0008414,2026-01-15 07:29:08,DND,LOW,RESOLVED,CALL,2026-01-21 07:29:08
COMPLAINT0002621,ACC0022594,BRW0011723,2026-05-20 14:32:22,PAYMENT,HIGH,INVESTIGATING,FIELD,2026-05-28 14:32:22
COMPLAINT0002622,ACC0024499,BRW0004427,2026-07-30 21:04:04,HARASSMENT,HIGH,OPEN,FIELD,2026-08-10 21:04:04
COMPLAINT0002623,ACC0010402,BRW0008384,2026-05-13 18:18:40,HARASSMENT,HIGH,INVESTIGATING,SMS,2026-06-01 18:18:40
COMPLAINT0002624,ACC0002918,BRW0005195,2026-01-09 20:57:39,AGENT_BEHAVIOUR,HIGH,RESOLVED,WHATSAPP,2026-01-16 20:57:39
COMPLAINT0002625,ACC0022613,BRW0005682,2026-03-14 07:23:54,AGENT_BEHAVIOUR,HIGH,INVESTIGATING,SMS,2026-03-22 07:23:54
COMPLAINT0002626,ACC0024425,BRW0009498,2026-03-16 00:43:55,HARASSMENT,CRITICAL,CLOSED,CALL,2026-03-19 00:43:55
COMPLAINT0002627,ACC0025276,BRW0005956,2026-05-10 07:42:29,PAYMENT,LOW,RESOLVED,SMS,2026-05-24 07:42:29
COMPLAINT0002628,ACC0013216,BRW0008302,2026-04-22 08:02:48,PRIVACY,CRITICAL,CLOSED,WHATSAPP,2026-04-23 08:02:48
COMPLAINT0002629,ACC0020331,BRW0010429,2026-02-07 20:30:11,DND,LOW,OPEN,CALL,2026-02-23 20:30:11
COMPLAINT0002630,ACC0019685,BRW0011835,2026-05-08 21:39:44,HARASSMENT,HIGH,INVESTIGATING,CALL,2026-05-17 21:39:44
COMPLAINT0002631,ACC0028852,BRW0008984,2026-07-05 23:00:59,AGENT_BEHAVIOUR,HIGH,RESOLVED,EMAIL,2026-07-14 23:00:59
COMPLAINT0002632,ACC0017816,BRW0007054,2026-06-20 19:38:28,HARASSMENT,LOW,CLOSED,WHATSAPP,2026-06-24 19:38:28
COMPLAINT0002633,ACC0010855,BRW0010815,2026-06-23 09:42:05,PAYMENT,LOW,CLOSED,SMS,2026-07-01 09:42:05
COMPLAINT0002634,ACC0029553,BRW0000514,2026-06-03 20:09:41,WRONG_CONTACT,LOW,RESOLVED,CALL,2026-06-09 20:09:41
COMPLAINT0002635,ACC0029931,BRW0008983,2026-04-18 04:23:12,HARASSMENT,CRITICAL,CLOSED,EMAIL,2026-04-27 04:23:12
COMPLAINT0002636,ACC0028943,BRW0011573,2026-07-13 15:03:03,PAYMENT,HIGH,CLOSED,EMAIL,2026-07-23 15:03:03
COMPLAINT0002637,ACC0009304,BRW0007058,2026-06-08 13:16:11,AGENT_BEHAVIOUR,MEDIUM,RESOLVED,WHATSAPP,2026-06-26 13:16:11
COMPLAINT0002638,ACC0003405,BRW0001762,2026-03-16 14:14:07,PAYMENT,HIGH,OPEN,FIELD,2026-03-27 14:14:07
COMPLAINT0002639,ACC0019700,BRW0007985,2026-01-05 17:23:13,DISPUTE,HIGH,RESOLVED,FIELD,2026-01-11 17:23:13
COMPLAINT0002640,ACC0025369,BRW0004129,2026-03-18 07:12:20,WRONG_CONTACT,MEDIUM,OPEN,SMS,2026-03-26 07:12:20
COMPLAINT0002641,ACC0006462,BRW0006117,2026-04-18 19:43:59,AGENT_BEHAVIOUR,LOW,CLOSED,FIELD,2026-05-02 19:43:59
COMPLAINT0002642,ACC0008253,BRW0004400,2026-01-05 22:33:32,AGENT_BEHAVIOUR,CRITICAL,CLOSED,CALL,2026-01-21 22:33:32
COMPLAINT0002643,ACC0002578,BRW0004138,2026-02-06 09:23:25,PAYMENT,LOW,RESOLVED,WHATSAPP,2026-02-19 09:23:25
COMPLAINT0002644,ACC0013297,BRW0009288,2026-01-21 14:41:27,AGENT_BEHAVIOUR,LOW,CLOSED,CALL,2026-01-28 14:41:27
COMPLAINT0002645,ACC0013935,BRW0005987,2026-07-21 02:54:50,DND,MEDIUM,CLOSED,SMS,2026-07-22 02:54:50
COMPLAINT0002646,ACC0023467,BRW0008572,2026-07-18 22:43:21,HARASSMENT,HIGH,OPEN,CALL,2026-07-27 22:43:21
COMPLAINT0002647,ACC0003332,BRW0003299,2026-05-13 13:17:38,PAYMENT,HIGH,RESOLVED,FIELD,2026-05-30 13:17:38
COMPLAINT0002648,ACC0027468,BRW0000330,2026-02-07 01:48:12,AGENT_BEHAVIOUR,CRITICAL,CLOSED,SMS,2026-02-09 01:48:12
COMPLAINT0002649,ACC0004002,BRW0011824,2026-05-03 14:38:00,DISPUTE,LOW,OPEN,EMAIL,2026-05-12 14:38:00
COMPLAINT0002650,ACC0010599,BRW0003274,2026-07-22 20:33:15,PAYMENT,MEDIUM,OPEN,SMS,2026-08-05 20:33:15
COMPLAINT0002651,ACC0025097,BRW0008681,2026-02-14 13:15:01,WRONG_CONTACT,CRITICAL,OPEN,WHATSAPP,2026-02-16 13:15:01
COMPLAINT0002652,ACC0024207,BRW0000867,2026-08-03 03:55:18,PRIVACY,LOW,INVESTIGATING,SMS,2026-08-19 03:55:18
COMPLAINT0002653,ACC0014331,BRW0003284,2026-07-13 22:38:00,DISPUTE,HIGH,OPEN,CALL,2026-07-17 22:38:00
COMPLAINT0002654,ACC0026430,BRW0010145,2026-04-08 19:40:39,AGENT_BEHAVIOUR,LOW,INVESTIGATING,CALL,2026-04-21 19:40:39
COMPLAINT0002655,ACC0007509,BRW0007248,2026-04-22 10:25:56,PRIVACY,CRITICAL,CLOSED,FIELD,2026-05-01 10:25:56
COMPLAINT0002656,ACC0016961,BRW0001101,2026-04-23 08:17:32,HARASSMENT,HIGH,CLOSED,FIELD,2026-05-05 08:17:32
COMPLAINT0002657,ACC0027963,BRW0001921,2026-03-01 10:59:55,AGENT_BEHAVIOUR,LOW,RESOLVED,FIELD,2026-03-15 10:59:55
COMPLAINT0002658,ACC0004290,BRW0005370,2026-03-04 23:06:23,AGENT_BEHAVIOUR,HIGH,INVESTIGATING,FIELD,2026-03-18 23:06:23
COMPLAINT0002659,ACC0023033,BRW0004476,2026-01-29 03:53:55,HARASSMENT,MEDIUM,RESOLVED,FIELD,2026-02-08 03:53:55
COMPLAINT0002660,ACC0025212,BRW0005219,2026-01-23 10:59:42,WRONG_CONTACT,MEDIUM,INVESTIGATING,CALL,2026-02-06 10:59:42
COMPLAINT0002661,ACC0003702,BRW0007113,2026-04-17 02:28:25,HARASSMENT,LOW,OPEN,SMS,2026-04-27 02:28:25
COMPLAINT0002662,ACC0007275,BRW0006729,2026-01-20 20:50:35,PRIVACY,HIGH,INVESTIGATING,FIELD,2026-02-08 20:50:35
COMPLAINT0002663,ACC0021873,BRW0004066,2026-07-31 03:04:47,PAYMENT,CRITICAL,RESOLVED,SMS,2026-08-10 03:04:47
COMPLAINT0002664,ACC0011504,BRW0003230,2026-02-09 10:05:35,DISPUTE,CRITICAL,RESOLVED,SMS,2026-02-28 10:05:35
COMPLAINT0002665,ACC0025303,BRW0003765,2026-08-06 00:11:00,DISPUTE,MEDIUM,RESOLVED,EMAIL,2026-08-22 00:11:00
COMPLAINT0002666,ACC0029099,BRW0005925,2026-05-19 13:23:47,DISPUTE,LOW,CLOSED,CALL,2026-05-22 13:23:47
COMPLAINT0002667,ACC0006382,BRW0003130,2026-03-16 07:15:02,WRONG_CONTACT,CRITICAL,RESOLVED,CALL,2026-03-28 07:15:02
COMPLAINT0002668,ACC0009511,BRW0011679,2026-06-23 08:30:29,PRIVACY,LOW,CLOSED,CALL,2026-06-28 08:30:29
COMPLAINT0002669,ACC0010843,BRW0000710,2026-06-07 01:42:57,HARASSMENT,CRITICAL,RESOLVED,WHATSAPP,2026-06-16 01:42:57
COMPLAINT0002670,ACC0016604,BRW0005202,2026-04-18 03:53:16,DND,CRITICAL,CLOSED,FIELD,2026-04-30 03:53:16
COMPLAINT0002671,ACC0023862,BRW0009524,2026-04-02 07:41:08,PAYMENT,HIGH,RESOLVED,SMS,2026-04-03 07:41:08
COMPLAINT0002672,ACC0011094,BRW0003801,2026-02-15 19:49:08,AGENT_BEHAVIOUR,HIGH,CLOSED,FIELD,2026-03-04 19:49:08
COMPLAINT0002673,ACC0003428,BRW0009123,2026-02-14 22:44:01,PAYMENT,HIGH,RESOLVED,WHATSAPP,2026-02-23 22:44:01
COMPLAINT0002674,ACC0013523,BRW0008900,2026-07-13 16:25:25,PAYMENT,LOW,OPEN,EMAIL,2026-07-25 16:25:25
COMPLAINT0002675,ACC0018833,BRW0006681,2026-03-15 19:14:39,DISPUTE,MEDIUM,OPEN,EMAIL,2026-03-16 19:14:39
COMPLAINT0002676,ACC0028540,BRW0008401,2026-01-27 07:09:56,PAYMENT,CRITICAL,INVESTIGATING,WHATSAPP,2026-02-09 07:09:56
COMPLAINT0002677,ACC0022121,BRW0004475,2026-04-20 01:26:17,PAYMENT,HIGH,OPEN,CALL,2026-04-29 01:26:17
COMPLAINT0002678,ACC0016181,BRW0008059,2026-03-07 03:23:20,WRONG_CONTACT,MEDIUM,CLOSED,EMAIL,2026-03-14 03:23:20
COMPLAINT0002679,ACC0003888,BRW0001445,2026-04-10 05:34:20,PAYMENT,HIGH,RESOLVED,WHATSAPP,2026-04-16 05:34:20
COMPLAINT0002680,ACC0009403,BRW0007155,2026-01-28 23:15:02,PAYMENT,LOW,RESOLVED,CALL,2026-01-30 23:15:02
COMPLAINT0002681,ACC0013987,BRW0005008,2026-04-10 08:37:51,PRIVACY,CRITICAL,INVESTIGATING,CALL,2026-04-29 08:37:51
COMPLAINT0002682,ACC0014236,BRW0003473,2026-03-01 13:53:45,WRONG_CONTACT,HIGH,OPEN,EMAIL,2026-03-19 13:53:45
COMPLAINT0002683,ACC0001579,BRW0002482,2026-04-01 12:34:39,WRONG_CONTACT,LOW,OPEN,SMS,2026-04-10 12:34:39
COMPLAINT0002684,ACC0005951,BRW0001777,2026-06-27 06:21:31,WRONG_CONTACT,CRITICAL,CLOSED,SMS,2026-06-30 06:21:31
COMPLAINT0002685,ACC0028496,BRW0001971,2026-01-16 06:25:04,PRIVACY,LOW,INVESTIGATING,SMS,2026-01-28 06:25:04
COMPLAINT0002686,ACC0000191,BRW0001247,2026-05-22 07:28:42,HARASSMENT,HIGH,RESOLVED,WHATSAPP,2026-05-23 07:28:42
COMPLAINT0002687,ACC0007527,BRW0006301,2026-07-09 11:04:11,DISPUTE,HIGH,INVESTIGATING,CALL,2026-07-23 11:04:11
COMPLAINT0002688,ACC0000702,BRW0005151,2026-07-30 06:43:07,PAYMENT,MEDIUM,CLOSED,FIELD,2026-08-03 06:43:07
COMPLAINT0002689,ACC0003970,BRW0002638,2026-02-09 11:07:39,PAYMENT,CRITICAL,CLOSED,EMAIL,2026-02-28 11:07:39
COMPLAINT0002690,ACC0021428,BRW0007780,2026-07-03 22:19:50,HARASSMENT,LOW,INVESTIGATING,SMS,2026-07-10 22:19:50
COMPLAINT0002691,ACC0016243,BRW0006906,2026-02-26 05:20:00,DISPUTE,MEDIUM,INVESTIGATING,CALL,2026-03-16 05:20:00
COMPLAINT0002692,ACC0029651,BRW0010814,2026-07-21 20:43:25,PRIVACY,MEDIUM,OPEN,FIELD,2026-08-06 20:43:25
COMPLAINT0002693,ACC0016877,BRW0011134,2026-04-30 13:16:35,PAYMENT,CRITICAL,RESOLVED,SMS,2026-05-17 13:16:35
COMPLAINT0002694,ACC0000292,BRW0009732,2026-06-14 22:44:03,AGENT_BEHAVIOUR,MEDIUM,RESOLVED,SMS,2026-07-02 22:44:03
COMPLAINT0002695,ACC0018686,BRW0010721,2026-07-03 08:49:51,DISPUTE,HIGH,RESOLVED,SMS,2026-07-08 08:49:51
COMPLAINT0002696,ACC0008272,BRW0006754,2026-04-07 03:48:01,PRIVACY,MEDIUM,RESOLVED,WHATSAPP,2026-04-08 03:48:01
COMPLAINT0002697,ACC0020311,BRW0003575,2026-04-24 08:12:24,PAYMENT,HIGH,OPEN,CALL,2026-04-27 08:12:24
COMPLAINT0002698,ACC0006469,BRW0001133,2026-03-07 04:45:24,PRIVACY,CRITICAL,RESOLVED,EMAIL,2026-03-19 04:45:24
COMPLAINT0002699,ACC0008481,BRW0005641,2026-04-22 10:01:14,PRIVACY,HIGH,INVESTIGATING,EMAIL,2026-04-25 10:01:14
COMPLAINT0002700,ACC0029604,BRW0006901,2026-03-23 22:12:13,DND,MEDIUM,CLOSED,FIELD,2026-03-24 22:12:13
COMPLAINT0002701,ACC0010156,BRW0002947,2026-05-25 01:10:00,PRIVACY,MEDIUM,INVESTIGATING,FIELD,2026-05-31 01:10:00
COMPLAINT0002702,ACC0008732,BRW0004104,2026-07-01 21:14:04,WRONG_CONTACT,HIGH,INVESTIGATING,WHATSAPP,2026-07-12 21:14:04
COMPLAINT0002703,ACC0024172,BRW0000258,2026-01-11 19:33:10,DND,CRITICAL,OPEN,WHATSAPP,2026-01-27 19:33:10
COMPLAINT0002704,ACC0000918,BRW0005910,2026-07-21 02:22:41,PAYMENT,MEDIUM,CLOSED,SMS,2026-08-07 02:22:41
COMPLAINT0002705,ACC0021703,BRW0003804,2026-03-07 04:30:40,DND,MEDIUM,RESOLVED,CALL,2026-03-10 04:30:40
COMPLAINT0002706,ACC0003074,BRW0005840,2026-04-16 04:52:07,HARASSMENT,HIGH,RESOLVED,FIELD,2026-05-03 04:52:07
COMPLAINT0002707,ACC0012909,BRW0003267,2026-07-04 07:10:56,AGENT_BEHAVIOUR,MEDIUM,RESOLVED,SMS,2026-07-19 07:10:56
COMPLAINT0002708,ACC0017602,BRW0006268,2026-03-13 20:48:19,DISPUTE,MEDIUM,RESOLVED,CALL,2026-03-30 20:48:19
COMPLAINT0002709,ACC0011376,BRW0002875,2026-07-24 17:25:40,HARASSMENT,MEDIUM,RESOLVED,FIELD,2026-07-31 17:25:40
COMPLAINT0002710,ACC0019629,BRW0004993,2026-05-19 00:07:35,DISPUTE,LOW,RESOLVED,FIELD,2026-05-28 00:07:35
COMPLAINT0002711,ACC0017222,BRW0000362,2026-06-26 03:17:00,PAYMENT,MEDIUM,CLOSED,SMS,2026-07-07 03:17:00
COMPLAINT0002712,ACC0022225,BRW0011466,2026-07-07 17:15:47,PAYMENT,CRITICAL,OPEN,EMAIL,2026-07-16 17:15:47
COMPLAINT0002713,ACC0008481,BRW0006835,2026-01-23 18:39:43,WRONG_CONTACT,CRITICAL,INVESTIGATING,FIELD,2026-02-07 18:39:43
COMPLAINT0002714,ACC0026991,BRW0001392,2026-05-04 15:23:14,DISPUTE,LOW,RESOLVED,SMS,2026-05-15 15:23:14
COMPLAINT0002715,ACC0016056,BRW0008567,2026-04-08 21:42:13,HARASSMENT,HIGH,RESOLVED,WHATSAPP,2026-04-19 21:42:13
COMPLAINT0002716,ACC0027517,BRW0008521,2026-07-16 16:01:53,HARASSMENT,MEDIUM,OPEN,FIELD,2026-07-17 16:01:53
COMPLAINT0002717,ACC0008507,BRW0009808,2026-03-29 18:56:33,PAYMENT,MEDIUM,RESOLVED,EMAIL,2026-04-08 18:56:33
COMPLAINT0002718,ACC0010501,BRW0002407,2026-06-09 18:29:24,DISPUTE,HIGH,CLOSED,CALL,2026-06-20 18:29:24
COMPLAINT0002719,ACC0011875,BRW0004798,2026-01-12 03:26:04,PRIVACY,LOW,OPEN,CALL,2026-01-22 03:26:04
COMPLAINT0002720,ACC0027611,BRW0003870,2026-07-26 03:15:26,DND,CRITICAL,CLOSED,WHATSAPP,2026-08-11 03:15:26
COMPLAINT0002721,ACC0002256,BRW0005899,2026-07-06 14:48:28,HARASSMENT,HIGH,CLOSED,EMAIL,2026-07-17 14:48:28
COMPLAINT0002722,ACC0013446,BRW0010899,2026-06-09 18:21:21,PAYMENT,HIGH,RESOLVED,CALL,2026-06-23 18:21:21
COMPLAINT0002723,ACC0015271,BRW0003647,2026-03-02 10:28:19,DND,LOW,OPEN,EMAIL,2026-03-10 10:28:19
COMPLAINT0002724,ACC0004785,BRW0004909,2026-03-09 12:53:35,PAYMENT,MEDIUM,CLOSED,FIELD,2026-03-28 12:53:35
COMPLAINT0002725,ACC0029990,BRW0004217,2026-03-04 02:45:27,PRIVACY,CRITICAL,RESOLVED,SMS,2026-03-15 02:45:27
COMPLAINT0002726,ACC0029619,BRW0005740,2026-07-14 14:22:34,DISPUTE,MEDIUM,OPEN,CALL,2026-07-31 14:22:34
COMPLAINT0002727,ACC0018738,BRW0006848,2026-07-22 15:03:55,HARASSMENT,CRITICAL,RESOLVED,FIELD,2026-07-30 15:03:55
COMPLAINT0002728,ACC0000703,BRW0006695,2026-02-23 00:54:21,WRONG_CONTACT,HIGH,CLOSED,FIELD,2026-03-04 00:54:21
COMPLAINT0002729,ACC0021995,BRW0008551,2026-06-23 15:48:50,DND,LOW,OPEN,EMAIL,2026-07-07 15:48:50
COMPLAINT0002730,ACC0001254,BRW0002379,2026-05-04 10:25:17,DND,LOW,RESOLVED,SMS,2026-05-23 10:25:17
COMPLAINT0002731,ACC0001346,BRW0000119,2026-08-04 02:26:41,DISPUTE,LOW,INVESTIGATING,CALL,2026-08-23 02:26:41
COMPLAINT0002732,ACC0020132,BRW0003220,2026-03-02 21:17:32,DISPUTE,MEDIUM,OPEN,FIELD,2026-03-20 21:17:32
COMPLAINT0002733,ACC0026989,BRW0000558,2026-01-14 17:20:36,HARASSMENT,CRITICAL,INVESTIGATING,EMAIL,2026-02-01 17:20:36
COMPLAINT0002734,ACC0016580,BRW0010554,2026-04-01 09:30:01,DND,LOW,OPEN,SMS,2026-04-09 09:30:01
COMPLAINT0002735,ACC0006626,BRW0010328,2026-04-09 22:36:21,PRIVACY,LOW,RESOLVED,SMS,2026-04-21 22:36:21
COMPLAINT0002736,ACC0009379,BRW0011577,2026-01-03 11:53:56,HARASSMENT,MEDIUM,CLOSED,SMS,2026-01-16 11:53:56
COMPLAINT0002737,ACC0027947,BRW0005642,2026-02-18 00:26:52,DND,LOW,OPEN,WHATSAPP,2026-03-04 00:26:52
COMPLAINT0002738,ACC0020730,BRW0003703,2026-06-03 20:11:54,PAYMENT,LOW,INVESTIGATING,CALL,2026-06-09 20:11:54
COMPLAINT0002739,ACC0003421,BRW0010036,2026-03-10 07:54:39,AGENT_BEHAVIOUR,MEDIUM,CLOSED,FIELD,2026-03-29 07:54:39
COMPLAINT0002740,ACC0005634,BRW0001588,2026-03-21 06:16:45,DISPUTE,MEDIUM,RESOLVED,SMS,2026-04-02 06:16:45
COMPLAINT0002741,ACC0015980,BRW0010725,2026-05-14 03:06:07,DND,HIGH,OPEN,WHATSAPP,2026-05-23 03:06:07
COMPLAINT0002742,ACC0001488,BRW0007040,2026-03-20 18:39:52,WRONG_CONTACT,CRITICAL,RESOLVED,EMAIL,2026-03-29 18:39:52
COMPLAINT0002743,ACC0013224,BRW0001566,2026-05-19 01:40:13,DISPUTE,MEDIUM,OPEN,CALL,2026-05-22 01:40:13
COMPLAINT0002744,ACC0015424,BRW0004734,2026-04-13 02:29:07,DISPUTE,HIGH,OPEN,CALL,2026-04-15 02:29:07
COMPLAINT0002745,ACC0019776,BRW0005744,2026-05-14 00:44:01,PRIVACY,MEDIUM,OPEN,WHATSAPP,2026-05-19 00:44:01
COMPLAINT0002746,ACC0007029,BRW0000162,2026-04-02 15:31:13,WRONG_CONTACT,MEDIUM,CLOSED,FIELD,2026-04-20 15:31:13
COMPLAINT0002747,ACC0016516,BRW0002554,2026-03-06 09:15:46,PRIVACY,HIGH,RESOLVED,SMS,2026-03-16 09:15:46
COMPLAINT0002748,ACC0028490,BRW0010544,2026-01-17 22:22:19,DISPUTE,LOW,INVESTIGATING,WHATSAPP,2026-01-21 22:22:19
COMPLAINT0002749,ACC0003801,BRW0004810,2026-02-20 21:36:24,PRIVACY,CRITICAL,INVESTIGATING,CALL,2026-03-02 21:36:24
COMPLAINT0002750,ACC0023561,BRW0011932,2026-03-12 21:49:19,PRIVACY,LOW,OPEN,EMAIL,2026-03-30 21:49:19
COMPLAINT0002751,ACC0023724,BRW0008966,2026-06-11 15:47:33,AGENT_BEHAVIOUR,LOW,CLOSED,EMAIL,2026-06-28 15:47:33
COMPLAINT0002752,ACC0015076,BRW0003112,2026-05-13 19:47:48,DND,MEDIUM,RESOLVED,WHATSAPP,2026-05-17 19:47:48
COMPLAINT0002753,ACC0009841,BRW0004225,2026-04-27 19:18:25,DND,MEDIUM,OPEN,FIELD,2026-05-02 19:18:25
COMPLAINT0002754,ACC0019416,BRW0009666,2026-05-26 20:54:54,DISPUTE,MEDIUM,CLOSED,SMS,2026-06-08 20:54:54
COMPLAINT0002755,ACC0009376,BRW0001751,2026-02-10 11:46:56,DISPUTE,LOW,INVESTIGATING,WHATSAPP,2026-02-20 11:46:56
COMPLAINT0002756,ACC0025218,BRW0001691,2026-03-02 08:59:05,PAYMENT,MEDIUM,INVESTIGATING,SMS,2026-03-21 08:59:05
COMPLAINT0002757,ACC0003162,BRW0002839,2026-07-28 09:55:48,WRONG_CONTACT,LOW,OPEN,WHATSAPP,2026-08-10 09:55:48
COMPLAINT0002758,ACC0028486,BRW0000216,2026-07-29 12:56:28,DND,CRITICAL,CLOSED,FIELD,2026-07-30 12:56:28
COMPLAINT0002759,ACC0025158,BRW0008244,2026-05-03 08:09:29,AGENT_BEHAVIOUR,MEDIUM,CLOSED,WHATSAPP,2026-05-20 08:09:29
COMPLAINT0002760,ACC0001286,BRW0002952,2026-04-18 06:06:52,PAYMENT,CRITICAL,CLOSED,FIELD,2026-04-26 06:06:52
COMPLAINT0002761,ACC0003199,BRW0010845,2026-07-06 15:45:05,PRIVACY,HIGH,INVESTIGATING,FIELD,2026-07-18 15:45:05
COMPLAINT0002762,ACC0005936,BRW0009179,2026-06-15 21:25:53,WRONG_CONTACT,HIGH,INVESTIGATING,CALL,2026-06-20 21:25:53
COMPLAINT0002763,ACC0025483,BRW0002512,2026-02-20 14:14:39,PAYMENT,MEDIUM,CLOSED,EMAIL,2026-03-05 14:14:39
COMPLAINT0002764,ACC0006042,BRW0000104,2026-04-03 20:42:39,PRIVACY,CRITICAL,OPEN,FIELD,2026-04-16 20:42:39
COMPLAINT0002765,ACC0013623,BRW0000904,2026-05-08 12:45:48,PAYMENT,HIGH,INVESTIGATING,CALL,2026-05-14 12:45:48
COMPLAINT0002766,ACC0016536,BRW0000469,2026-01-04 03:28:23,DISPUTE,HIGH,INVESTIGATING,SMS,2026-01-21 03:28:23
COMPLAINT0002767,ACC0001789,BRW0005641,2026-02-17 08:53:12,PAYMENT,CRITICAL,RESOLVED,FIELD,2026-02-28 08:53:12
COMPLAINT0002768,ACC0005292,BRW0007992,2026-03-16 16:19:03,AGENT_BEHAVIOUR,LOW,INVESTIGATING,EMAIL,2026-03-23 16:19:03
COMPLAINT0002769,ACC0006638,BRW0008792,2026-07-12 16:09:27,PAYMENT,MEDIUM,INVESTIGATING,CALL,2026-07-20 16:09:27
COMPLAINT0002770,ACC0004806,BRW0009891,2026-06-25 02:57:12,HARASSMENT,LOW,CLOSED,EMAIL,2026-07-05 02:57:12
COMPLAINT0002771,ACC0000202,BRW0008922,2026-04-24 08:34:05,HARASSMENT,LOW,OPEN,SMS,2026-05-04 08:34:05
COMPLAINT0002772,ACC0011547,BRW0003126,2026-06-02 16:22:51,WRONG_CONTACT,LOW,OPEN,WHATSAPP,2026-06-05 16:22:51
COMPLAINT0002773,ACC0001300,BRW0002531,2026-04-26 08:19:52,PAYMENT,MEDIUM,RESOLVED,WHATSAPP,2026-04-30 08:19:52
COMPLAINT0002774,ACC0027397,BRW0004443,2026-05-28 22:08:34,PRIVACY,LOW,OPEN,EMAIL,2026-06-03 22:08:34
COMPLAINT0002775,ACC0016125,BRW0000308,2026-03-30 04:38:10,WRONG_CONTACT,CRITICAL,RESOLVED,EMAIL,2026-04-04 04:38:10
COMPLAINT0002776,ACC0000617,BRW0002326,2026-05-15 08:05:27,WRONG_CONTACT,LOW,OPEN,EMAIL,2026-05-19 08:05:27
COMPLAINT0002777,ACC0014298,BRW0005821,2026-06-17 00:26:56,DND,MEDIUM,INVESTIGATING,CALL,2026-06-25 00:26:56
COMPLAINT0002778,ACC0027508,BRW0000693,2026-04-05 22:11:45,HARASSMENT,HIGH,OPEN,CALL,2026-04-12 22:11:45
COMPLAINT0002779,ACC0013047,BRW0006051,2026-07-30 13:46:15,DND,HIGH,OPEN,CALL,2026-08-09 13:46:15
COMPLAINT0002780,ACC0015576,BRW0006422,2026-05-26 01:26:44,PAYMENT,CRITICAL,INVESTIGATING,EMAIL,2026-05-29 01:26:44
COMPLAINT0002781,ACC0005181,BRW0009178,2026-02-27 03:50:59,PAYMENT,CRITICAL,OPEN,EMAIL,2026-03-13 03:50:59
COMPLAINT0002782,ACC0019427,BRW0010596,2026-03-13 19:22:40,PRIVACY,MEDIUM,CLOSED,EMAIL,2026-03-21 19:22:40
COMPLAINT0002783,ACC0024136,BRW0001827,2026-03-31 16:34:42,HARASSMENT,HIGH,INVESTIGATING,WHATSAPP,2026-04-07 16:34:42
COMPLAINT0002784,ACC0019703,BRW0011103,2026-03-21 10:21:37,WRONG_CONTACT,HIGH,INVESTIGATING,CALL,2026-04-08 10:21:37
COMPLAINT0002785,ACC0013803,BRW0006889,2026-02-02 00:09:10,PRIVACY,LOW,RESOLVED,EMAIL,2026-02-06 00:09:10
COMPLAINT0002786,ACC0024947,BRW0011248,2026-05-03 01:00:59,PRIVACY,LOW,OPEN,EMAIL,2026-05-06 01:00:59
COMPLAINT0002787,ACC0022851,BRW0004312,2026-07-22 13:36:45,PAYMENT,LOW,CLOSED,EMAIL,2026-07-29 13:36:45
COMPLAINT0002788,ACC0001262,BRW0004937,2026-02-14 08:27:01,PRIVACY,HIGH,OPEN,WHATSAPP,2026-02-17 08:27:01
COMPLAINT0002789,ACC0010643,BRW0002761,2026-04-30 12:40:22,PAYMENT,HIGH,CLOSED,WHATSAPP,2026-05-18 12:40:22
COMPLAINT0002790,ACC0027403,BRW0005024,2026-05-07 18:45:59,PAYMENT,MEDIUM,RESOLVED,WHATSAPP,2026-05-14 18:45:59
COMPLAINT0002791,ACC0010650,BRW0006787,2026-05-01 22:18:22,PAYMENT,MEDIUM,RESOLVED,SMS,2026-05-17 22:18:22
COMPLAINT0002792,ACC0016752,BRW0011034,2026-02-20 22:43:31,WRONG_CONTACT,HIGH,OPEN,SMS,2026-03-03 22:43:31
COMPLAINT0002793,ACC0020857,BRW0002757,2026-03-27 10:22:40,DISPUTE,MEDIUM,CLOSED,FIELD,2026-04-01 10:22:40
COMPLAINT0002794,ACC0028485,BRW0003718,2026-05-21 00:23:10,PAYMENT,HIGH,INVESTIGATING,EMAIL,2026-05-23 00:23:10
COMPLAINT0002795,ACC0012495,BRW0000440,2026-05-27 03:20:42,HARASSMENT,HIGH,CLOSED,EMAIL,2026-06-02 03:20:42
COMPLAINT0002796,ACC0000140,BRW0004640,2026-07-16 10:30:45,DISPUTE,MEDIUM,RESOLVED,SMS,2026-07-20 10:30:45
COMPLAINT0002797,ACC0014985,BRW0003578,2026-08-05 22:48:00,AGENT_BEHAVIOUR,LOW,CLOSED,SMS,2026-08-19 22:48:00
COMPLAINT0002798,ACC0025714,BRW0011670,2026-01-01 10:22:52,DND,LOW,RESOLVED,SMS,2026-01-17 10:22:52
COMPLAINT0002799,ACC0018523,BRW0001521,2026-06-01 02:49:53,PRIVACY,HIGH,INVESTIGATING,WHATSAPP,2026-06-15 02:49:53
COMPLAINT0002800,ACC0005925,BRW0000627,2026-07-14 22:13:36,DISPUTE,MEDIUM,CLOSED,CALL,2026-07-15 22:13:36
COMPLAINT0002801,ACC0004863,BRW0004846,2026-07-19 12:49:18,DISPUTE,LOW,OPEN,CALL,2026-07-29 12:49:18
COMPLAINT0002802,ACC0026744,BRW0010550,2026-06-05 22:58:04,WRONG_CONTACT,CRITICAL,OPEN,EMAIL,2026-06-14 22:58:04
COMPLAINT0002803,ACC0029005,BRW0000306,2026-03-11 13:23:43,AGENT_BEHAVIOUR,MEDIUM,RESOLVED,FIELD,2026-03-22 13:23:43
COMPLAINT0002804,ACC0003608,BRW0007493,2026-07-04 22:11:27,PRIVACY,CRITICAL,OPEN,SMS,2026-07-09 22:11:27
COMPLAINT0002805,ACC0010480,BRW0004232,2026-07-20 08:30:56,WRONG_CONTACT,LOW,CLOSED,WHATSAPP,2026-08-03 08:30:56
COMPLAINT0002806,ACC0014250,BRW0011234,2026-01-18 02:58:41,DISPUTE,CRITICAL,OPEN,FIELD,2026-02-02 02:58:41
COMPLAINT0002807,ACC0007089,BRW0000915,2026-01-13 19:12:26,WRONG_CONTACT,CRITICAL,OPEN,CALL,2026-01-17 19:12:26
COMPLAINT0002808,ACC0006880,BRW0009123,2026-03-08 19:51:39,WRONG_CONTACT,HIGH,OPEN,CALL,2026-03-18 19:51:39
COMPLAINT0002809,ACC0029278,BRW0007778,2026-03-17 11:48:08,PRIVACY,HIGH,INVESTIGATING,EMAIL,2026-03-26 11:48:08
COMPLAINT0002810,ACC0025503,BRW0009853,2026-07-03 03:59:42,DISPUTE,CRITICAL,RESOLVED,WHATSAPP,2026-07-05 03:59:42
COMPLAINT0002811,ACC0013416,BRW0005248,2026-08-08 03:31:16,PAYMENT,LOW,CLOSED,SMS,2026-08-20 03:31:16
COMPLAINT0002812,ACC0004234,BRW0005010,2026-05-10 00:50:23,PRIVACY,CRITICAL,OPEN,CALL,2026-05-19 00:50:23
COMPLAINT0002813,ACC0009310,BRW0006939,2026-01-08 11:29:00,HARASSMENT,MEDIUM,OPEN,SMS,2026-01-23 11:29:00
COMPLAINT0002814,ACC0028452,BRW0003067,2026-01-19 15:14:36,PAYMENT,LOW,OPEN,SMS,2026-01-30 15:14:36
COMPLAINT0002815,ACC0013661,BRW0010966,2026-02-22 16:52:10,PAYMENT,CRITICAL,CLOSED,SMS,2026-03-13 16:52:10
COMPLAINT0002816,ACC0020871,BRW0005732,2026-06-27 21:42:06,PAYMENT,MEDIUM,OPEN,WHATSAPP,2026-07-05 21:42:06
COMPLAINT0002817,ACC0010491,BRW0001249,2026-01-23 14:34:10,HARASSMENT,CRITICAL,OPEN,FIELD,2026-01-31 14:34:10
COMPLAINT0002818,ACC0023893,BRW0010480,2026-02-08 02:43:54,PAYMENT,MEDIUM,RESOLVED,EMAIL,2026-02-18 02:43:54
COMPLAINT0002819,ACC0019712,BRW0000592,2026-02-15 16:27:06,HARASSMENT,LOW,CLOSED,WHATSAPP,2026-03-02 16:27:06
COMPLAINT0002820,ACC0026844,BRW0002230,2026-02-20 04:03:26,WRONG_CONTACT,LOW,INVESTIGATING,FIELD,2026-03-08 04:03:26
COMPLAINT0002821,ACC0012572,BRW0005564,2026-06-15 22:13:29,PRIVACY,HIGH,OPEN,WHATSAPP,2026-06-21 22:13:29
COMPLAINT0002822,ACC0010458,BRW0000750,2026-05-10 22:17:10,PAYMENT,CRITICAL,OPEN,CALL,2026-05-19 22:17:10
COMPLAINT0002823,ACC0003395,BRW0005087,2026-04-07 06:25:53,PAYMENT,CRITICAL,OPEN,EMAIL,2026-04-25 06:25:53
COMPLAINT0002824,ACC0015903,BRW0009975,2026-06-05 18:35:41,PRIVACY,HIGH,CLOSED,FIELD,2026-06-24 18:35:41
COMPLAINT0002825,ACC0009308,BRW0002488,2026-03-30 11:40:29,WRONG_CONTACT,CRITICAL,INVESTIGATING,CALL,2026-04-07 11:40:29
COMPLAINT0002826,ACC0007261,BRW0007469,2026-04-08 06:41:09,DISPUTE,MEDIUM,RESOLVED,WHATSAPP,2026-04-25 06:41:09
COMPLAINT0002827,ACC0013062,BRW0011347,2026-02-13 06:44:44,AGENT_BEHAVIOUR,CRITICAL,OPEN,FIELD,2026-02-23 06:44:44
COMPLAINT0002828,ACC0006615,BRW0011369,2026-06-06 12:46:29,PAYMENT,HIGH,INVESTIGATING,FIELD,2026-06-07 12:46:29
COMPLAINT0002829,ACC0016909,BRW0004892,2026-04-07 19:11:19,PAYMENT,LOW,RESOLVED,EMAIL,2026-04-21 19:11:19
COMPLAINT0002830,ACC0000765,BRW0003903,2026-04-23 03:12:59,DND,HIGH,OPEN,WHATSAPP,2026-04-29 03:12:59
COMPLAINT0002831,ACC0016563,BRW0006182,2026-03-15 19:39:55,HARASSMENT,HIGH,OPEN,CALL,2026-03-16 19:39:55
COMPLAINT0002832,ACC0027578,BRW0003360,2026-05-24 09:56:19,WRONG_CONTACT,MEDIUM,OPEN,WHATSAPP,2026-06-03 09:56:19
COMPLAINT0002833,ACC0020702,BRW0000522,2026-03-09 11:52:56,PRIVACY,CRITICAL,OPEN,EMAIL,2026-03-16 11:52:56
COMPLAINT0002834,ACC0017337,BRW0009518,2026-03-17 01:38:11,PRIVACY,MEDIUM,RESOLVED,FIELD,2026-04-01 01:38:11
COMPLAINT0002835,ACC0003869,BRW0001929,2026-05-19 09:50:23,DND,LOW,OPEN,EMAIL,2026-05-25 09:50:23
COMPLAINT0002836,ACC0025882,BRW0006754,2026-01-29 20:04:06,PAYMENT,CRITICAL,RESOLVED,EMAIL,2026-02-15 20:04:06
COMPLAINT0002837,ACC0010159,BRW0006881,2026-06-27 19:27:20,AGENT_BEHAVIOUR,HIGH,CLOSED,CALL,2026-07-08 19:27:20
COMPLAINT0002838,ACC0004676,BRW0009466,2026-07-10 19:26:02,DND,HIGH,CLOSED,CALL,2026-07-16 19:26:02
COMPLAINT0002839,ACC0005641,BRW0011413,2026-03-19 20:22:12,PAYMENT,MEDIUM,INVESTIGATING,SMS,2026-04-07 20:22:12
COMPLAINT0002840,ACC0014278,BRW0011399,2026-01-28 03:45:24,AGENT_BEHAVIOUR,LOW,RESOLVED,WHATSAPP,2026-02-07 03:45:24
COMPLAINT0002841,ACC0009015,BRW0002960,2026-07-14 05:33:30,DISPUTE,LOW,INVESTIGATING,FIELD,2026-07-24 05:33:30
COMPLAINT0002842,ACC0009377,BRW0011552,2026-07-05 21:19:04,HARASSMENT,HIGH,CLOSED,FIELD,2026-07-18 21:19:04
COMPLAINT0002843,ACC0020198,BRW0000455,2026-08-03 19:05:08,WRONG_CONTACT,HIGH,CLOSED,WHATSAPP,2026-08-15 19:05:08
COMPLAINT0002844,ACC0013453,BRW0000324,2026-05-20 19:36:01,DND,LOW,CLOSED,EMAIL,2026-05-29 19:36:01
COMPLAINT0002845,ACC0000338,BRW0004682,2026-04-21 04:13:25,DISPUTE,LOW,OPEN,FIELD,2026-04-22 04:13:25
COMPLAINT0002846,ACC0011121,BRW0007929,2026-04-17 17:23:31,WRONG_CONTACT,CRITICAL,INVESTIGATING,CALL,2026-04-21 17:23:31
COMPLAINT0002847,ACC0025542,BRW0002764,2026-07-29 18:25:45,PRIVACY,LOW,OPEN,EMAIL,2026-08-14 18:25:45
COMPLAINT0002848,ACC0009569,BRW0001959,2026-02-16 13:03:02,PAYMENT,CRITICAL,RESOLVED,SMS,2026-02-27 13:03:02
COMPLAINT0002849,ACC0022665,BRW0000901,2026-07-05 04:56:23,DISPUTE,MEDIUM,INVESTIGATING,WHATSAPP,2026-07-13 04:56:23
COMPLAINT0002850,ACC0012533,BRW0008129,2026-07-20 16:42:11,DND,HIGH,CLOSED,CALL,2026-07-21 16:42:11
COMPLAINT0002851,ACC0017335,BRW0010875,2026-01-25 20:59:06,PRIVACY,HIGH,CLOSED,WHATSAPP,2026-02-06 20:59:06
COMPLAINT0002852,ACC0018738,BRW0007193,2026-01-14 01:20:36,PRIVACY,LOW,INVESTIGATING,CALL,2026-01-15 01:20:36
COMPLAINT0002853,ACC0004260,BRW0009543,2026-04-28 13:45:03,PRIVACY,CRITICAL,OPEN,SMS,2026-05-01 13:45:03
COMPLAINT0002854,ACC0013931,BRW0002397,2026-02-18 07:32:03,DND,LOW,OPEN,WHATSAPP,2026-02-21 07:32:03
COMPLAINT0002855,ACC0008699,BRW0009543,2026-06-27 18:04:24,DND,MEDIUM,CLOSED,WHATSAPP,2026-07-10 18:04:24
COMPLAINT0002856,ACC0022889,BRW0010657,2026-08-06 14:41:51,HARASSMENT,MEDIUM,RESOLVED,SMS,2026-08-19 14:41:51
COMPLAINT0002857,ACC0004376,BRW0005555,2026-02-26 17:41:39,DND,LOW,RESOLVED,SMS,2026-03-07 17:41:39
COMPLAINT0002858,ACC0027539,BRW0005372,2026-03-26 19:58:14,AGENT_BEHAVIOUR,HIGH,INVESTIGATING,FIELD,2026-03-31 19:58:14
COMPLAINT0002859,ACC0012649,BRW0004922,2026-01-08 15:31:11,WRONG_CONTACT,MEDIUM,CLOSED,WHATSAPP,2026-01-26 15:31:11
COMPLAINT0002860,ACC0021834,BRW0002916,2026-05-09 00:13:01,WRONG_CONTACT,HIGH,CLOSED,EMAIL,2026-05-18 00:13:01
COMPLAINT0002861,ACC0014533,BRW0006633,2026-01-02 14:41:41,DND,CRITICAL,CLOSED,FIELD,2026-01-05 14:41:41
COMPLAINT0002862,ACC0027398,BRW0010025,2026-07-27 15:06:57,AGENT_BEHAVIOUR,CRITICAL,OPEN,EMAIL,2026-08-03 15:06:57
COMPLAINT0002863,ACC0000977,BRW0004837,2026-02-28 20:56:21,PRIVACY,MEDIUM,RESOLVED,EMAIL,2026-03-04 20:56:21
COMPLAINT0002864,ACC0004236,BRW0003300,2026-01-27 12:28:51,DND,LOW,CLOSED,EMAIL,2026-02-09 12:28:51
COMPLAINT0002865,ACC0026138,BRW0008170,2026-07-28 00:43:04,HARASSMENT,LOW,INVESTIGATING,CALL,2026-07-30 00:43:04
COMPLAINT0002866,ACC0013810,BRW0004677,2026-08-02 13:33:36,AGENT_BEHAVIOUR,CRITICAL,OPEN,SMS,2026-08-03 13:33:36
COMPLAINT0002867,ACC0016360,BRW0005212,2026-07-30 04:16:14,PRIVACY,CRITICAL,INVESTIGATING,CALL,2026-08-06 04:16:14
COMPLAINT0002868,ACC0014067,BRW0002744,2026-01-23 15:13:34,DISPUTE,HIGH,RESOLVED,WHATSAPP,2026-01-28 15:13:34
COMPLAINT0002869,ACC0016282,BRW0003602,2026-03-23 06:32:22,DND,CRITICAL,CLOSED,EMAIL,2026-03-27 06:32:22
COMPLAINT0002870,ACC0010119,BRW0004308,2026-01-04 07:15:12,DISPUTE,HIGH,INVESTIGATING,EMAIL,2026-01-21 07:15:12
COMPLAINT0002871,ACC0005552,BRW0010025,2026-03-27 00:24:35,AGENT_BEHAVIOUR,LOW,INVESTIGATING,FIELD,2026-03-30 00:24:35
COMPLAINT0002872,ACC0010575,BRW0006520,2026-07-21 12:59:07,DISPUTE,LOW,CLOSED,CALL,2026-08-04 12:59:07
COMPLAINT0002873,ACC0007496,BRW0011567,2026-06-25 02:36:27,HARASSMENT,CRITICAL,CLOSED,WHATSAPP,2026-07-01 02:36:27
COMPLAINT0002874,ACC0025855,BRW0003636,2026-06-12 03:36:45,WRONG_CONTACT,MEDIUM,INVESTIGATING,FIELD,2026-06-29 03:36:45
COMPLAINT0002875,ACC0020444,BRW0006455,2026-05-25 21:24:44,AGENT_BEHAVIOUR,CRITICAL,OPEN,CALL,2026-06-10 21:24:44
COMPLAINT0002876,ACC0029596,BRW0009281,2026-05-14 05:04:28,PRIVACY,CRITICAL,INVESTIGATING,SMS,2026-05-19 05:04:28
COMPLAINT0002877,ACC0001636,BRW0010221,2026-06-11 14:27:53,HARASSMENT,MEDIUM,RESOLVED,CALL,2026-06-28 14:27:53
COMPLAINT0002878,ACC0024116,BRW0008857,2026-01-16 09:53:09,DND,HIGH,RESOLVED,CALL,2026-02-04 09:53:09
COMPLAINT0002879,ACC0021848,BRW0004930,2026-07-03 16:10:44,PAYMENT,MEDIUM,OPEN,CALL,2026-07-09 16:10:44
COMPLAINT0002880,ACC0008919,BRW0005603,2026-05-06 05:33:06,HARASSMENT,LOW,RESOLVED,EMAIL,2026-05-11 05:33:06
COMPLAINT0002881,ACC0007790,BRW0004025,2026-05-21 05:04:23,DISPUTE,MEDIUM,RESOLVED,SMS,2026-05-29 05:04:23
COMPLAINT0002882,ACC0011049,BRW0002532,2026-04-18 10:59:34,DND,LOW,OPEN,WHATSAPP,2026-04-26 10:59:34
COMPLAINT0002883,ACC0007773,BRW0001555,2026-06-02 13:32:08,PRIVACY,LOW,INVESTIGATING,CALL,2026-06-04 13:32:08
COMPLAINT0002884,ACC0012410,BRW0003069,2026-02-20 23:42:19,PAYMENT,LOW,OPEN,CALL,2026-03-10 23:42:19
COMPLAINT0002885,ACC0008548,BRW0006935,2026-01-08 21:01:07,HARASSMENT,LOW,RESOLVED,FIELD,2026-01-20 21:01:07
COMPLAINT0002886,ACC0004637,BRW0008186,2026-02-02 05:15:44,DISPUTE,CRITICAL,RESOLVED,CALL,2026-02-12 05:15:44
COMPLAINT0002887,ACC0003136,BRW0005806,2026-03-12 03:53:57,DND,CRITICAL,CLOSED,FIELD,2026-03-18 03:53:57
COMPLAINT0002888,ACC0011838,BRW0001356,2026-01-05 08:33:20,PAYMENT,HIGH,CLOSED,SMS,2026-01-24 08:33:20
COMPLAINT0002889,ACC0008912,BRW0004580,2026-03-04 09:40:20,HARASSMENT,LOW,OPEN,SMS,2026-03-17 09:40:20
COMPLAINT0002890,ACC0025975,BRW0006383,2026-04-14 14:07:57,PAYMENT,LOW,OPEN,CALL,2026-04-23 14:07:57
COMPLAINT0002891,ACC0015442,BRW0007675,2026-02-23 13:04:41,PAYMENT,HIGH,OPEN,WHATSAPP,2026-03-12 13:04:41
COMPLAINT0002892,ACC0020896,BRW0001138,2026-07-05 05:21:10,HARASSMENT,LOW,RESOLVED,CALL,2026-07-13 05:21:10
COMPLAINT0002893,ACC0024125,BRW0007624,2026-07-29 07:49:18,PRIVACY,LOW,OPEN,FIELD,2026-08-13 07:49:18
COMPLAINT0002894,ACC0000018,BRW0004014,2026-06-03 07:52:08,DISPUTE,CRITICAL,OPEN,FIELD,2026-06-09 07:52:08
COMPLAINT0002895,ACC0004842,BRW0010069,2026-07-26 23:46:07,DISPUTE,HIGH,INVESTIGATING,EMAIL,2026-08-09 23:46:07
COMPLAINT0002896,ACC0020663,BRW0006636,2026-02-01 19:16:34,PAYMENT,MEDIUM,OPEN,SMS,2026-02-09 19:16:34
COMPLAINT0002897,ACC0001075,BRW0002565,2026-05-09 00:57:37,DND,MEDIUM,RESOLVED,CALL,2026-05-25 00:57:37
COMPLAINT0002898,ACC0011557,BRW0002436,2026-04-16 18:00:31,AGENT_BEHAVIOUR,HIGH,INVESTIGATING,EMAIL,2026-05-05 18:00:31
COMPLAINT0002899,ACC0018134,BRW0009621,2026-05-12 08:04:45,AGENT_BEHAVIOUR,MEDIUM,INVESTIGATING,SMS,2026-05-28 08:04:45
COMPLAINT0002900,ACC0021966,BRW0005748,2026-07-01 05:13:46,DND,MEDIUM,RESOLVED,EMAIL,2026-07-05 05:13:46
COMPLAINT0002901,ACC0024387,BRW0002249,2026-06-17 20:44:34,PAYMENT,CRITICAL,OPEN,CALL,2026-07-05 20:44:34
COMPLAINT0002902,ACC0000207,BRW0004871,2026-07-25 10:29:42,PAYMENT,CRITICAL,INVESTIGATING,CALL,2026-08-09 10:29:42
COMPLAINT0002903,ACC0029481,BRW0005451,2026-03-18 17:07:11,AGENT_BEHAVIOUR,HIGH,CLOSED,WHATSAPP,2026-03-26 17:07:11
COMPLAINT0002904,ACC0014422,BRW0002840,2026-05-06 01:19:41,PAYMENT,CRITICAL,INVESTIGATING,WHATSAPP,2026-05-22 01:19:41
COMPLAINT0002905,ACC0023801,BRW0009448,2026-02-19 09:51:35,DND,LOW,INVESTIGATING,CALL,2026-03-05 09:51:35
COMPLAINT0002906,ACC0000616,BRW0007028,2026-07-23 04:12:41,WRONG_CONTACT,LOW,OPEN,FIELD,2026-07-25 04:12:41
COMPLAINT0002907,ACC0020930,BRW0009851,2026-01-17 18:48:32,DND,CRITICAL,OPEN,EMAIL,2026-01-18 18:48:32
COMPLAINT0002908,ACC0000563,BRW0006650,2026-01-25 08:39:08,DND,CRITICAL,INVESTIGATING,CALL,2026-02-07 08:39:08
COMPLAINT0002909,ACC0009562,BRW0010781,2026-07-03 00:57:42,DISPUTE,CRITICAL,OPEN,EMAIL,2026-07-07 00:57:42
COMPLAINT0002910,ACC0016543,BRW0005305,2026-05-04 05:05:56,DND,HIGH,RESOLVED,CALL,2026-05-23 05:05:56
COMPLAINT0002911,ACC0014059,BRW0007527,2026-02-02 14:11:17,PAYMENT,LOW,CLOSED,WHATSAPP,2026-02-14 14:11:17
COMPLAINT0002912,ACC0001315,BRW0002374,2026-02-07 09:36:09,AGENT_BEHAVIOUR,HIGH,INVESTIGATING,FIELD,2026-02-23 09:36:09
COMPLAINT0002913,ACC0017661,BRW0006886,2026-05-03 02:07:13,PAYMENT,MEDIUM,RESOLVED,EMAIL,2026-05-09 02:07:13
COMPLAINT0002914,ACC0017416,BRW0001754,2026-05-10 23:20:12,DISPUTE,LOW,RESOLVED,SMS,2026-05-22 23:20:12
COMPLAINT0002915,ACC0029634,BRW0007414,2026-01-04 17:21:29,DND,HIGH,OPEN,EMAIL,2026-01-21 17:21:29
COMPLAINT0002916,ACC0009099,BRW0003098,2026-03-17 16:40:41,DISPUTE,CRITICAL,OPEN,FIELD,2026-03-20 16:40:41
COMPLAINT0002917,ACC0015387,BRW0004202,2026-07-12 23:29:09,DND,LOW,OPEN,SMS,2026-07-15 23:29:09
COMPLAINT0002918,ACC0004987,BRW0003420,2026-02-22 01:30:20,DISPUTE,LOW,RESOLVED,EMAIL,2026-03-10 01:30:20
COMPLAINT0002919,ACC0016019,BRW0003491,2026-06-16 21:28:52,PRIVACY,CRITICAL,RESOLVED,CALL,2026-06-29 21:28:52
COMPLAINT0002920,ACC0006996,BRW0010756,2026-02-26 00:24:16,AGENT_BEHAVIOUR,LOW,INVESTIGATING,CALL,2026-03-16 00:24:16
COMPLAINT0002921,ACC0021671,BRW0003035,2026-06-18 13:40:59,DISPUTE,HIGH,INVESTIGATING,CALL,2026-06-25 13:40:59
COMPLAINT0002922,ACC0022821,BRW0007217,2026-02-17 16:23:59,DND,MEDIUM,INVESTIGATING,SMS,2026-03-04 16:23:59
COMPLAINT0002923,ACC0010311,BRW0000994,2026-06-14 22:23:42,WRONG_CONTACT,CRITICAL,RESOLVED,FIELD,2026-06-23 22:23:42
COMPLAINT0002924,ACC0007312,BRW0009450,2026-04-04 01:18:16,AGENT_BEHAVIOUR,MEDIUM,RESOLVED,EMAIL,2026-04-17 01:18:16
COMPLAINT0002925,ACC0005723,BRW0000562,2026-03-30 00:27:29,PRIVACY,HIGH,INVESTIGATING,EMAIL,2026-04-03 00:27:29
COMPLAINT0002926,ACC0028119,BRW0004900,2026-07-01 16:40:04,PRIVACY,HIGH,INVESTIGATING,WHATSAPP,2026-07-20 16:40:04
COMPLAINT0002927,ACC0020838,BRW0003560,2026-02-17 10:08:58,DND,CRITICAL,CLOSED,WHATSAPP,2026-02-20 10:08:58
COMPLAINT0002928,ACC0013437,BRW0006865,2026-03-21 11:18:11,PAYMENT,HIGH,RESOLVED,WHATSAPP,2026-04-01 11:18:11
COMPLAINT0002929,ACC0016874,BRW0004174,2026-05-19 06:29:12,PAYMENT,HIGH,INVESTIGATING,FIELD,2026-05-27 06:29:12
COMPLAINT0002930,ACC0013620,BRW0009488,2026-03-16 17:55:55,DND,HIGH,RESOLVED,EMAIL,2026-03-30 17:55:55
COMPLAINT0002931,ACC0018391,BRW0003602,2026-07-04 03:07:24,AGENT_BEHAVIOUR,CRITICAL,OPEN,WHATSAPP,2026-07-12 03:07:24
COMPLAINT0002932,ACC0024719,BRW0002219,2026-04-27 20:25:56,DND,MEDIUM,OPEN,EMAIL,2026-05-03 20:25:56
COMPLAINT0002933,ACC0015118,BRW0008464,2026-08-01 09:00:58,WRONG_CONTACT,CRITICAL,CLOSED,FIELD,2026-08-07 09:00:58
COMPLAINT0002934,ACC0026417,BRW0006029,2026-03-26 15:44:38,DISPUTE,MEDIUM,CLOSED,EMAIL,2026-03-31 15:44:38
COMPLAINT0002935,ACC0004211,BRW0004405,2026-07-02 10:06:49,HARASSMENT,MEDIUM,CLOSED,WHATSAPP,2026-07-14 10:06:49
COMPLAINT0002936,ACC0017444,BRW0009669,2026-04-07 21:57:23,DND,LOW,CLOSED,CALL,2026-04-11 21:57:23
COMPLAINT0002937,ACC0005918,BRW0003391,2026-06-22 21:45:56,AGENT_BEHAVIOUR,CRITICAL,INVESTIGATING,EMAIL,2026-07-05 21:45:56
COMPLAINT0002938,ACC0025947,BRW0008509,2026-02-27 01:49:11,DISPUTE,MEDIUM,CLOSED,SMS,2026-03-11 01:49:11
COMPLAINT0002939,ACC0008052,BRW0001154,2026-03-14 03:23:47,DISPUTE,HIGH,INVESTIGATING,EMAIL,2026-03-19 03:23:47
COMPLAINT0002940,ACC0028197,BRW0010442,2026-05-19 23:27:23,PRIVACY,CRITICAL,RESOLVED,FIELD,2026-05-30 23:27:23
COMPLAINT0002941,ACC0002447,BRW0007067,2026-02-13 08:01:41,PRIVACY,LOW,OPEN,CALL,2026-02-19 08:01:41
COMPLAINT0002942,ACC0026082,BRW0008709,2026-04-07 05:22:49,AGENT_BEHAVIOUR,LOW,RESOLVED,EMAIL,2026-04-10 05:22:49
COMPLAINT0002943,ACC0016549,BRW0001403,2026-04-25 00:00:32,PAYMENT,CRITICAL,INVESTIGATING,WHATSAPP,2026-04-27 00:00:32
COMPLAINT0002944,ACC0020955,BRW0008059,2026-04-07 20:32:01,WRONG_CONTACT,HIGH,RESOLVED,CALL,2026-04-08 20:32:01
COMPLAINT0002945,ACC0015710,BRW0008090,2026-06-30 08:33:45,DND,MEDIUM,CLOSED,CALL,2026-07-11 08:33:45
COMPLAINT0002946,ACC0004416,BRW0006684,2026-08-07 20:29:32,DND,LOW,RESOLVED,WHATSAPP,2026-08-18 20:29:32
COMPLAINT0002947,ACC0003362,BRW0003273,2026-03-20 22:18:38,DISPUTE,LOW,INVESTIGATING,CALL,2026-03-22 22:18:38
COMPLAINT0002948,ACC0011698,BRW0001843,2026-01-29 13:51:46,PAYMENT,MEDIUM,RESOLVED,SMS,2026-01-30 13:51:46
COMPLAINT0002949,ACC0001688,BRW0001543,2026-05-12 01:46:35,AGENT_BEHAVIOUR,LOW,RESOLVED,CALL,2026-05-24 01:46:35
COMPLAINT0002950,ACC0010893,BRW0007588,2026-06-28 14:14:23,WRONG_CONTACT,CRITICAL,RESOLVED,WHATSAPP,2026-07-04 14:14:23
COMPLAINT0002951,ACC0021800,BRW0008429,2026-08-08 00:39:53,PAYMENT,LOW,INVESTIGATING,SMS,2026-08-11 00:39:53
COMPLAINT0002952,ACC0012274,BRW0008369,2026-01-02 19:00:16,PAYMENT,CRITICAL,RESOLVED,FIELD,2026-01-12 19:00:16
COMPLAINT0002953,ACC0006539,BRW0011663,2026-01-03 12:50:24,HARASSMENT,HIGH,RESOLVED,WHATSAPP,2026-01-19 12:50:24
COMPLAINT0002954,ACC0017278,BRW0009162,2026-05-28 19:11:10,PAYMENT,MEDIUM,OPEN,EMAIL,2026-06-15 19:11:10
COMPLAINT0002955,ACC0005124,BRW0005610,2026-06-11 07:33:59,PRIVACY,LOW,INVESTIGATING,CALL,2026-06-19 07:33:59
COMPLAINT0002956,ACC0015304,BRW0001617,2026-02-16 10:03:39,DND,MEDIUM,INVESTIGATING,EMAIL,2026-02-25 10:03:39
COMPLAINT0002957,ACC0011988,BRW0009470,2026-05-29 20:54:51,PAYMENT,HIGH,OPEN,EMAIL,2026-06-09 20:54:51
COMPLAINT0002958,ACC0019320,BRW0004693,2026-03-08 09:59:24,DISPUTE,MEDIUM,INVESTIGATING,CALL,2026-03-14 09:59:24
COMPLAINT0002959,ACC0021984,BRW0002117,2026-06-11 07:39:30,AGENT_BEHAVIOUR,HIGH,RESOLVED,SMS,2026-06-24 07:39:30
COMPLAINT0002960,ACC0021716,BRW0011864,2026-08-08 08:21:35,AGENT_BEHAVIOUR,MEDIUM,CLOSED,FIELD,2026-08-22 08:21:35
COMPLAINT0002961,ACC0007372,BRW0008439,2026-07-26 02:34:07,DND,LOW,INVESTIGATING,SMS,2026-08-02 02:34:07
COMPLAINT0002962,ACC0003762,BRW0011880,2026-05-15 10:26:01,DISPUTE,CRITICAL,CLOSED,WHATSAPP,2026-05-28 10:26:01
COMPLAINT0002963,ACC0000625,BRW0007697,2026-04-20 16:11:01,AGENT_BEHAVIOUR,HIGH,INVESTIGATING,EMAIL,2026-04-28 16:11:01
COMPLAINT0002964,ACC0017099,BRW0001067,2026-05-31 13:46:28,WRONG_CONTACT,MEDIUM,INVESTIGATING,SMS,2026-06-11 13:46:28
COMPLAINT0002965,ACC0005820,BRW0005227,2026-06-11 18:39:20,PRIVACY,MEDIUM,OPEN,WHATSAPP,2026-06-12 18:39:20
COMPLAINT0002966,ACC0000049,BRW0009851,2026-03-02 00:55:37,DND,LOW,RESOLVED,EMAIL,2026-03-14 00:55:37
COMPLAINT0002967,ACC0023465,BRW0000461,2026-01-03 11:48:17,PAYMENT,MEDIUM,RESOLVED,SMS,2026-01-16 11:48:17
COMPLAINT0002968,ACC0017731,BRW0005044,2026-07-19 00:02:57,HARASSMENT,CRITICAL,OPEN,EMAIL,2026-08-02 00:02:57
COMPLAINT0002969,ACC0013513,BRW0008684,2026-07-11 13:08:16,PAYMENT,LOW,OPEN,WHATSAPP,2026-07-27 13:08:16
COMPLAINT0002970,ACC0009843,BRW0008579,2026-04-14 13:55:15,PRIVACY,MEDIUM,INVESTIGATING,FIELD,2026-04-28 13:55:15
COMPLAINT0002971,ACC0020913,BRW0009950,2026-03-24 16:38:47,DND,MEDIUM,CLOSED,EMAIL,2026-03-26 16:38:47
COMPLAINT0002972,ACC0012691,BRW0005015,2026-01-31 11:47:24,PRIVACY,MEDIUM,CLOSED,EMAIL,2026-02-13 11:47:24
COMPLAINT0002973,ACC0019767,BRW0000002,2026-08-05 12:52:47,HARASSMENT,CRITICAL,OPEN,CALL,2026-08-09 12:52:47
COMPLAINT0002974,ACC0015302,BRW0006411,2026-05-05 00:39:20,DISPUTE,CRITICAL,OPEN,FIELD,2026-05-09 00:39:20
COMPLAINT0002975,ACC0028935,BRW0011183,2026-07-18 18:27:06,PRIVACY,CRITICAL,RESOLVED,CALL,2026-07-24 18:27:06
COMPLAINT0002976,ACC0014844,BRW0006314,2026-01-29 17:55:30,PRIVACY,LOW,OPEN,EMAIL,2026-01-31 17:55:30
COMPLAINT0002977,ACC0022645,BRW0002341,2026-06-01 16:00:34,HARASSMENT,LOW,INVESTIGATING,EMAIL,2026-06-05 16:00:34
COMPLAINT0002978,ACC0004853,BRW0008098,2026-02-11 11:49:45,WRONG_CONTACT,MEDIUM,CLOSED,SMS,2026-02-27 11:49:45
COMPLAINT0002979,ACC0029361,BRW0006701,2026-01-02 15:48:55,HARASSMENT,CRITICAL,OPEN,CALL,2026-01-10 15:48:55
COMPLAINT0002980,ACC0022527,BRW0004973,2026-05-13 14:08:23,DISPUTE,MEDIUM,INVESTIGATING,WHATSAPP,2026-05-22 14:08:23
COMPLAINT0002981,ACC0009334,BRW0007733,2026-02-13 07:12:22,PRIVACY,LOW,RESOLVED,SMS,2026-03-02 07:12:22
COMPLAINT0002982,ACC0028160,BRW0011429,2026-07-04 05:19:58,PRIVACY,CRITICAL,CLOSED,CALL,2026-07-06 05:19:58
COMPLAINT0002983,ACC0006050,BRW0003655,2026-04-22 17:49:21,WRONG_CONTACT,LOW,OPEN,EMAIL,2026-05-02 17:49:21
COMPLAINT0002984,ACC0004741,BRW0006427,2026-03-01 03:59:50,HARASSMENT,CRITICAL,INVESTIGATING,CALL,2026-03-12 03:59:50
COMPLAINT0002985,ACC0028679,BRW0006260,2026-02-23 03:52:19,DISPUTE,CRITICAL,RESOLVED,EMAIL,2026-03-14 03:52:19
COMPLAINT0002986,ACC0013710,BRW0004487,2026-07-27 09:38:17,PRIVACY,MEDIUM,CLOSED,EMAIL,2026-08-11 09:38:17
COMPLAINT0002987,ACC0010333,BRW0005358,2026-04-13 20:35:10,PRIVACY,HIGH,OPEN,FIELD,2026-04-16 20:35:10
COMPLAINT0002988,ACC0012942,BRW0002703,2026-01-14 12:52:06,AGENT_BEHAVIOUR,LOW,RESOLVED,FIELD,2026-01-29 12:52:06
COMPLAINT0002989,ACC0011392,BRW0002332,2026-04-11 19:31:23,DISPUTE,LOW,CLOSED,WHATSAPP,2026-04-23 19:31:23
COMPLAINT0002990,ACC0028528,BRW0008345,2026-03-08 10:57:42,HARASSMENT,LOW,INVESTIGATING,FIELD,2026-03-23 10:57:42
COMPLAINT0002991,ACC0004018,BRW0007720,2026-02-05 11:31:50,WRONG_CONTACT,HIGH,OPEN,WHATSAPP,2026-02-13 11:31:50
COMPLAINT0002992,ACC0010073,BRW0006012,2026-06-22 17:31:00,PAYMENT,LOW,CLOSED,FIELD,2026-07-03 17:31:00
COMPLAINT0002993,ACC0010041,BRW0010682,2026-02-13 07:07:21,DND,MEDIUM,OPEN,WHATSAPP,2026-02-24 07:07:21
COMPLAINT0002994,ACC0025024,BRW0011850,2026-08-04 22:03:02,PRIVACY,MEDIUM,INVESTIGATING,SMS,2026-08-07 22:03:02
COMPLAINT0002995,ACC0023061,BRW0007289,2026-03-14 20:30:17,DISPUTE,LOW,INVESTIGATING,WHATSAPP,2026-03-20 20:30:17
COMPLAINT0002996,ACC0004499,BRW0006542,2026-01-29 13:51:39,HARASSMENT,MEDIUM,INVESTIGATING,WHATSAPP,2026-02-16 13:51:39
COMPLAINT0002997,ACC0001929,BRW0000398,2026-01-06 10:13:02,AGENT_BEHAVIOUR,MEDIUM,INVESTIGATING,EMAIL,2026-01-14 10:13:02
COMPLAINT0002998,ACC0016384,BRW0007446,2026-05-10 07:56:17,PAYMENT,LOW,CLOSED,SMS,2026-05-13 07:56:17
COMPLAINT0002999,ACC0003370,BRW0011584,2026-06-16 04:10:40,AGENT_BEHAVIOUR,MEDIUM,CLOSED,SMS,2026-06-29 04:10:40
COMPLAINT0003000,ACC0014436,BRW0001943,2026-07-03 06:08:19,DND,LOW,CLOSED,SMS,2026-07-11 06:08:19
COMPLAINT0003001,ACC0011554,BRW0007504,2026-03-07 08:09:58,PRIVACY,MEDIUM,OPEN,SMS,2026-03-08 08:09:58
COMPLAINT0003002,ACC0000164,BRW0003143,2026-01-16 00:39:10,DISPUTE,MEDIUM,INVESTIGATING,FIELD,2026-01-17 00:39:10
COMPLAINT0003003,ACC0020776,BRW0007629,2026-01-07 09:49:40,PRIVACY,LOW,CLOSED,FIELD,2026-01-13 09:49:40
COMPLAINT0003004,ACC0015728,BRW0000935,2026-01-28 17:38:00,WRONG_CONTACT,MEDIUM,CLOSED,EMAIL,2026-02-14 17:38:00
COMPLAINT0003005,ACC0024876,BRW0000460,2026-01-07 11:29:47,AGENT_BEHAVIOUR,LOW,RESOLVED,EMAIL,2026-01-24 11:29:47
COMPLAINT0003006,ACC0022167,BRW0000743,2026-07-15 05:20:36,PRIVACY,MEDIUM,CLOSED,SMS,2026-07-16 05:20:36
COMPLAINT0003007,ACC0021085,BRW0007669,2026-03-11 02:52:48,PAYMENT,LOW,OPEN,CALL,2026-03-14 02:52:48
COMPLAINT0003008,ACC0005368,BRW0002855,2026-01-21 10:12:03,DISPUTE,HIGH,RESOLVED,EMAIL,2026-01-25 10:12:03
COMPLAINT0003009,ACC0022309,BRW0002467,2026-02-23 12:44:37,PRIVACY,HIGH,INVESTIGATING,EMAIL,2026-03-11 12:44:37
COMPLAINT0003010,ACC0028201,BRW0004422,2026-07-03 07:02:37,AGENT_BEHAVIOUR,HIGH,OPEN,CALL,2026-07-12 07:02:37
COMPLAINT0003011,ACC0028992,BRW0002770,2026-05-16 16:27:06,WRONG_CONTACT,MEDIUM,INVESTIGATING,FIELD,2026-06-03 16:27:06
COMPLAINT0003012,ACC0010343,BRW0002326,2026-07-23 20:58:19,WRONG_CONTACT,LOW,OPEN,EMAIL,2026-08-11 20:58:19
COMPLAINT0003013,ACC0009339,BRW0004520,2026-01-31 01:56:08,PAYMENT,MEDIUM,RESOLVED,FIELD,2026-02-03 01:56:08
COMPLAINT0003014,ACC0005430,BRW0003949,2026-06-19 23:42:57,HARASSMENT,MEDIUM,INVESTIGATING,CALL,2026-07-01 23:42:57
COMPLAINT0003015,ACC0023364,BRW0005053,2026-01-12 06:58:38,AGENT_BEHAVIOUR,CRITICAL,OPEN,CALL,2026-01-19 06:58:38
COMPLAINT0003016,ACC0027772,BRW0010886,2026-03-02 10:41:22,PAYMENT,LOW,OPEN,EMAIL,2026-03-20 10:41:22
COMPLAINT0003017,ACC0026337,BRW0003952,2026-01-16 10:59:20,DND,MEDIUM,OPEN,SMS,2026-01-17 10:59:20
COMPLAINT0003018,ACC0001125,BRW0003742,2026-07-04 11:13:47,AGENT_BEHAVIOUR,HIGH,INVESTIGATING,CALL,2026-07-22 11:13:47
COMPLAINT0003019,ACC0015795,BRW0001627,2026-02-01 15:20:30,PAYMENT,CRITICAL,CLOSED,WHATSAPP,2026-02-02 15:20:30
COMPLAINT0003020,ACC0005890,BRW0010968,2026-04-05 23:22:12,HARASSMENT,CRITICAL,RESOLVED,CALL,2026-04-16 23:22:12
COMPLAINT0003021,ACC0007376,BRW0006644,2026-01-16 00:17:00,PAYMENT,HIGH,RESOLVED,EMAIL,2026-01-31 00:17:00
COMPLAINT0003022,ACC0003850,BRW0002229,2026-04-06 16:36:08,PRIVACY,LOW,INVESTIGATING,CALL,2026-04-21 16:36:08
COMPLAINT0003023,ACC0000279,BRW0002694,2026-01-08 19:23:49,DISPUTE,CRITICAL,INVESTIGATING,WHATSAPP,2026-01-25 19:23:49
COMPLAINT0003024,ACC0009335,BRW0002392,2026-05-02 18:32:30,DISPUTE,CRITICAL,RESOLVED,SMS,2026-05-14 18:32:30
COMPLAINT0003025,ACC0003129,BRW0007432,2026-02-10 12:46:02,DND,MEDIUM,OPEN,FIELD,2026-02-24 12:46:02
COMPLAINT0003026,ACC0027068,BRW0011979,2026-06-12 23:55:26,PAYMENT,CRITICAL,CLOSED,CALL,2026-06-17 23:55:26
COMPLAINT0003027,ACC0001640,BRW0010155,2026-06-28 16:11:04,DISPUTE,MEDIUM,RESOLVED,FIELD,2026-07-02 16:11:04
COMPLAINT0003028,ACC0022151,BRW0002162,2026-01-16 19:13:49,WRONG_CONTACT,MEDIUM,RESOLVED,CALL,2026-02-02 19:13:49
COMPLAINT0003029,ACC0019047,BRW0005078,2026-06-23 04:32:49,AGENT_BEHAVIOUR,HIGH,OPEN,EMAIL,2026-06-27 04:32:49
COMPLAINT0003030,ACC0011301,BRW0009707,2026-04-28 04:38:07,PRIVACY,MEDIUM,INVESTIGATING,WHATSAPP,2026-05-12 04:38:07
COMPLAINT0003031,ACC0006487,BRW0008104,2026-02-04 06:43:43,AGENT_BEHAVIOUR,CRITICAL,INVESTIGATING,EMAIL,2026-02-09 06:43:43
COMPLAINT0003032,ACC0013533,BRW0002520,2026-06-04 08:26:49,DND,CRITICAL,CLOSED,EMAIL,2026-06-16 08:26:49
COMPLAINT0003033,ACC0010621,BRW0007856,2026-05-02 21:21:56,DISPUTE,HIGH,RESOLVED,CALL,2026-05-07 21:21:56
COMPLAINT0003034,ACC0009422,BRW0003122,2026-04-30 08:29:08,HARASSMENT,MEDIUM,RESOLVED,WHATSAPP,2026-05-05 08:29:08
COMPLAINT0003035,ACC0003196,BRW0010767,2026-03-08 11:07:26,DND,LOW,OPEN,EMAIL,2026-03-27 11:07:26
COMPLAINT0003036,ACC0023863,BRW0001586,2026-07-03 12:00:46,AGENT_BEHAVIOUR,MEDIUM,RESOLVED,CALL,2026-07-06 12:00:46
COMPLAINT0003037,ACC0011791,BRW0010008,2026-04-22 13:15:07,PRIVACY,CRITICAL,OPEN,CALL,2026-05-06 13:15:07
COMPLAINT0003038,ACC0010194,BRW0002822,2026-05-28 08:10:08,DISPUTE,CRITICAL,OPEN,SMS,2026-06-09 08:10:08
COMPLAINT0003039,ACC0010273,BRW0011432,2026-03-11 01:28:26,HARASSMENT,HIGH,RESOLVED,SMS,2026-03-24 01:28:26
COMPLAINT0003040,ACC0005836,BRW0006329,2026-04-20 08:02:11,DISPUTE,LOW,INVESTIGATING,SMS,2026-04-26 08:02:11
COMPLAINT0003041,ACC0008050,BRW0007113,2026-05-15 21:36:36,PAYMENT,MEDIUM,OPEN,SMS,2026-05-16 21:36:36
COMPLAINT0003042,ACC0004591,BRW0011474,2026-03-29 12:40:39,DND,CRITICAL,RESOLVED,WHATSAPP,2026-04-15 12:40:39
COMPLAINT0003043,ACC0029562,BRW0009997,2026-07-10 05:43:26,WRONG_CONTACT,HIGH,OPEN,EMAIL,2026-07-13 05:43:26
COMPLAINT0003044,ACC0005471,BRW0000661,2026-03-21 05:50:55,PAYMENT,MEDIUM,INVESTIGATING,WHATSAPP,2026-04-06 05:50:55
COMPLAINT0003045,ACC0025621,BRW0004193,2026-03-15 23:11:02,DND,CRITICAL,OPEN,SMS,2026-03-22 23:11:02
COMPLAINT0003046,ACC0024965,BRW0002394,2026-05-16 00:09:55,PAYMENT,HIGH,OPEN,FIELD,2026-06-04 00:09:55
COMPLAINT0003047,ACC0022605,BRW0002712,2026-02-20 18:13:20,PAYMENT,LOW,INVESTIGATING,WHATSAPP,2026-02-27 18:13:20
COMPLAINT0003048,ACC0024525,BRW0001183,2026-04-06 00:41:48,PAYMENT,MEDIUM,INVESTIGATING,WHATSAPP,2026-04-08 00:41:48
COMPLAINT0003049,ACC0019572,BRW0001137,2026-04-11 19:06:51,DND,MEDIUM,INVESTIGATING,WHATSAPP,2026-04-30 19:06:51
COMPLAINT0003050,ACC0014604,BRW0002362,2026-03-20 09:49:44,PAYMENT,MEDIUM,OPEN,EMAIL,2026-03-27 09:49:44
COMPLAINT0003051,ACC0007988,BRW0001169,2026-02-05 18:16:13,DND,CRITICAL,INVESTIGATING,SMS,2026-02-11 18:16:13
COMPLAINT0003052,ACC0009201,BRW0000310,2026-07-24 12:29:47,DISPUTE,MEDIUM,CLOSED,CALL,2026-08-01 12:29:47
COMPLAINT0003053,ACC0017847,BRW0001252,2026-06-27 01:47:25,HARASSMENT,CRITICAL,INVESTIGATING,SMS,2026-07-08 01:47:25
COMPLAINT0003054,ACC0025170,BRW0005706,2026-07-26 03:54:26,HARASSMENT,MEDIUM,INVESTIGATING,WHATSAPP,2026-08-02 03:54:26
COMPLAINT0003055,ACC0017380,BRW0011038,2026-01-31 10:30:49,DND,HIGH,OPEN,CALL,2026-02-01 10:30:49
COMPLAINT0003056,ACC0025716,BRW0002257,2026-07-24 01:10:11,AGENT_BEHAVIOUR,CRITICAL,CLOSED,SMS,2026-08-03 01:10:11
COMPLAINT0003057,ACC0012869,BRW0003394,2026-07-24 22:47:24,WRONG_CONTACT,LOW,RESOLVED,CALL,2026-08-03 22:47:24
COMPLAINT0003058,ACC0028401,BRW0004298,2026-07-03 20:32:37,AGENT_BEHAVIOUR,LOW,INVESTIGATING,FIELD,2026-07-13 20:32:37
COMPLAINT0003059,ACC0024553,BRW0006804,2026-02-10 12:07:04,PAYMENT,CRITICAL,INVESTIGATING,WHATSAPP,2026-02-23 12:07:04
COMPLAINT0003060,ACC0003535,BRW0005772,2026-05-07 14:20:25,DND,MEDIUM,CLOSED,EMAIL,2026-05-10 14:20:25
COMPLAINT0003061,ACC0002454,BRW0010887,2026-05-28 23:01:18,AGENT_BEHAVIOUR,HIGH,OPEN,WHATSAPP,2026-06-13 23:01:18
COMPLAINT0003062,ACC0027163,BRW0005586,2026-05-22 22:22:32,DND,HIGH,CLOSED,EMAIL,2026-05-27 22:22:32
COMPLAINT0003063,ACC0021980,BRW0000878,2026-07-01 14:10:35,DND,LOW,OPEN,EMAIL,2026-07-19 14:10:35
COMPLAINT0003064,ACC0002898,BRW0009681,2026-06-17 08:14:41,DISPUTE,LOW,RESOLVED,WHATSAPP,2026-07-06 08:14:41
COMPLAINT0003065,ACC0027117,BRW0005131,2026-02-23 17:55:21,PAYMENT,MEDIUM,RESOLVED,EMAIL,2026-03-06 17:55:21
COMPLAINT0003066,ACC0028508,BRW0007804,2026-06-09 14:27:33,DISPUTE,MEDIUM,CLOSED,WHATSAPP,2026-06-10 14:27:33
COMPLAINT0003067,ACC0000514,BRW0004939,2026-04-24 02:55:58,AGENT_BEHAVIOUR,HIGH,CLOSED,EMAIL,2026-05-12 02:55:58
COMPLAINT0003068,ACC0022538,BRW0003275,2026-03-09 21:26:23,DISPUTE,LOW,INVESTIGATING,CALL,2026-03-22 21:26:23
COMPLAINT0003069,ACC0018389,BRW0008704,2026-02-19 20:51:44,HARASSMENT,CRITICAL,INVESTIGATING,SMS,2026-03-07 20:51:44
COMPLAINT0003070,ACC0016141,BRW0005600,2026-01-29 22:16:29,AGENT_BEHAVIOUR,LOW,OPEN,CALL,2026-02-08 22:16:29
COMPLAINT0003071,ACC0001066,BRW0010694,2026-08-08 18:13:01,DND,LOW,INVESTIGATING,WHATSAPP,2026-08-15 18:13:01
COMPLAINT0003072,ACC0001186,BRW0002732,2026-03-23 12:31:53,DND,CRITICAL,OPEN,EMAIL,2026-04-06 12:31:53
COMPLAINT0003073,ACC0014602,BRW0003977,2026-04-18 05:48:50,DISPUTE,LOW,CLOSED,CALL,2026-04-25 05:48:50
COMPLAINT0003074,ACC0004433,BRW0005848,2026-02-03 13:17:18,HARASSMENT,HIGH,CLOSED,WHATSAPP,2026-02-08 13:17:18
COMPLAINT0003075,ACC0026152,BRW0009146,2026-07-22 05:34:40,PAYMENT,HIGH,OPEN,WHATSAPP,2026-08-07 05:34:40
COMPLAINT0003076,ACC0000153,BRW0003781,2026-02-07 04:11:17,DND,HIGH,RESOLVED,SMS,2026-02-24 04:11:17
COMPLAINT0003077,ACC0008929,BRW0000330,2026-05-24 08:19:45,WRONG_CONTACT,MEDIUM,RESOLVED,WHATSAPP,2026-06-01 08:19:45
COMPLAINT0003078,ACC0016281,BRW0009447,2026-04-16 17:05:54,HARASSMENT,MEDIUM,RESOLVED,SMS,2026-05-01 17:05:54
COMPLAINT0003079,ACC0003871,BRW0007863,2026-02-07 01:07:34,DND,HIGH,CLOSED,EMAIL,2026-02-23 01:07:34
COMPLAINT0003080,ACC0003430,BRW0000347,2026-08-07 22:36:28,DND,HIGH,INVESTIGATING,FIELD,2026-08-10 22:36:28
COMPLAINT0003081,ACC0002626,BRW0000104,2026-05-25 01:43:24,HARASSMENT,MEDIUM,OPEN,SMS,2026-06-05 01:43:24
COMPLAINT0003082,ACC0015375,BRW0011654,2026-01-23 22:05:11,PAYMENT,MEDIUM,RESOLVED,EMAIL,2026-01-28 22:05:11
COMPLAINT0003083,ACC0026384,BRW0005995,2026-05-28 14:14:53,DND,MEDIUM,RESOLVED,FIELD,2026-06-04 14:14:53
COMPLAINT0003084,ACC0011322,BRW0007037,2026-07-16 13:03:55,HARASSMENT,LOW,CLOSED,WHATSAPP,2026-08-03 13:03:55
COMPLAINT0003085,ACC0015034,BRW0003457,2026-07-20 11:43:50,PAYMENT,CRITICAL,CLOSED,WHATSAPP,2026-07-21 11:43:50
COMPLAINT0003086,ACC0003565,BRW0011814,2026-02-13 13:54:00,DND,MEDIUM,RESOLVED,CALL,2026-03-01 13:54:00
COMPLAINT0003087,ACC0007110,BRW0002287,2026-03-19 19:36:27,PRIVACY,MEDIUM,INVESTIGATING,SMS,2026-04-02 19:36:27
COMPLAINT0003088,ACC0002396,BRW0001295,2026-08-05 16:42:12,DND,HIGH,RESOLVED,SMS,2026-08-17 16:42:12
COMPLAINT0003089,ACC0028569,BRW0009407,2026-03-20 00:24:13,DND,MEDIUM,CLOSED,FIELD,2026-04-06 00:24:13
COMPLAINT0003090,ACC0014049,BRW0000080,2026-06-03 00:21:05,PRIVACY,LOW,OPEN,WHATSAPP,2026-06-09 00:21:05
COMPLAINT0003091,ACC0010576,BRW0009515,2026-03-02 21:15:44,DISPUTE,HIGH,OPEN,EMAIL,2026-03-05 21:15:44
COMPLAINT0003092,ACC0003126,BRW0007950,2026-04-03 03:07:37,AGENT_BEHAVIOUR,CRITICAL,OPEN,EMAIL,2026-04-04 03:07:37
COMPLAINT0003093,ACC0000074,BRW0001001,2026-07-18 03:23:15,HARASSMENT,MEDIUM,INVESTIGATING,WHATSAPP,2026-08-01 03:23:15
COMPLAINT0003094,ACC0026704,BRW0005373,2026-02-02 20:34:53,AGENT_BEHAVIOUR,MEDIUM,OPEN,WHATSAPP,2026-02-11 20:34:53
COMPLAINT0003095,ACC0003937,BRW0009224,2026-04-07 05:37:01,PAYMENT,CRITICAL,RESOLVED,CALL,2026-04-17 05:37:01
COMPLAINT0003096,ACC0007143,BRW0011440,2026-03-21 08:16:41,DND,LOW,INVESTIGATING,WHATSAPP,2026-03-24 08:16:41
COMPLAINT0003097,ACC0003364,BRW0003313,2026-04-07 12:37:09,PAYMENT,MEDIUM,INVESTIGATING,CALL,2026-04-25 12:37:09
COMPLAINT0003098,ACC0007144,BRW0001010,2026-01-23 16:55:28,HARASSMENT,CRITICAL,CLOSED,SMS,2026-02-11 16:55:28
COMPLAINT0003099,ACC0017719,BRW0008300,2026-04-24 06:50:44,PAYMENT,MEDIUM,INVESTIGATING,SMS,2026-04-30 06:50:44
COMPLAINT0003100,ACC0005390,BRW0001605,2026-01-13 12:42:47,WRONG_CONTACT,MEDIUM,RESOLVED,FIELD,2026-01-27 12:42:47
COMPLAINT0003101,ACC0002969,BRW0001973,2026-03-01 11:01:01,WRONG_CONTACT,LOW,RESOLVED,EMAIL,2026-03-09 11:01:01
COMPLAINT0003102,ACC0003121,BRW0003840,2026-01-01 12:01:59,DISPUTE,LOW,CLOSED,CALL,2026-01-13 12:01:59
COMPLAINT0003103,ACC0007937,BRW0010264,2026-05-24 07:32:01,AGENT_BEHAVIOUR,MEDIUM,RESOLVED,EMAIL,2026-05-30 07:32:01
COMPLAINT0003104,ACC0004883,BRW0008678,2026-07-30 14:51:53,PAYMENT,CRITICAL,RESOLVED,SMS,2026-08-12 14:51:53
COMPLAINT0003105,ACC0028711,BRW0005010,2026-07-10 21:00:54,DND,CRITICAL,OPEN,CALL,2026-07-14 21:00:54
COMPLAINT0003106,ACC0001988,BRW0000850,2026-06-06 14:27:21,WRONG_CONTACT,LOW,OPEN,FIELD,2026-06-08 14:27:21
COMPLAINT0003107,ACC0026693,BRW0005676,2026-06-17 10:07:22,AGENT_BEHAVIOUR,CRITICAL,OPEN,WHATSAPP,2026-06-22 10:07:22
COMPLAINT0003108,ACC0021179,BRW0011963,2026-04-09 11:50:41,AGENT_BEHAVIOUR,LOW,CLOSED,CALL,2026-04-16 11:50:41
COMPLAINT0003109,ACC0029443,BRW0001553,2026-07-01 18:26:37,PRIVACY,MEDIUM,OPEN,EMAIL,2026-07-18 18:26:37
COMPLAINT0003110,ACC0010155,BRW0010410,2026-01-12 06:24:03,DISPUTE,CRITICAL,INVESTIGATING,WHATSAPP,2026-01-17 06:24:03
COMPLAINT0003111,ACC0028717,BRW0006317,2026-05-08 07:50:54,DISPUTE,MEDIUM,RESOLVED,FIELD,2026-05-25 07:50:54
COMPLAINT0003112,ACC0023661,BRW0008159,2026-05-18 19:28:16,DND,LOW,RESOLVED,WHATSAPP,2026-06-05 19:28:16
COMPLAINT0003113,ACC0015935,BRW0002572,2026-04-16 01:53:03,DND,MEDIUM,INVESTIGATING,CALL,2026-04-22 01:53:03
COMPLAINT0003114,ACC0012150,BRW0010071,2026-06-04 17:04:10,WRONG_CONTACT,LOW,INVESTIGATING,FIELD,2026-06-20 17:04:10
COMPLAINT0003115,ACC0012434,BRW0011119,2026-05-13 22:06:48,HARASSMENT,CRITICAL,RESOLVED,EMAIL,2026-05-23 22:06:48
COMPLAINT0003116,ACC0014201,BRW0000079,2026-02-06 14:23:04,DISPUTE,HIGH,INVESTIGATING,FIELD,2026-02-07 14:23:04
COMPLAINT0003117,ACC0002107,BRW0006459,2026-03-29 13:05:05,DISPUTE,LOW,OPEN,SMS,2026-03-30 13:05:05
COMPLAINT0003118,ACC0012302,BRW0009298,2026-06-30 10:35:33,DND,MEDIUM,OPEN,SMS,2026-07-18 10:35:33
COMPLAINT0003119,ACC0017591,BRW0006723,2026-06-19 00:03:09,DND,CRITICAL,RESOLVED,WHATSAPP,2026-06-20 00:03:09
COMPLAINT0003120,ACC0008506,BRW0006062,2026-05-09 09:05:50,WRONG_CONTACT,LOW,CLOSED,CALL,2026-05-20 09:05:50
COMPLAINT0003121,ACC0008426,BRW0009222,2026-07-13 01:49:32,DISPUTE,MEDIUM,INVESTIGATING,FIELD,2026-08-01 01:49:32
COMPLAINT0003122,ACC0014374,BRW0008365,2026-03-19 17:45:55,PAYMENT,LOW,RESOLVED,EMAIL,2026-04-07 17:45:55
COMPLAINT0003123,ACC0002809,BRW0009324,2026-02-08 07:48:27,DND,HIGH,RESOLVED,FIELD,2026-02-16 07:48:27
COMPLAINT0003124,ACC0010434,BRW0008418,2026-05-19 05:26:56,PRIVACY,HIGH,CLOSED,SMS,2026-06-02 05:26:56
COMPLAINT0003125,ACC0022900,BRW0004129,2026-02-24 20:28:24,DND,HIGH,OPEN,CALL,2026-03-12 20:28:24
COMPLAINT0003126,ACC0027006,BRW0001559,2026-04-19 19:11:56,DISPUTE,LOW,CLOSED,CALL,2026-04-30 19:11:56
COMPLAINT0003127,ACC0021714,BRW0009692,2026-05-11 02:06:04,DISPUTE,CRITICAL,RESOLVED,WHATSAPP,2026-05-27 02:06:04
COMPLAINT0003128,ACC0029882,BRW0001552,2026-06-11 10:49:46,DND,HIGH,CLOSED,WHATSAPP,2026-06-16 10:49:46
COMPLAINT0003129,ACC0004517,BRW0008715,2026-04-28 19:07:44,HARASSMENT,HIGH,CLOSED,SMS,2026-05-02 19:07:44
COMPLAINT0003130,ACC0027454,BRW0003595,2026-02-02 14:42:28,HARASSMENT,MEDIUM,CLOSED,EMAIL,2026-02-18 14:42:28
COMPLAINT0003131,ACC0010343,BRW0008234,2026-04-01 15:52:04,PRIVACY,CRITICAL,RESOLVED,WHATSAPP,2026-04-15 15:52:04
COMPLAINT0003132,ACC0018581,BRW0005220,2026-03-11 02:59:57,DISPUTE,MEDIUM,INVESTIGATING,CALL,2026-03-30 02:59:57
COMPLAINT0003133,ACC0016593,BRW0006333,2026-04-25 18:05:06,HARASSMENT,HIGH,CLOSED,SMS,2026-04-29 18:05:06
COMPLAINT0003134,ACC0015272,BRW0009472,2026-06-29 02:35:17,PRIVACY,HIGH,OPEN,FIELD,2026-07-15 02:35:17
COMPLAINT0003135,ACC0024101,BRW0004183,2026-06-06 04:39:26,HARASSMENT,HIGH,INVESTIGATING,SMS,2026-06-15 04:39:26
COMPLAINT0003136,ACC0017242,BRW0005866,2026-05-30 08:54:25,HARASSMENT,CRITICAL,INVESTIGATING,FIELD,2026-06-15 08:54:25
COMPLAINT0003137,ACC0002412,BRW0001451,2026-03-30 08:12:17,PAYMENT,CRITICAL,INVESTIGATING,SMS,2026-04-05 08:12:17
COMPLAINT0003138,ACC0016263,BRW0000207,2026-02-13 05:13:24,DISPUTE,CRITICAL,RESOLVED,CALL,2026-02-23 05:13:24
COMPLAINT0003139,ACC0007468,BRW0009792,2026-06-27 15:35:17,PAYMENT,MEDIUM,OPEN,FIELD,2026-06-30 15:35:17
COMPLAINT0003140,ACC0002710,BRW0002177,2026-01-23 01:31:43,PAYMENT,CRITICAL,CLOSED,CALL,2026-01-30 01:31:43
COMPLAINT0003141,ACC0005380,BRW0011200,2026-03-28 10:19:54,PRIVACY,MEDIUM,CLOSED,SMS,2026-04-10 10:19:54
COMPLAINT0003142,ACC0026169,BRW0010258,2026-04-21 12:10:52,HARASSMENT,MEDIUM,INVESTIGATING,EMAIL,2026-04-24 12:10:52
COMPLAINT0003143,ACC0004503,BRW0001471,2026-03-04 01:44:23,DISPUTE,CRITICAL,CLOSED,EMAIL,2026-03-23 01:44:23
COMPLAINT0003144,ACC0029979,BRW0008823,2026-08-08 10:47:38,DND,CRITICAL,OPEN,CALL,2026-08-15 10:47:38
COMPLAINT0003145,ACC0004987,BRW0001071,2026-03-20 00:53:41,WRONG_CONTACT,CRITICAL,INVESTIGATING,SMS,2026-03-24 00:53:41
COMPLAINT0003146,ACC0021347,BRW0002130,2026-02-09 00:10:35,WRONG_CONTACT,HIGH,CLOSED,CALL,2026-02-15 00:10:35
COMPLAINT0003147,ACC0027413,BRW0001451,2026-04-05 05:10:13,HARASSMENT,MEDIUM,CLOSED,FIELD,2026-04-23 05:10:13
COMPLAINT0003148,ACC0004027,BRW0008347,2026-04-03 05:26:30,PAYMENT,HIGH,RESOLVED,FIELD,2026-04-17 05:26:30
COMPLAINT0003149,ACC0028602,BRW0008176,2026-07-09 17:45:18,PRIVACY,HIGH,OPEN,EMAIL,2026-07-25 17:45:18
COMPLAINT0003150,ACC0019208,BRW0008484,2026-01-25 14:43:36,AGENT_BEHAVIOUR,HIGH,OPEN,FIELD,2026-01-31 14:43:36
COMPLAINT0003151,ACC0023603,BRW0011096,2026-06-23 13:29:57,WRONG_CONTACT,LOW,OPEN,CALL,2026-07-11 13:29:57
COMPLAINT0003152,ACC0027054,BRW0011134,2026-02-05 13:57:33,HARASSMENT,CRITICAL,OPEN,EMAIL,2026-02-12 13:57:33
COMPLAINT0003153,ACC0005812,BRW0008709,2026-01-13 02:02:32,PRIVACY,LOW,INVESTIGATING,FIELD,2026-01-20 02:02:32
COMPLAINT0003154,ACC0000529,BRW0002113,2026-01-06 17:00:54,WRONG_CONTACT,LOW,CLOSED,EMAIL,2026-01-21 17:00:54
COMPLAINT0003155,ACC0016524,BRW0009159,2026-04-22 05:20:53,HARASSMENT,CRITICAL,CLOSED,SMS,2026-05-03 05:20:53
COMPLAINT0003156,ACC0025660,BRW0011439,2026-01-19 02:01:11,WRONG_CONTACT,LOW,INVESTIGATING,CALL,2026-02-03 02:01:11
COMPLAINT0003157,ACC0011116,BRW0008434,2026-05-16 05:04:59,PAYMENT,HIGH,INVESTIGATING,WHATSAPP,2026-05-25 05:04:59
COMPLAINT0003158,ACC0025112,BRW0010394,2026-03-26 08:49:35,PAYMENT,LOW,RESOLVED,CALL,2026-03-28 08:49:35
COMPLAINT0003159,ACC0015315,BRW0006691,2026-01-14 13:05:39,HARASSMENT,MEDIUM,OPEN,FIELD,2026-01-16 13:05:39
COMPLAINT0003160,ACC0024419,BRW0000633,2026-03-06 06:20:40,AGENT_BEHAVIOUR,MEDIUM,RESOLVED,SMS,2026-03-07 06:20:40
COMPLAINT0003161,ACC0016505,BRW0002285,2026-06-04 15:57:43,PAYMENT,MEDIUM,INVESTIGATING,EMAIL,2026-06-10 15:57:43
COMPLAINT0003162,ACC0009009,BRW0011100,2026-04-02 17:07:46,WRONG_CONTACT,HIGH,CLOSED,FIELD,2026-04-03 17:07:46
COMPLAINT0003163,ACC0019147,BRW0008689,2026-07-30 23:07:29,DND,LOW,CLOSED,CALL,2026-08-18 23:07:29
COMPLAINT0003164,ACC0001208,BRW0002266,2026-07-10 07:56:44,DND,MEDIUM,INVESTIGATING,EMAIL,2026-07-15 07:56:44
COMPLAINT0003165,ACC0028215,BRW0008975,2026-03-21 11:57:17,DND,MEDIUM,INVESTIGATING,FIELD,2026-03-22 11:57:17
COMPLAINT0003166,ACC0019628,BRW0000982,2026-02-22 21:53:57,HARASSMENT,HIGH,RESOLVED,SMS,2026-03-05 21:53:57
COMPLAINT0003167,ACC0016997,BRW0007356,2026-06-17 19:13:56,PRIVACY,HIGH,INVESTIGATING,SMS,2026-06-27 19:13:56
COMPLAINT0003168,ACC0029923,BRW0006939,2026-07-13 17:02:28,DND,CRITICAL,OPEN,SMS,2026-07-15 17:02:28
COMPLAINT0003169,ACC0018114,BRW0000877,2026-04-07 04:43:22,DND,LOW,OPEN,FIELD,2026-04-14 04:43:22
COMPLAINT0003170,ACC0015591,BRW0001055,2026-08-01 17:37:00,WRONG_CONTACT,MEDIUM,CLOSED,EMAIL,2026-08-04 17:37:00
COMPLAINT0003171,ACC0012304,BRW0010736,2026-05-05 18:49:05,PRIVACY,LOW,CLOSED,FIELD,2026-05-09 18:49:05
COMPLAINT0003172,ACC0018859,BRW0005955,2026-02-09 10:20:10,AGENT_BEHAVIOUR,LOW,CLOSED,EMAIL,2026-02-22 10:20:10
COMPLAINT0003173,ACC0011677,BRW0000282,2026-07-08 02:52:44,PRIVACY,LOW,OPEN,WHATSAPP,2026-07-20 02:52:44
COMPLAINT0003174,ACC0021425,BRW0002983,2026-03-23 01:09:00,WRONG_CONTACT,MEDIUM,OPEN,WHATSAPP,2026-04-01 01:09:00
COMPLAINT0003175,ACC0023842,BRW0009662,2026-03-08 07:38:39,WRONG_CONTACT,HIGH,INVESTIGATING,FIELD,2026-03-26 07:38:39
COMPLAINT0003176,ACC0000867,BRW0011015,2026-02-13 09:31:56,DND,HIGH,CLOSED,FIELD,2026-02-21 09:31:56
COMPLAINT0003177,ACC0024219,BRW0004814,2026-06-29 22:50:26,PRIVACY,LOW,RESOLVED,WHATSAPP,2026-07-16 22:50:26
COMPLAINT0003178,ACC0021182,BRW0001663,2026-01-09 17:39:06,WRONG_CONTACT,LOW,INVESTIGATING,FIELD,2026-01-25 17:39:06
COMPLAINT0003179,ACC0007787,BRW0008784,2026-01-29 16:55:49,PAYMENT,MEDIUM,OPEN,FIELD,2026-02-17 16:55:49
COMPLAINT0003180,ACC0006757,BRW0009880,2026-05-28 04:49:46,DISPUTE,LOW,RESOLVED,SMS,2026-06-03 04:49:46
COMPLAINT0003181,ACC0015914,BRW0001087,2026-03-09 06:00:08,AGENT_BEHAVIOUR,MEDIUM,INVESTIGATING,CALL,2026-03-21 06:00:08
COMPLAINT0003182,ACC0026870,BRW0001058,2026-04-11 23:26:15,AGENT_BEHAVIOUR,CRITICAL,INVESTIGATING,WHATSAPP,2026-04-15 23:26:15
COMPLAINT0003183,ACC0009795,BRW0008217,2026-01-16 07:53:51,AGENT_BEHAVIOUR,MEDIUM,CLOSED,WHATSAPP,2026-01-23 07:53:51
COMPLAINT0003184,ACC0008022,BRW0001213,2026-01-28 18:01:11,HARASSMENT,MEDIUM,OPEN,EMAIL,2026-02-08 18:01:11
COMPLAINT0003185,ACC0025655,BRW0003644,2026-02-12 22:41:38,HARASSMENT,LOW,INVESTIGATING,CALL,2026-03-02 22:41:38
COMPLAINT0003186,ACC0027823,BRW0000358,2026-05-02 03:20:52,PRIVACY,HIGH,CLOSED,SMS,2026-05-16 03:20:52
COMPLAINT0003187,ACC0001650,BRW0008421,2026-07-06 21:34:18,DND,MEDIUM,OPEN,WHATSAPP,2026-07-23 21:34:18
COMPLAINT0003188,ACC0012544,BRW0001308,2026-06-09 14:39:38,WRONG_CONTACT,HIGH,INVESTIGATING,CALL,2026-06-24 14:39:38
COMPLAINT0003189,ACC0001522,BRW0005062,2026-05-08 19:32:13,AGENT_BEHAVIOUR,CRITICAL,OPEN,SMS,2026-05-16 19:32:13
COMPLAINT0003190,ACC0008745,BRW0003072,2026-01-10 12:37:22,HARASSMENT,CRITICAL,RESOLVED,SMS,2026-01-14 12:37:22
COMPLAINT0003191,ACC0000478,BRW0002326,2026-07-30 16:05:38,DND,MEDIUM,INVESTIGATING,CALL,2026-08-17 16:05:38
COMPLAINT0003192,ACC0008560,BRW0003063,2026-08-05 07:38:25,HARASSMENT,LOW,OPEN,WHATSAPP,2026-08-11 07:38:25
COMPLAINT0003193,ACC0005418,BRW0009731,2026-08-02 21:18:44,HARASSMENT,LOW,CLOSED,WHATSAPP,2026-08-21 21:18:44
COMPLAINT0003194,ACC0009795,BRW0004942,2026-02-19 23:28:01,PAYMENT,LOW,INVESTIGATING,WHATSAPP,2026-02-27 23:28:01
COMPLAINT0003195,ACC0013088,BRW0009905,2026-04-07 13:36:42,PRIVACY,HIGH,INVESTIGATING,CALL,2026-04-09 13:36:42
COMPLAINT0003196,ACC0008140,BRW0005433,2026-01-17 07:31:07,DISPUTE,CRITICAL,OPEN,FIELD,2026-02-05 07:31:07
COMPLAINT0003197,ACC0017266,BRW0010325,2026-03-31 06:23:28,DISPUTE,CRITICAL,RESOLVED,CALL,2026-04-15 06:23:28
COMPLAINT0003198,ACC0014138,BRW0004546,2026-05-05 05:09:37,DND,CRITICAL,RESOLVED,FIELD,2026-05-09 05:09:37
COMPLAINT0003199,ACC0028212,BRW0006108,2026-01-12 12:08:11,HARASSMENT,MEDIUM,RESOLVED,EMAIL,2026-01-23 12:08:11
COMPLAINT0003200,ACC0028110,BRW0011614,2026-03-17 08:51:16,DISPUTE,HIGH,RESOLVED,EMAIL,2026-03-30 08:51:16
COMPLAINT0003201,ACC0014308,BRW0003195,2026-04-11 08:34:07,DND,LOW,CLOSED,FIELD,2026-04-24 08:34:07
COMPLAINT0003202,ACC0009776,BRW0001474,2026-02-09 18:37:51,PRIVACY,LOW,OPEN,SMS,2026-02-23 18:37:51
COMPLAINT0003203,ACC0014899,BRW0004467,2026-05-09 00:07:06,HARASSMENT,HIGH,RESOLVED,EMAIL,2026-05-26 00:07:06
COMPLAINT0003204,ACC0008381,BRW0002163,2026-07-19 06:53:56,WRONG_CONTACT,HIGH,CLOSED,WHATSAPP,2026-08-07 06:53:56
COMPLAINT0003205,ACC0008504,BRW0002477,2026-03-22 09:06:04,WRONG_CONTACT,HIGH,INVESTIGATING,FIELD,2026-03-31 09:06:04
COMPLAINT0003206,ACC0012514,BRW0007149,2026-05-18 06:33:33,AGENT_BEHAVIOUR,CRITICAL,INVESTIGATING,SMS,2026-05-22 06:33:33
COMPLAINT0003207,ACC0005857,BRW0008971,2026-03-08 07:45:27,AGENT_BEHAVIOUR,CRITICAL,CLOSED,FIELD,2026-03-20 07:45:27
COMPLAINT0003208,ACC0006522,BRW0011108,2026-01-27 14:25:58,DND,HIGH,INVESTIGATING,SMS,2026-02-12 14:25:58
COMPLAINT0003209,ACC0027566,BRW0007334,2026-01-05 23:28:42,HARASSMENT,HIGH,RESOLVED,FIELD,2026-01-24 23:28:42
COMPLAINT0003210,ACC0007421,BRW0005959,2026-08-05 06:47:10,DISPUTE,HIGH,CLOSED,WHATSAPP,2026-08-23 06:47:10
COMPLAINT0003211,ACC0011277,BRW0006657,2026-03-08 17:25:58,PAYMENT,CRITICAL,INVESTIGATING,SMS,2026-03-23 17:25:58
COMPLAINT0003212,ACC0004052,BRW0005742,2026-04-26 08:58:31,PAYMENT,CRITICAL,CLOSED,EMAIL,2026-05-10 08:58:31
COMPLAINT0003213,ACC0018643,BRW0001052,2026-08-05 09:13:13,DISPUTE,HIGH,OPEN,WHATSAPP,2026-08-15 09:13:13
COMPLAINT0003214,ACC0000456,BRW0010950,2026-06-19 06:14:32,HARASSMENT,LOW,OPEN,FIELD,2026-06-25 06:14:32
COMPLAINT0003215,ACC0019765,BRW0010231,2026-03-01 11:01:49,HARASSMENT,CRITICAL,CLOSED,SMS,2026-03-07 11:01:49
COMPLAINT0003216,ACC0019699,BRW0008091,2026-04-19 16:07:25,WRONG_CONTACT,CRITICAL,RESOLVED,SMS,2026-04-30 16:07:25
COMPLAINT0003217,ACC0017712,BRW0010383,2026-07-06 05:29:02,DND,CRITICAL,RESOLVED,SMS,2026-07-20 05:29:02
COMPLAINT0003218,ACC0002017,BRW0005252,2026-01-18 06:16:44,PRIVACY,HIGH,INVESTIGATING,SMS,2026-01-31 06:16:44
COMPLAINT0003219,ACC0024122,BRW0004389,2026-01-02 18:08:31,AGENT_BEHAVIOUR,LOW,CLOSED,EMAIL,2026-01-18 18:08:31
COMPLAINT0003220,ACC0020801,BRW0006810,2026-07-12 01:42:05,PRIVACY,CRITICAL,RESOLVED,FIELD,2026-07-19 01:42:05
COMPLAINT0003221,ACC0028663,BRW0009618,2026-02-25 00:36:17,DISPUTE,LOW,CLOSED,SMS,2026-03-06 00:36:17
COMPLAINT0003222,ACC0010464,BRW0003296,2026-05-05 10:50:10,DND,HIGH,INVESTIGATING,FIELD,2026-05-15 10:50:10
COMPLAINT0003223,ACC0008425,BRW0003511,2026-06-29 04:58:40,WRONG_CONTACT,MEDIUM,RESOLVED,SMS,2026-07-05 04:58:40
COMPLAINT0003224,ACC0011244,BRW0003777,2026-01-20 14:56:41,WRONG_CONTACT,LOW,OPEN,CALL,2026-01-26 14:56:41
COMPLAINT0003225,ACC0015738,BRW0011367,2026-06-29 21:33:16,HARASSMENT,CRITICAL,OPEN,FIELD,2026-06-30 21:33:16
COMPLAINT0003226,ACC0015841,BRW0010074,2026-02-09 23:33:44,DND,CRITICAL,RESOLVED,WHATSAPP,2026-02-20 23:33:44
COMPLAINT0003227,ACC0029727,BRW0000355,2026-07-22 22:23:09,PAYMENT,HIGH,INVESTIGATING,EMAIL,2026-08-09 22:23:09
COMPLAINT0003228,ACC0016065,BRW0002639,2026-02-02 21:52:59,PRIVACY,MEDIUM,OPEN,FIELD,2026-02-12 21:52:59
COMPLAINT0003229,ACC0016658,BRW0011649,2026-04-29 10:07:23,AGENT_BEHAVIOUR,CRITICAL,INVESTIGATING,WHATSAPP,2026-04-30 10:07:23
COMPLAINT0003230,ACC0019233,BRW0002460,2026-01-14 01:50:33,PRIVACY,CRITICAL,CLOSED,EMAIL,2026-01-23 01:50:33
COMPLAINT0003231,ACC0015601,BRW0007730,2026-02-08 20:44:47,HARASSMENT,HIGH,OPEN,WHATSAPP,2026-02-21 20:44:47
COMPLAINT0003232,ACC0024024,BRW0010983,2026-07-15 09:08:49,DND,LOW,RESOLVED,WHATSAPP,2026-07-28 09:08:49
COMPLAINT0003233,ACC0011372,BRW0005722,2026-05-26 03:28:18,HARASSMENT,LOW,INVESTIGATING,WHATSAPP,2026-06-07 03:28:18
COMPLAINT0003234,ACC0027045,BRW0006147,2026-05-11 10:10:16,HARASSMENT,HIGH,RESOLVED,FIELD,2026-05-20 10:10:16
COMPLAINT0003235,ACC0000197,BRW0000878,2026-08-04 16:47:44,PAYMENT,MEDIUM,OPEN,WHATSAPP,2026-08-07 16:47:44
COMPLAINT0003236,ACC0017554,BRW0000643,2026-08-04 17:16:05,DISPUTE,MEDIUM,RESOLVED,EMAIL,2026-08-15 17:16:05
COMPLAINT0003237,ACC0007079,BRW0001951,2026-03-04 13:38:20,PRIVACY,MEDIUM,INVESTIGATING,EMAIL,2026-03-20 13:38:20
COMPLAINT0003238,ACC0019019,BRW0006890,2026-03-03 04:36:55,WRONG_CONTACT,MEDIUM,OPEN,FIELD,2026-03-22 04:36:55
COMPLAINT0003239,ACC0002476,BRW0006135,2026-01-26 09:37:23,DISPUTE,CRITICAL,CLOSED,SMS,2026-02-06 09:37:23
COMPLAINT0003240,ACC0003528,BRW0005254,2026-06-13 13:01:02,PRIVACY,HIGH,INVESTIGATING,EMAIL,2026-06-25 13:01:02
COMPLAINT0003241,ACC0007458,BRW0000736,2026-08-07 04:39:48,HARASSMENT,CRITICAL,OPEN,FIELD,2026-08-24 04:39:48
COMPLAINT0003242,ACC0028712,BRW0004787,2026-02-06 06:33:53,AGENT_BEHAVIOUR,LOW,CLOSED,FIELD,2026-02-07 06:33:53
COMPLAINT0003243,ACC0027521,BRW0009314,2026-06-30 19:42:27,AGENT_BEHAVIOUR,CRITICAL,INVESTIGATING,SMS,2026-07-01 19:42:27
COMPLAINT0003244,ACC0003867,BRW0006268,2026-01-15 08:36:38,AGENT_BEHAVIOUR,HIGH,CLOSED,SMS,2026-01-19 08:36:38
COMPLAINT0003245,ACC0028112,BRW0001529,2026-04-14 05:56:14,WRONG_CONTACT,LOW,OPEN,CALL,2026-04-18 05:56:14
COMPLAINT0003246,ACC0009118,BRW0004159,2026-05-01 20:50:54,DISPUTE,HIGH,CLOSED,SMS,2026-05-11 20:50:54
COMPLAINT0003247,ACC0018510,BRW0003287,2026-04-06 23:18:34,HARASSMENT,CRITICAL,INVESTIGATING,WHATSAPP,2026-04-25 23:18:34
COMPLAINT0003248,ACC0026002,BRW0006607,2026-03-19 16:13:41,AGENT_BEHAVIOUR,HIGH,RESOLVED,SMS,2026-03-24 16:13:41
COMPLAINT0003249,ACC0003925,BRW0000936,2026-08-08 14:19:20,HARASSMENT,LOW,RESOLVED,SMS,2026-08-20 14:19:20
COMPLAINT0003250,ACC0028442,BRW0008933,2026-01-04 08:43:29,PRIVACY,CRITICAL,RESOLVED,SMS,2026-01-23 08:43:29
COMPLAINT0003251,ACC0001785,BRW0004816,2026-07-04 03:01:38,DISPUTE,MEDIUM,CLOSED,SMS,2026-07-11 03:01:38
COMPLAINT0003252,ACC0007100,BRW0009642,2026-07-25 20:56:00,PAYMENT,CRITICAL,INVESTIGATING,CALL,2026-07-31 20:56:00
COMPLAINT0003253,ACC0003543,BRW0008277,2026-04-25 16:18:48,DISPUTE,MEDIUM,CLOSED,WHATSAPP,2026-05-09 16:18:48
COMPLAINT0003254,ACC0008620,BRW0011469,2026-01-03 10:06:46,DISPUTE,LOW,CLOSED,SMS,2026-01-14 10:06:46
COMPLAINT0003255,ACC0015762,BRW0007873,2026-02-17 21:31:33,HARASSMENT,MEDIUM,INVESTIGATING,WHATSAPP,2026-03-05 21:31:33
COMPLAINT0003256,ACC0018990,BRW0006840,2026-07-07 18:11:33,AGENT_BEHAVIOUR,LOW,OPEN,CALL,2026-07-26 18:11:33
COMPLAINT0003257,ACC0029155,BRW0006656,2026-03-14 16:37:00,DND,HIGH,CLOSED,EMAIL,2026-03-25 16:37:00
COMPLAINT0003258,ACC0004711,BRW0004551,2026-02-18 15:53:15,DND,MEDIUM,CLOSED,WHATSAPP,2026-03-07 15:53:15
COMPLAINT0003259,ACC0019703,BRW0002995,2026-07-29 05:08:11,PAYMENT,MEDIUM,RESOLVED,SMS,2026-08-11 05:08:11
COMPLAINT0003260,ACC0027353,BRW0000931,2026-02-21 05:52:12,AGENT_BEHAVIOUR,LOW,OPEN,FIELD,2026-03-03 05:52:12
COMPLAINT0003261,ACC0019136,BRW0008761,2026-04-23 21:29:32,DISPUTE,LOW,INVESTIGATING,WHATSAPP,2026-05-01 21:29:32
COMPLAINT0003262,ACC0001603,BRW0006089,2026-07-24 16:53:38,DISPUTE,LOW,OPEN,WHATSAPP,2026-07-31 16:53:38
COMPLAINT0003263,ACC0007188,BRW0009320,2026-06-30 18:45:28,PAYMENT,CRITICAL,INVESTIGATING,FIELD,2026-07-17 18:45:28
COMPLAINT0003264,ACC0003812,BRW0011065,2026-06-22 07:17:00,DISPUTE,HIGH,RESOLVED,CALL,2026-07-08 07:17:00
COMPLAINT0003265,ACC0020784,BRW0004462,2026-01-12 05:43:09,DISPUTE,MEDIUM,CLOSED,SMS,2026-01-17 05:43:09
COMPLAINT0003266,ACC0009738,BRW0002562,2026-02-28 09:07:37,DND,CRITICAL,OPEN,EMAIL,2026-03-16 09:07:37
COMPLAINT0003267,ACC0012598,BRW0001915,2026-07-25 21:46:05,WRONG_CONTACT,MEDIUM,OPEN,WHATSAPP,2026-08-09 21:46:05
COMPLAINT0003268,ACC0003170,BRW0010315,2026-03-18 18:37:26,PAYMENT,LOW,INVESTIGATING,WHATSAPP,2026-03-30 18:37:26
COMPLAINT0003269,ACC0024543,BRW0004655,2026-05-04 18:18:52,WRONG_CONTACT,LOW,RESOLVED,WHATSAPP,2026-05-07 18:18:52
COMPLAINT0003270,ACC0006971,BRW0003487,2026-07-17 04:27:37,DND,HIGH,RESOLVED,FIELD,2026-07-25 04:27:37
COMPLAINT0003271,ACC0011795,BRW0000357,2026-04-29 18:45:15,PRIVACY,HIGH,CLOSED,CALL,2026-05-07 18:45:15
COMPLAINT0003272,ACC0013643,BRW0006791,2026-01-28 15:07:34,AGENT_BEHAVIOUR,CRITICAL,RESOLVED,FIELD,2026-02-16 15:07:34
COMPLAINT0003273,ACC0020379,BRW0007401,2026-01-15 10:27:38,PAYMENT,MEDIUM,INVESTIGATING,CALL,2026-01-20 10:27:38
COMPLAINT0003274,ACC0012341,BRW0005650,2026-02-16 06:46:48,PAYMENT,HIGH,INVESTIGATING,FIELD,2026-02-27 06:46:48
COMPLAINT0003275,ACC0014266,BRW0004609,2026-06-26 18:19:41,WRONG_CONTACT,LOW,OPEN,EMAIL,2026-07-01 18:19:41
COMPLAINT0003276,ACC0025962,BRW0000441,2026-06-14 19:54:34,PAYMENT,LOW,RESOLVED,WHATSAPP,2026-06-23 19:54:34
COMPLAINT0003277,ACC0001395,BRW0005006,2026-04-23 06:30:54,DND,MEDIUM,RESOLVED,CALL,2026-04-27 06:30:54
COMPLAINT0003278,ACC0000971,BRW0006113,2026-03-22 02:35:32,PRIVACY,LOW,OPEN,FIELD,2026-04-07 02:35:32
COMPLAINT0003279,ACC0008341,BRW0010908,2026-01-10 14:10:15,PAYMENT,MEDIUM,RESOLVED,SMS,2026-01-18 14:10:15
COMPLAINT0003280,ACC0011788,BRW0004134,2026-02-12 00:45:26,PAYMENT,CRITICAL,CLOSED,SMS,2026-02-19 00:45:26
COMPLAINT0003281,ACC0002752,BRW0006593,2026-07-30 23:47:21,AGENT_BEHAVIOUR,CRITICAL,RESOLVED,EMAIL,2026-08-14 23:47:21
COMPLAINT0003282,ACC0020690,BRW0007306,2026-07-08 03:51:40,PAYMENT,CRITICAL,RESOLVED,EMAIL,2026-07-14 03:51:40
COMPLAINT0003283,ACC0003434,BRW0001194,2026-05-02 19:43:26,AGENT_BEHAVIOUR,LOW,CLOSED,EMAIL,2026-05-13 19:43:26
COMPLAINT0003284,ACC0026780,BRW0011181,2026-03-11 10:50:09,DISPUTE,LOW,RESOLVED,CALL,2026-03-25 10:50:09
COMPLAINT0003285,ACC0005585,BRW0006206,2026-03-04 03:12:43,WRONG_CONTACT,MEDIUM,INVESTIGATING,FIELD,2026-03-07 03:12:43
COMPLAINT0003286,ACC0025168,BRW0007655,2026-05-18 06:01:04,PRIVACY,MEDIUM,OPEN,EMAIL,2026-06-01 06:01:04
COMPLAINT0003287,ACC0016940,BRW0003615,2026-04-05 18:37:51,HARASSMENT,CRITICAL,OPEN,WHATSAPP,2026-04-19 18:37:51
COMPLAINT0003288,ACC0006770,BRW0009541,2026-05-24 09:57:59,DISPUTE,HIGH,INVESTIGATING,CALL,2026-06-08 09:57:59
COMPLAINT0003289,ACC0000105,BRW0005329,2026-01-11 11:09:35,PRIVACY,CRITICAL,INVESTIGATING,EMAIL,2026-01-16 11:09:35
COMPLAINT0003290,ACC0013771,BRW0008639,2026-05-02 11:20:55,PRIVACY,CRITICAL,RESOLVED,CALL,2026-05-12 11:20:55
COMPLAINT0003291,ACC0026348,BRW0000642,2026-05-06 13:56:34,PRIVACY,HIGH,RESOLVED,FIELD,2026-05-12 13:56:34
COMPLAINT0003292,ACC0001468,BRW0006305,2026-05-14 22:03:56,PAYMENT,CRITICAL,CLOSED,EMAIL,2026-05-17 22:03:56
COMPLAINT0003293,ACC0000716,BRW0007833,2026-04-06 19:01:47,PRIVACY,CRITICAL,INVESTIGATING,CALL,2026-04-09 19:01:47
COMPLAINT0003294,ACC0021656,BRW0010891,2026-07-01 17:32:48,WRONG_CONTACT,LOW,CLOSED,CALL,2026-07-08 17:32:48
COMPLAINT0003295,ACC0005852,BRW0002389,2026-02-19 19:13:55,AGENT_BEHAVIOUR,HIGH,CLOSED,CALL,2026-02-23 19:13:55
COMPLAINT0003296,ACC0010258,BRW0011093,2026-07-14 02:53:42,AGENT_BEHAVIOUR,CRITICAL,RESOLVED,WHATSAPP,2026-07-29 02:53:42
COMPLAINT0003297,ACC0026757,BRW0001038,2026-06-22 13:57:23,DND,HIGH,OPEN,CALL,2026-07-05 13:57:23
COMPLAINT0003298,ACC0001192,BRW0009872,2026-01-01 08:10:18,DND,HIGH,INVESTIGATING,SMS,2026-01-10 08:10:18
COMPLAINT0003299,ACC0024663,BRW0009286,2026-04-20 14:59:29,DND,MEDIUM,OPEN,EMAIL,2026-05-02 14:59:29
COMPLAINT0003300,ACC0028041,BRW0005149,2026-04-13 00:30:52,DND,HIGH,CLOSED,FIELD,2026-04-24 00:30:52
COMPLAINT0003301,ACC0021842,BRW0011068,2026-06-06 21:53:02,PRIVACY,HIGH,CLOSED,CALL,2026-06-13 21:53:02
COMPLAINT0003302,ACC0012664,BRW0003125,2026-04-24 00:57:06,WRONG_CONTACT,HIGH,OPEN,SMS,2026-05-08 00:57:06
COMPLAINT0003303,ACC0001026,BRW0004061,2026-04-15 14:32:54,PRIVACY,CRITICAL,RESOLVED,FIELD,2026-04-25 14:32:54
COMPLAINT0003304,ACC0007315,BRW0007793,2026-05-08 19:20:14,WRONG_CONTACT,HIGH,RESOLVED,CALL,2026-05-26 19:20:14
COMPLAINT0003305,ACC0021133,BRW0006817,2026-04-11 19:34:45,DISPUTE,CRITICAL,INVESTIGATING,EMAIL,2026-04-27 19:34:45
COMPLAINT0003306,ACC0024591,BRW0001230,2026-04-13 23:27:21,AGENT_BEHAVIOUR,CRITICAL,CLOSED,FIELD,2026-04-26 23:27:21
COMPLAINT0003307,ACC0028656,BRW0005112,2026-06-22 23:57:02,DISPUTE,LOW,CLOSED,FIELD,2026-07-07 23:57:02
COMPLAINT0003308,ACC0002096,BRW0003220,2026-06-14 23:17:39,PRIVACY,HIGH,RESOLVED,CALL,2026-06-22 23:17:39
COMPLAINT0003309,ACC0003793,BRW0004497,2026-01-30 03:07:26,DISPUTE,MEDIUM,CLOSED,CALL,2026-02-12 03:07:26
COMPLAINT0003310,ACC0000550,BRW0009240,2026-07-06 23:18:31,PRIVACY,HIGH,RESOLVED,FIELD,2026-07-09 23:18:31
COMPLAINT0003311,ACC0029174,BRW0006997,2026-06-19 10:14:15,HARASSMENT,LOW,CLOSED,WHATSAPP,2026-06-30 10:14:15
COMPLAINT0003312,ACC0026692,BRW0003295,2026-03-24 19:20:26,DND,LOW,OPEN,FIELD,2026-04-03 19:20:26
COMPLAINT0003313,ACC0002084,BRW0002987,2026-01-21 21:10:55,DND,HIGH,RESOLVED,EMAIL,2026-02-05 21:10:55
COMPLAINT0003314,ACC0003973,BRW0002324,2026-07-31 19:29:30,PAYMENT,HIGH,RESOLVED,FIELD,2026-08-09 19:29:30
COMPLAINT0003315,ACC0007176,BRW0007669,2026-02-24 22:45:47,DISPUTE,LOW,OPEN,FIELD,2026-03-05 22:45:47
COMPLAINT0003316,ACC0019781,BRW0011260,2026-05-17 02:04:14,PRIVACY,MEDIUM,CLOSED,WHATSAPP,2026-06-02 02:04:14
COMPLAINT0003317,ACC0017474,BRW0004802,2026-07-13 13:46:16,PRIVACY,LOW,INVESTIGATING,EMAIL,2026-07-27 13:46:16
COMPLAINT0003318,ACC0006092,BRW0004862,2026-06-28 06:53:12,PAYMENT,MEDIUM,INVESTIGATING,FIELD,2026-07-04 06:53:12
COMPLAINT0003319,ACC0001690,BRW0001955,2026-05-24 01:02:59,PRIVACY,CRITICAL,OPEN,EMAIL,2026-06-11 01:02:59
COMPLAINT0003320,ACC0019681,BRW0007621,2026-08-06 16:59:17,DISPUTE,LOW,CLOSED,FIELD,2026-08-20 16:59:17
COMPLAINT0003321,ACC0005487,BRW0007077,2026-03-21 19:16:49,PAYMENT,CRITICAL,RESOLVED,WHATSAPP,2026-03-22 19:16:49
COMPLAINT0003322,ACC0028898,BRW0010953,2026-01-16 09:09:15,PRIVACY,HIGH,CLOSED,SMS,2026-01-21 09:09:15
COMPLAINT0003323,ACC0006161,BRW0004213,2026-03-10 18:30:59,DND,CRITICAL,CLOSED,FIELD,2026-03-22 18:30:59
COMPLAINT0003324,ACC0009158,BRW0000187,2026-08-02 20:51:58,PAYMENT,MEDIUM,OPEN,SMS,2026-08-04 20:51:58
COMPLAINT0003325,ACC0005701,BRW0000947,2026-07-03 02:42:11,DISPUTE,HIGH,INVESTIGATING,EMAIL,2026-07-09 02:42:11
COMPLAINT0003326,ACC0009278,BRW0004600,2026-01-03 22:33:38,DISPUTE,CRITICAL,CLOSED,WHATSAPP,2026-01-10 22:33:38
COMPLAINT0003327,ACC0008987,BRW0010437,2026-02-02 18:21:09,WRONG_CONTACT,CRITICAL,INVESTIGATING,WHATSAPP,2026-02-10 18:21:09
COMPLAINT0003328,ACC0012557,BRW0004398,2026-05-15 05:20:03,DND,HIGH,RESOLVED,EMAIL,2026-05-17 05:20:03
COMPLAINT0003329,ACC0015334,BRW0008936,2026-03-27 05:36:30,DISPUTE,MEDIUM,RESOLVED,CALL,2026-03-28 05:36:30
COMPLAINT0003330,ACC0005841,BRW0002779,2026-05-20 14:20:51,AGENT_BEHAVIOUR,CRITICAL,INVESTIGATING,CALL,2026-05-26 14:20:51
COMPLAINT0003331,ACC0001780,BRW0002871,2026-05-18 16:10:17,HARASSMENT,MEDIUM,OPEN,SMS,2026-06-06 16:10:17
COMPLAINT0003332,ACC0005957,BRW0002641,2026-06-23 20:18:40,DND,HIGH,OPEN,SMS,2026-07-05 20:18:40
COMPLAINT0003333,ACC0023580,BRW0002952,2026-03-19 08:35:46,DND,CRITICAL,CLOSED,CALL,2026-03-20 08:35:46
COMPLAINT0003334,ACC0029912,BRW0007580,2026-04-20 03:39:00,PAYMENT,HIGH,CLOSED,WHATSAPP,2026-04-21 03:39:00
COMPLAINT0003335,ACC0000397,BRW0011998,2026-05-18 04:08:38,WRONG_CONTACT,CRITICAL,CLOSED,CALL,2026-05-23 04:08:38
COMPLAINT0003336,ACC0002608,BRW0004016,2026-01-29 09:33:04,AGENT_BEHAVIOUR,MEDIUM,RESOLVED,SMS,2026-02-02 09:33:04
COMPLAINT0003337,ACC0008653,BRW0000548,2026-03-25 13:58:00,DND,LOW,CLOSED,FIELD,2026-04-05 13:58:00
COMPLAINT0003338,ACC0010574,BRW0010114,2026-07-31 09:02:39,DISPUTE,CRITICAL,OPEN,FIELD,2026-08-13 09:02:39
COMPLAINT0003339,ACC0003344,BRW0010414,2026-04-10 20:45:53,HARASSMENT,LOW,INVESTIGATING,EMAIL,2026-04-26 20:45:53
COMPLAINT0003340,ACC0002509,BRW0003679,2026-02-03 19:18:24,PAYMENT,LOW,INVESTIGATING,EMAIL,2026-02-20 19:18:24
COMPLAINT0003341,ACC0022658,BRW0008398,2026-07-15 22:04:49,PAYMENT,MEDIUM,INVESTIGATING,FIELD,2026-07-22 22:04:49
COMPLAINT0003342,ACC0029637,BRW0010879,2026-02-24 23:13:46,WRONG_CONTACT,CRITICAL,RESOLVED,SMS,2026-02-27 23:13:46
COMPLAINT0003343,ACC0001809,BRW0003036,2026-02-28 17:23:17,PRIVACY,MEDIUM,RESOLVED,FIELD,2026-03-15 17:23:17
COMPLAINT0003344,ACC0017205,BRW0004754,2026-07-08 01:00:14,PRIVACY,MEDIUM,INVESTIGATING,SMS,2026-07-15 01:00:14
COMPLAINT0003345,ACC0008585,BRW0007586,2026-03-08 14:23:13,DISPUTE,CRITICAL,OPEN,EMAIL,2026-03-22 14:23:13
COMPLAINT0003346,ACC0005970,BRW0006203,2026-04-30 00:12:39,WRONG_CONTACT,MEDIUM,CLOSED,CALL,2026-05-09 00:12:39
COMPLAINT0003347,ACC0006511,BRW0006064,2026-02-06 01:21:24,AGENT_BEHAVIOUR,CRITICAL,OPEN,EMAIL,2026-02-20 01:21:24
COMPLAINT0003348,ACC0002334,BRW0008738,2026-06-29 04:39:34,HARASSMENT,MEDIUM,CLOSED,SMS,2026-07-07 04:39:34
COMPLAINT0003349,ACC0007766,BRW0003588,2026-03-18 19:54:29,DND,HIGH,RESOLVED,FIELD,2026-03-26 19:54:29
COMPLAINT0003350,ACC0018886,BRW0003022,2026-05-28 16:40:43,AGENT_BEHAVIOUR,LOW,OPEN,SMS,2026-05-30 16:40:43
COMPLAINT0003351,ACC0029024,BRW0005096,2026-05-26 10:14:11,WRONG_CONTACT,HIGH,RESOLVED,CALL,2026-05-27 10:14:11
COMPLAINT0003352,ACC0029018,BRW0006486,2026-05-31 03:07:13,HARASSMENT,LOW,OPEN,SMS,2026-06-02 03:07:13
COMPLAINT0003353,ACC0013002,BRW0002810,2026-05-04 16:38:57,AGENT_BEHAVIOUR,MEDIUM,RESOLVED,FIELD,2026-05-18 16:38:57
COMPLAINT0003354,ACC0028116,BRW0005844,2026-01-18 17:04:51,WRONG_CONTACT,LOW,OPEN,SMS,2026-01-24 17:04:51
COMPLAINT0003355,ACC0027725,BRW0009241,2026-04-26 03:36:28,PRIVACY,LOW,INVESTIGATING,EMAIL,2026-05-09 03:36:28
COMPLAINT0003356,ACC0021155,BRW0008508,2026-03-03 05:09:36,WRONG_CONTACT,HIGH,INVESTIGATING,SMS,2026-03-12 05:09:36
COMPLAINT0003357,ACC0026632,BRW0005401,2026-04-13 05:14:20,PAYMENT,HIGH,INVESTIGATING,FIELD,2026-04-19 05:14:20
COMPLAINT0003358,ACC0012693,BRW0008016,2026-08-08 19:36:14,HARASSMENT,CRITICAL,OPEN,CALL,2026-08-11 19:36:14
COMPLAINT0003359,ACC0026348,BRW0009986,2026-01-15 23:26:20,PRIVACY,CRITICAL,RESOLVED,CALL,2026-02-01 23:26:20
COMPLAINT0003360,ACC0016886,BRW0008145,2026-05-03 15:08:06,WRONG_CONTACT,MEDIUM,OPEN,SMS,2026-05-11 15:08:06
COMPLAINT0003361,ACC0029378,BRW0009805,2026-01-03 23:45:03,AGENT_BEHAVIOUR,MEDIUM,INVESTIGATING,FIELD,2026-01-22 23:45:03
COMPLAINT0003362,ACC0015656,BRW0005643,2026-05-29 10:36:38,AGENT_BEHAVIOUR,LOW,OPEN,FIELD,2026-06-16 10:36:38
COMPLAINT0003363,ACC0014453,BRW0007238,2026-05-01 21:57:43,HARASSMENT,LOW,OPEN,EMAIL,2026-05-05 21:57:43
COMPLAINT0003364,ACC0008661,BRW0001211,2026-04-20 19:10:29,DISPUTE,HIGH,INVESTIGATING,FIELD,2026-04-29 19:10:29
COMPLAINT0003365,ACC0026846,BRW0006335,2026-07-07 20:34:49,DISPUTE,MEDIUM,CLOSED,FIELD,2026-07-21 20:34:49
COMPLAINT0003366,ACC0027911,BRW0001744,2026-06-25 06:55:32,WRONG_CONTACT,CRITICAL,RESOLVED,FIELD,2026-06-29 06:55:32
COMPLAINT0003367,ACC0025551,BRW0005808,2026-04-29 10:09:51,AGENT_BEHAVIOUR,MEDIUM,RESOLVED,SMS,2026-04-30 10:09:51
COMPLAINT0003368,ACC0028316,BRW0007340,2026-01-12 21:53:21,AGENT_BEHAVIOUR,HIGH,RESOLVED,WHATSAPP,2026-01-23 21:53:21
COMPLAINT0003369,ACC0006029,BRW0001278,2026-07-18 03:48:55,AGENT_BEHAVIOUR,HIGH,OPEN,EMAIL,2026-07-23 03:48:55
COMPLAINT0003370,ACC0004102,BRW0008032,2026-06-04 08:38:03,DISPUTE,HIGH,OPEN,CALL,2026-06-10 08:38:03
COMPLAINT0003371,ACC0011333,BRW0003667,2026-06-25 04:07:52,AGENT_BEHAVIOUR,MEDIUM,INVESTIGATING,WHATSAPP,2026-07-12 04:07:52
COMPLAINT0003372,ACC0000099,BRW0002604,2026-08-04 20:39:28,DND,MEDIUM,RESOLVED,FIELD,2026-08-13 20:39:28
COMPLAINT0003373,ACC0026846,BRW0010167,2026-08-04 21:34:23,AGENT_BEHAVIOUR,MEDIUM,OPEN,SMS,2026-08-23 21:34:23
COMPLAINT0003374,ACC0011720,BRW0006957,2026-05-30 05:43:46,PRIVACY,CRITICAL,CLOSED,SMS,2026-06-17 05:43:46
COMPLAINT0003375,ACC0029655,BRW0011619,2026-05-22 20:45:27,HARASSMENT,CRITICAL,CLOSED,FIELD,2026-06-06 20:45:27
COMPLAINT0003376,ACC0005971,BRW0009113,2026-08-07 17:42:04,HARASSMENT,LOW,CLOSED,FIELD,2026-08-25 17:42:04
COMPLAINT0003377,ACC0013609,BRW0005968,2026-02-18 06:29:19,PAYMENT,MEDIUM,INVESTIGATING,FIELD,2026-03-09 06:29:19
COMPLAINT0003378,ACC0028334,BRW0002764,2026-04-19 01:35:51,WRONG_CONTACT,HIGH,OPEN,FIELD,2026-05-04 01:35:51
COMPLAINT0003379,ACC0024395,BRW0001547,2026-08-07 01:37:22,DISPUTE,MEDIUM,CLOSED,WHATSAPP,2026-08-25 01:37:22
COMPLAINT0003380,ACC0004244,BRW0002674,2026-03-19 07:46:00,HARASSMENT,HIGH,OPEN,CALL,2026-03-22 07:46:00
COMPLAINT0003381,ACC0003789,BRW0005922,2026-06-24 11:57:11,DND,HIGH,RESOLVED,SMS,2026-07-10 11:57:11
COMPLAINT0003382,ACC0007468,BRW0011787,2026-07-09 15:25:16,AGENT_BEHAVIOUR,CRITICAL,RESOLVED,WHATSAPP,2026-07-27 15:25:16
COMPLAINT0003383,ACC0006588,BRW0002269,2026-07-30 10:08:26,PRIVACY,HIGH,OPEN,FIELD,2026-08-09 10:08:26
COMPLAINT0003384,ACC0016906,BRW0003952,2026-04-22 05:22:50,AGENT_BEHAVIOUR,HIGH,CLOSED,WHATSAPP,2026-04-25 05:22:50
COMPLAINT0003385,ACC0009509,BRW0002498,2026-01-29 16:26:09,WRONG_CONTACT,CRITICAL,CLOSED,CALL,2026-02-10 16:26:09
COMPLAINT0003386,ACC0014615,BRW0007934,2026-03-12 22:36:13,DND,CRITICAL,OPEN,EMAIL,2026-03-23 22:36:13
COMPLAINT0003387,ACC0001794,BRW0010642,2026-08-02 14:38:40,DND,CRITICAL,OPEN,WHATSAPP,2026-08-16 14:38:40
COMPLAINT0003388,ACC0012907,BRW0007953,2026-02-22 04:14:33,DND,MEDIUM,OPEN,WHATSAPP,2026-03-08 04:14:33
COMPLAINT0003389,ACC0025855,BRW0008302,2026-03-02 07:49:02,PAYMENT,LOW,RESOLVED,SMS,2026-03-06 07:49:02
COMPLAINT0003390,ACC0019415,BRW0008201,2026-07-05 18:37:29,WRONG_CONTACT,CRITICAL,INVESTIGATING,FIELD,2026-07-12 18:37:29
COMPLAINT0003391,ACC0009858,BRW0006792,2026-01-31 15:17:43,HARASSMENT,HIGH,OPEN,SMS,2026-02-08 15:17:43
COMPLAINT0003392,ACC0021797,BRW0006123,2026-02-18 17:42:08,DND,MEDIUM,RESOLVED,EMAIL,2026-02-22 17:42:08
COMPLAINT0003393,ACC0025388,BRW0010189,2026-03-16 07:29:11,PAYMENT,CRITICAL,INVESTIGATING,WHATSAPP,2026-03-22 07:29:11
COMPLAINT0003394,ACC0027916,BRW0006963,2026-07-26 18:48:02,HARASSMENT,CRITICAL,CLOSED,WHATSAPP,2026-08-05 18:48:02
COMPLAINT0003395,ACC0023275,BRW0000405,2026-06-07 19:15:59,HARASSMENT,MEDIUM,OPEN,CALL,2026-06-11 19:15:59
COMPLAINT0003396,ACC0001663,BRW0010479,2026-04-10 05:19:40,HARASSMENT,MEDIUM,OPEN,EMAIL,2026-04-27 05:19:40
COMPLAINT0003397,ACC0016365,BRW0001842,2026-07-13 14:40:06,PAYMENT,HIGH,CLOSED,EMAIL,2026-07-21 14:40:06
COMPLAINT0003398,ACC0004757,BRW0006082,2026-06-09 16:19:52,PAYMENT,CRITICAL,CLOSED,SMS,2026-06-19 16:19:52
COMPLAINT0003399,ACC0021115,BRW0005473,2026-06-20 01:55:49,HARASSMENT,HIGH,OPEN,EMAIL,2026-06-29 01:55:49
COMPLAINT0003400,ACC0009243,BRW0008099,2026-07-26 14:02:02,PAYMENT,HIGH,CLOSED,WHATSAPP,2026-07-31 14:02:02
COMPLAINT0003401,ACC0017047,BRW0008959,2026-01-27 00:02:22,WRONG_CONTACT,MEDIUM,OPEN,EMAIL,2026-02-07 00:02:22
COMPLAINT0003402,ACC0012912,BRW0004507,2026-03-03 16:06:59,PRIVACY,HIGH,INVESTIGATING,CALL,2026-03-11 16:06:59
COMPLAINT0003403,ACC0019408,BRW0007257,2026-07-24 08:47:52,DND,CRITICAL,INVESTIGATING,WHATSAPP,2026-07-31 08:47:52
COMPLAINT0003404,ACC0010034,BRW0003385,2026-02-22 11:13:39,PAYMENT,CRITICAL,RESOLVED,EMAIL,2026-03-04 11:13:39
COMPLAINT0003405,ACC0018910,BRW0008681,2026-05-16 12:34:49,DISPUTE,CRITICAL,RESOLVED,FIELD,2026-05-27 12:34:49
COMPLAINT0003406,ACC0021711,BRW0010275,2026-05-17 00:17:07,WRONG_CONTACT,LOW,RESOLVED,EMAIL,2026-05-23 00:17:07
COMPLAINT0003407,ACC0007651,BRW0003296,2026-03-24 19:45:20,PRIVACY,HIGH,INVESTIGATING,WHATSAPP,2026-03-26 19:45:20
COMPLAINT0003408,ACC0015206,BRW0008030,2026-06-24 05:42:07,DND,CRITICAL,OPEN,SMS,2026-06-30 05:42:07
COMPLAINT0003409,ACC0008338,BRW0000927,2026-05-24 21:30:16,HARASSMENT,MEDIUM,OPEN,CALL,2026-05-28 21:30:16
COMPLAINT0003410,ACC0014252,BRW0004956,2026-05-25 19:44:08,WRONG_CONTACT,MEDIUM,RESOLVED,EMAIL,2026-05-28 19:44:08
COMPLAINT0003411,ACC0016562,BRW0009292,2026-05-25 14:54:14,DND,HIGH,CLOSED,FIELD,2026-05-31 14:54:14
COMPLAINT0003412,ACC0019917,BRW0005163,2026-06-21 03:13:03,PAYMENT,LOW,CLOSED,WHATSAPP,2026-07-05 03:13:03
COMPLAINT0003413,ACC0019725,BRW0006206,2026-02-15 09:04:12,DISPUTE,MEDIUM,RESOLVED,SMS,2026-02-20 09:04:12
COMPLAINT0003414,ACC0021308,BRW0000572,2026-06-07 22:49:40,PRIVACY,MEDIUM,RESOLVED,SMS,2026-06-19 22:49:40
COMPLAINT0003415,ACC0002110,BRW0001509,2026-06-20 16:59:13,PRIVACY,CRITICAL,RESOLVED,WHATSAPP,2026-06-21 16:59:13
COMPLAINT0003416,ACC0028387,BRW0004046,2026-01-31 04:34:32,WRONG_CONTACT,LOW,INVESTIGATING,EMAIL,2026-02-05 04:34:32
COMPLAINT0003417,ACC0015622,BRW0009345,2026-08-08 23:13:21,DISPUTE,HIGH,CLOSED,WHATSAPP,2026-08-15 23:13:21
COMPLAINT0003418,ACC0002255,BRW0011726,2026-06-15 02:36:58,HARASSMENT,MEDIUM,RESOLVED,CALL,2026-06-22 02:36:58
COMPLAINT0003419,ACC0010923,BRW0001990,2026-01-14 19:14:19,PAYMENT,HIGH,INVESTIGATING,SMS,2026-01-27 19:14:19
COMPLAINT0003420,ACC0025995,BRW0005903,2026-02-11 04:45:24,WRONG_CONTACT,HIGH,OPEN,EMAIL,2026-02-27 04:45:24
COMPLAINT0003421,ACC0013402,BRW0002197,2026-07-17 04:16:24,AGENT_BEHAVIOUR,LOW,RESOLVED,SMS,2026-08-05 04:16:24
COMPLAINT0003422,ACC0019779,BRW0001728,2026-01-30 13:54:36,WRONG_CONTACT,CRITICAL,OPEN,WHATSAPP,2026-02-08 13:54:36
COMPLAINT0003423,ACC0018578,BRW0003517,2026-01-30 00:49:40,WRONG_CONTACT,HIGH,CLOSED,SMS,2026-02-16 00:49:40
COMPLAINT0003424,ACC0023452,BRW0001544,2026-04-21 09:10:54,AGENT_BEHAVIOUR,LOW,INVESTIGATING,FIELD,2026-05-06 09:10:54
COMPLAINT0003425,ACC0007034,BRW0004910,2026-01-31 00:13:22,DND,MEDIUM,RESOLVED,EMAIL,2026-02-06 00:13:22
COMPLAINT0003426,ACC0013750,BRW0011681,2026-01-11 15:01:59,PAYMENT,LOW,CLOSED,CALL,2026-01-29 15:01:59
COMPLAINT0003427,ACC0015064,BRW0001911,2026-04-27 15:36:28,PRIVACY,CRITICAL,RESOLVED,EMAIL,2026-05-14 15:36:28
COMPLAINT0003428,ACC0024857,BRW0002600,2026-04-07 03:15:14,PRIVACY,MEDIUM,CLOSED,SMS,2026-04-17 03:15:14
COMPLAINT0003429,ACC0027528,BRW0005991,2026-02-26 12:58:23,HARASSMENT,LOW,OPEN,FIELD,2026-03-04 12:58:23
COMPLAINT0003430,ACC0015133,BRW0004260,2026-03-16 08:18:30,DISPUTE,CRITICAL,RESOLVED,FIELD,2026-03-28 08:18:30
COMPLAINT0003431,ACC0010609,BRW0006418,2026-04-03 10:13:20,PAYMENT,CRITICAL,CLOSED,EMAIL,2026-04-14 10:13:20
COMPLAINT0003432,ACC0001407,BRW0000247,2026-04-01 17:01:21,PAYMENT,CRITICAL,OPEN,FIELD,2026-04-19 17:01:21
COMPLAINT0003433,ACC0029638,BRW0010825,2026-01-12 17:13:00,DND,HIGH,OPEN,WHATSAPP,2026-01-30 17:13:00
COMPLAINT0003434,ACC0006441,BRW0010332,2026-01-29 01:48:27,AGENT_BEHAVIOUR,MEDIUM,INVESTIGATING,WHATSAPP,2026-02-08 01:48:27
COMPLAINT0003435,ACC0019824,BRW0007343,2026-04-14 16:10:00,PAYMENT,CRITICAL,OPEN,SMS,2026-05-03 16:10:00
COMPLAINT0003436,ACC0005525,BRW0003126,2026-06-02 02:32:48,AGENT_BEHAVIOUR,LOW,OPEN,EMAIL,2026-06-18 02:32:48
COMPLAINT0003437,ACC0014405,BRW0002777,2026-07-19 11:05:32,WRONG_CONTACT,MEDIUM,CLOSED,SMS,2026-08-02 11:05:32
COMPLAINT0003438,ACC0024782,BRW0006412,2026-06-04 12:32:09,DISPUTE,LOW,OPEN,CALL,2026-06-20 12:32:09
COMPLAINT0003439,ACC0002004,BRW0005150,2026-04-12 05:41:34,PAYMENT,LOW,RESOLVED,SMS,2026-04-28 05:41:34
COMPLAINT0003440,ACC0010448,BRW0002090,2026-03-25 01:19:48,WRONG_CONTACT,LOW,CLOSED,FIELD,2026-03-31 01:19:48
COMPLAINT0003441,ACC0002424,BRW0010470,2026-08-04 14:12:43,HARASSMENT,CRITICAL,INVESTIGATING,FIELD,2026-08-12 14:12:43
COMPLAINT0003442,ACC0005129,BRW0001918,2026-02-17 23:27:25,PAYMENT,CRITICAL,INVESTIGATING,WHATSAPP,2026-02-27 23:27:25
COMPLAINT0003443,ACC0026404,BRW0008532,2026-05-11 02:04:20,HARASSMENT,MEDIUM,CLOSED,CALL,2026-05-18 02:04:20
COMPLAINT0003444,ACC0024452,BRW0007673,2026-06-13 14:42:36,HARASSMENT,MEDIUM,RESOLVED,FIELD,2026-06-19 14:42:36
COMPLAINT0003445,ACC0028854,BRW0006523,2026-07-19 10:28:58,AGENT_BEHAVIOUR,LOW,OPEN,CALL,2026-07-24 10:28:58
COMPLAINT0003446,ACC0028892,BRW0010550,2026-05-27 08:24:44,AGENT_BEHAVIOUR,LOW,CLOSED,SMS,2026-05-30 08:24:44
COMPLAINT0003447,ACC0008682,BRW0002480,2026-04-10 06:24:06,DISPUTE,CRITICAL,RESOLVED,WHATSAPP,2026-04-29 06:24:06
COMPLAINT0003448,ACC0015169,BRW0001446,2026-02-18 23:15:17,DND,CRITICAL,RESOLVED,CALL,2026-02-26 23:15:17
COMPLAINT0003449,ACC0023468,BRW0002390,2026-02-16 12:16:57,PAYMENT,LOW,RESOLVED,CALL,2026-02-25 12:16:57
COMPLAINT0003450,ACC0004138,BRW0003159,2026-07-11 03:00:00,PAYMENT,LOW,INVESTIGATING,FIELD,2026-07-16 03:00:00
COMPLAINT0003451,ACC0003810,BRW0007174,2026-05-12 10:09:59,PAYMENT,LOW,OPEN,FIELD,2026-05-19 10:09:59
COMPLAINT0003452,ACC0026823,BRW0004058,2026-05-16 16:25:55,DND,MEDIUM,RESOLVED,EMAIL,2026-05-29 16:25:55
COMPLAINT0003453,ACC0026368,BRW0009649,2026-05-07 14:05:56,PAYMENT,CRITICAL,OPEN,FIELD,2026-05-20 14:05:56
COMPLAINT0003454,ACC0012872,BRW0006683,2026-06-29 08:57:38,HARASSMENT,CRITICAL,INVESTIGATING,EMAIL,2026-07-12 08:57:38
COMPLAINT0003455,ACC0010442,BRW0007228,2026-01-28 19:07:01,PRIVACY,LOW,OPEN,FIELD,2026-02-15 19:07:01
COMPLAINT0003456,ACC0013399,BRW0004253,2026-04-08 09:08:45,HARASSMENT,HIGH,OPEN,SMS,2026-04-14 09:08:45
COMPLAINT0003457,ACC0023030,BRW0001152,2026-02-01 10:01:22,PRIVACY,HIGH,CLOSED,EMAIL,2026-02-16 10:01:22
COMPLAINT0003458,ACC0002563,BRW0005869,2026-07-11 16:46:52,PAYMENT,MEDIUM,RESOLVED,FIELD,2026-07-28 16:46:52
COMPLAINT0003459,ACC0017878,BRW0003622,2026-03-10 19:42:29,DISPUTE,HIGH,CLOSED,FIELD,2026-03-19 19:42:29
COMPLAINT0003460,ACC0022605,BRW0010344,2026-02-22 18:31:50,WRONG_CONTACT,MEDIUM,OPEN,EMAIL,2026-02-23 18:31:50
COMPLAINT0003461,ACC0011493,BRW0006433,2026-05-17 12:35:25,DND,MEDIUM,INVESTIGATING,SMS,2026-06-05 12:35:25
COMPLAINT0003462,ACC0019604,BRW0005321,2026-01-06 09:51:45,WRONG_CONTACT,HIGH,CLOSED,FIELD,2026-01-12 09:51:45
COMPLAINT0003463,ACC0017616,BRW0011635,2026-06-16 23:56:32,HARASSMENT,HIGH,INVESTIGATING,FIELD,2026-07-04 23:56:32
COMPLAINT0003464,ACC0005593,BRW0009279,2026-06-20 00:15:55,HARASSMENT,CRITICAL,OPEN,CALL,2026-06-27 00:15:55
COMPLAINT0003465,ACC0005633,BRW0002429,2026-07-20 15:07:10,PAYMENT,HIGH,OPEN,WHATSAPP,2026-07-22 15:07:10
COMPLAINT0003466,ACC0021490,BRW0002807,2026-06-01 20:35:24,PAYMENT,HIGH,CLOSED,FIELD,2026-06-10 20:35:24
COMPLAINT0003467,ACC0017902,BRW0005253,2026-04-11 04:21:54,DND,MEDIUM,OPEN,FIELD,2026-04-20 04:21:54
COMPLAINT0003468,ACC0004010,BRW0010264,2026-04-27 10:35:20,WRONG_CONTACT,HIGH,RESOLVED,SMS,2026-04-30 10:35:20
COMPLAINT0003469,ACC0023648,BRW0003699,2026-05-12 20:49:41,AGENT_BEHAVIOUR,CRITICAL,OPEN,EMAIL,2026-05-27 20:49:41
COMPLAINT0003470,ACC0027313,BRW0011110,2026-02-25 05:34:26,AGENT_BEHAVIOUR,MEDIUM,OPEN,WHATSAPP,2026-03-08 05:34:26
COMPLAINT0003471,ACC0028536,BRW0009260,2026-06-07 14:22:53,WRONG_CONTACT,MEDIUM,RESOLVED,WHATSAPP,2026-06-10 14:22:53
COMPLAINT0003472,ACC0020019,BRW0000644,2026-02-21 14:38:38,DISPUTE,MEDIUM,RESOLVED,FIELD,2026-02-22 14:38:38
COMPLAINT0003473,ACC0000242,BRW0001720,2026-04-12 17:04:02,AGENT_BEHAVIOUR,CRITICAL,RESOLVED,FIELD,2026-04-27 17:04:02
COMPLAINT0003474,ACC0020490,BRW0008222,2026-05-25 22:32:52,AGENT_BEHAVIOUR,CRITICAL,INVESTIGATING,EMAIL,2026-06-05 22:32:52
COMPLAINT0003475,ACC0002284,BRW0006865,2026-04-27 19:55:46,WRONG_CONTACT,HIGH,RESOLVED,EMAIL,2026-05-15 19:55:46
COMPLAINT0003476,ACC0016510,BRW0010673,2026-08-02 23:46:49,AGENT_BEHAVIOUR,LOW,INVESTIGATING,CALL,2026-08-11 23:46:49
COMPLAINT0003477,ACC0023940,BRW0000468,2026-03-28 14:32:10,PRIVACY,HIGH,CLOSED,SMS,2026-04-02 14:32:10
COMPLAINT0003478,ACC0001453,BRW0005031,2026-05-22 23:37:36,PRIVACY,LOW,INVESTIGATING,WHATSAPP,2026-06-06 23:37:36
COMPLAINT0003479,ACC0028594,BRW0003725,2026-04-21 06:32:48,AGENT_BEHAVIOUR,HIGH,OPEN,EMAIL,2026-04-22 06:32:48
COMPLAINT0003480,ACC0025186,BRW0004011,2026-02-10 00:04:33,DISPUTE,HIGH,INVESTIGATING,CALL,2026-02-22 00:04:33
COMPLAINT0003481,ACC0012693,BRW0010172,2026-04-01 20:52:57,DISPUTE,CRITICAL,CLOSED,SMS,2026-04-10 20:52:57
COMPLAINT0003482,ACC0014405,BRW0008253,2026-06-01 12:18:48,HARASSMENT,HIGH,OPEN,EMAIL,2026-06-15 12:18:48
COMPLAINT0003483,ACC0017320,BRW0004295,2026-07-01 06:37:40,PAYMENT,CRITICAL,CLOSED,SMS,2026-07-20 06:37:40
COMPLAINT0003484,ACC0009884,BRW0003831,2026-07-13 18:27:04,DISPUTE,MEDIUM,OPEN,CALL,2026-07-27 18:27:04
COMPLAINT0003485,ACC0017290,BRW0008736,2026-02-11 05:29:47,DISPUTE,MEDIUM,CLOSED,FIELD,2026-02-19 05:29:47
COMPLAINT0003486,ACC0026779,BRW0011149,2026-06-30 06:05:47,PAYMENT,CRITICAL,CLOSED,EMAIL,2026-07-01 06:05:47
COMPLAINT0003487,ACC0024190,BRW0005524,2026-03-28 19:06:04,HARASSMENT,LOW,OPEN,CALL,2026-03-29 19:06:04
COMPLAINT0003488,ACC0013978,BRW0009059,2026-02-23 15:49:23,WRONG_CONTACT,HIGH,CLOSED,EMAIL,2026-03-11 15:49:23
COMPLAINT0003489,ACC0011976,BRW0007478,2026-07-28 22:21:54,DISPUTE,HIGH,INVESTIGATING,EMAIL,2026-08-16 22:21:54
COMPLAINT0003490,ACC0020883,BRW0007680,2026-06-12 14:49:39,PRIVACY,HIGH,INVESTIGATING,EMAIL,2026-06-28 14:49:39
COMPLAINT0003491,ACC0006056,BRW0011729,2026-03-31 20:50:38,DISPUTE,MEDIUM,INVESTIGATING,CALL,2026-04-10 20:50:38
COMPLAINT0003492,ACC0021135,BRW0008260,2026-07-08 04:28:35,DISPUTE,LOW,OPEN,CALL,2026-07-17 04:28:35
COMPLAINT0003493,ACC0003127,BRW0006949,2026-05-22 14:16:56,DISPUTE,HIGH,INVESTIGATING,CALL,2026-05-28 14:16:56
COMPLAINT0003494,ACC0012550,BRW0002823,2026-08-05 19:41:53,PAYMENT,CRITICAL,RESOLVED,WHATSAPP,2026-08-23 19:41:53
COMPLAINT0003495,ACC0007850,BRW0001160,2026-02-17 04:01:39,PAYMENT,MEDIUM,RESOLVED,CALL,2026-02-19 04:01:39
COMPLAINT0003496,ACC0004655,BRW0001721,2026-03-21 21:54:16,HARASSMENT,CRITICAL,CLOSED,CALL,2026-04-06 21:54:16
COMPLAINT0003497,ACC0029180,BRW0005567,2026-01-08 06:58:56,DISPUTE,HIGH,CLOSED,SMS,2026-01-12 06:58:56
COMPLAINT0003498,ACC0006551,BRW0011285,2026-07-14 10:55:25,HARASSMENT,LOW,RESOLVED,WHATSAPP,2026-07-23 10:55:25
COMPLAINT0003499,ACC0019715,BRW0011045,2026-03-26 15:58:55,DND,MEDIUM,RESOLVED,FIELD,2026-04-05 15:58:55
COMPLAINT0003500,ACC0003335,BRW0002241,2026-03-29 21:06:23,AGENT_BEHAVIOUR,HIGH,INVESTIGATING,CALL,2026-04-13 21:06:23
COMPLAINT0003501,ACC0008970,BRW0002824,2026-02-04 13:15:51,PAYMENT,MEDIUM,OPEN,FIELD,2026-02-09 13:15:51
COMPLAINT0003502,ACC0001548,BRW0003438,2026-05-15 14:24:02,DISPUTE,LOW,RESOLVED,CALL,2026-06-03 14:24:02
COMPLAINT0003503,ACC0001926,BRW0009656,2026-06-30 15:47:51,DND,CRITICAL,OPEN,FIELD,2026-07-02 15:47:51
COMPLAINT0003504,ACC0010665,BRW0009240,2026-05-13 12:21:28,HARASSMENT,LOW,CLOSED,EMAIL,2026-05-25 12:21:28
COMPLAINT0003505,ACC0005947,BRW0006629,2026-05-21 10:48:21,DND,MEDIUM,CLOSED,WHATSAPP,2026-05-28 10:48:21
COMPLAINT0003506,ACC0005116,BRW0002557,2026-04-29 13:59:06,DISPUTE,LOW,INVESTIGATING,SMS,2026-05-03 13:59:06
COMPLAINT0003507,ACC0003806,BRW0006091,2026-06-23 04:10:38,PRIVACY,MEDIUM,INVESTIGATING,CALL,2026-06-25 04:10:38
COMPLAINT0003508,ACC0019224,BRW0002166,2026-01-12 14:29:37,PAYMENT,HIGH,CLOSED,CALL,2026-01-18 14:29:37
COMPLAINT0003509,ACC0027325,BRW0010917,2026-05-16 22:50:26,AGENT_BEHAVIOUR,CRITICAL,CLOSED,EMAIL,2026-06-02 22:50:26
COMPLAINT0003510,ACC0026302,BRW0005191,2026-03-31 22:19:14,PAYMENT,LOW,OPEN,FIELD,2026-04-06 22:19:14
COMPLAINT0003511,ACC0021870,BRW0008225,2026-02-23 07:05:28,DND,LOW,CLOSED,EMAIL,2026-03-14 07:05:28
COMPLAINT0003512,ACC0025598,BRW0008979,2026-02-18 05:39:37,HARASSMENT,LOW,CLOSED,EMAIL,2026-03-04 05:39:37
COMPLAINT0003513,ACC0001727,BRW0002276,2026-04-08 16:44:23,AGENT_BEHAVIOUR,LOW,CLOSED,CALL,2026-04-21 16:44:23
COMPLAINT0003514,ACC0001620,BRW0003931,2026-03-22 13:49:10,DISPUTE,MEDIUM,INVESTIGATING,WHATSAPP,2026-03-25 13:49:10
COMPLAINT0003515,ACC0025196,BRW0007738,2026-05-12 15:56:00,AGENT_BEHAVIOUR,LOW,RESOLVED,WHATSAPP,2026-05-16 15:56:00
COMPLAINT0003516,ACC0020415,BRW0001087,2026-04-30 23:17:09,PAYMENT,LOW,INVESTIGATING,WHATSAPP,2026-05-13 23:17:09
COMPLAINT0003517,ACC0000824,BRW0001725,2026-07-24 21:39:48,PAYMENT,CRITICAL,RESOLVED,CALL,2026-08-10 21:39:48
COMPLAINT0003518,ACC0029240,BRW0011267,2026-07-15 21:51:21,DND,HIGH,RESOLVED,EMAIL,2026-07-19 21:51:21
COMPLAINT0003519,ACC0004056,BRW0004267,2026-06-12 13:34:11,PAYMENT,MEDIUM,INVESTIGATING,EMAIL,2026-06-29 13:34:11
COMPLAINT0003520,ACC0003488,BRW0009408,2026-04-20 13:06:27,HARASSMENT,LOW,RESOLVED,FIELD,2026-04-30 13:06:27
COMPLAINT0003521,ACC0006140,BRW0003353,2026-05-10 05:58:30,DISPUTE,HIGH,RESOLVED,SMS,2026-05-23 05:58:30
COMPLAINT0003522,ACC0029126,BRW0000782,2026-04-06 11:20:43,WRONG_CONTACT,HIGH,INVESTIGATING,EMAIL,2026-04-20 11:20:43
COMPLAINT0003523,ACC0013042,BRW0009453,2026-06-04 23:05:42,AGENT_BEHAVIOUR,HIGH,RESOLVED,WHATSAPP,2026-06-10 23:05:42
COMPLAINT0003524,ACC0006244,BRW0002262,2026-03-21 18:15:00,AGENT_BEHAVIOUR,MEDIUM,CLOSED,EMAIL,2026-03-23 18:15:00
COMPLAINT0003525,ACC0012322,BRW0011513,2026-05-02 23:11:10,PAYMENT,CRITICAL,RESOLVED,CALL,2026-05-17 23:11:10
COMPLAINT0003526,ACC0024414,BRW0010522,2026-04-07 12:38:01,PRIVACY,LOW,OPEN,SMS,2026-04-15 12:38:01
COMPLAINT0003527,ACC0003567,BRW0007034,2026-01-11 02:05:40,PAYMENT,HIGH,INVESTIGATING,EMAIL,2026-01-12 02:05:40
COMPLAINT0003528,ACC0004473,BRW0009542,2026-05-17 19:54:28,DND,MEDIUM,CLOSED,SMS,2026-05-23 19:54:28
COMPLAINT0003529,ACC0003551,BRW0006339,2026-06-19 07:22:43,HARASSMENT,CRITICAL,RESOLVED,WHATSAPP,2026-07-03 07:22:43
COMPLAINT0003530,ACC0006124,BRW0007461,2026-04-28 02:23:35,PAYMENT,LOW,OPEN,CALL,2026-05-03 02:23:35
COMPLAINT0003531,ACC0014869,BRW0003972,2026-02-10 16:25:00,WRONG_CONTACT,HIGH,CLOSED,SMS,2026-02-25 16:25:00
COMPLAINT0003532,ACC0017082,BRW0003822,2026-06-15 00:49:00,PRIVACY,MEDIUM,RESOLVED,SMS,2026-06-18 00:49:00
COMPLAINT0003533,ACC0007525,BRW0003982,2026-03-27 02:04:36,PRIVACY,CRITICAL,INVESTIGATING,CALL,2026-04-05 02:04:36
COMPLAINT0003534,ACC0002145,BRW0004408,2026-01-19 07:42:24,PRIVACY,LOW,OPEN,CALL,2026-01-22 07:42:24
COMPLAINT0003535,ACC0026252,BRW0009198,2026-01-24 13:05:56,WRONG_CONTACT,HIGH,OPEN,WHATSAPP,2026-02-08 13:05:56
COMPLAINT0003536,ACC0025725,BRW0001704,2026-06-01 18:32:55,WRONG_CONTACT,LOW,RESOLVED,SMS,2026-06-19 18:32:55
COMPLAINT0003537,ACC0004236,BRW0005559,2026-06-29 17:20:20,PAYMENT,LOW,OPEN,EMAIL,2026-06-30 17:20:20
COMPLAINT0003538,ACC0020630,BRW0000964,2026-03-23 05:09:54,PRIVACY,CRITICAL,INVESTIGATING,EMAIL,2026-04-08 05:09:54
COMPLAINT0003539,ACC0022692,BRW0010022,2026-04-29 21:55:56,HARASSMENT,CRITICAL,OPEN,SMS,2026-05-14 21:55:56
COMPLAINT0003540,ACC0026997,BRW0007780,2026-02-19 05:34:57,DISPUTE,MEDIUM,OPEN,CALL,2026-03-07 05:34:57
COMPLAINT0003541,ACC0028404,BRW0008929,2026-07-03 08:50:49,PAYMENT,HIGH,CLOSED,CALL,2026-07-15 08:50:49
COMPLAINT0003542,ACC0028451,BRW0007631,2026-02-27 01:15:37,AGENT_BEHAVIOUR,MEDIUM,RESOLVED,CALL,2026-03-11 01:15:37
COMPLAINT0003543,ACC0004300,BRW0002577,2026-05-08 08:57:49,PRIVACY,LOW,INVESTIGATING,WHATSAPP,2026-05-16 08:57:49
COMPLAINT0003544,ACC0010512,BRW0011456,2026-02-24 03:17:22,WRONG_CONTACT,CRITICAL,RESOLVED,SMS,2026-03-13 03:17:22
COMPLAINT0003545,ACC0023319,BRW0009318,2026-02-01 04:03:51,HARASSMENT,CRITICAL,OPEN,EMAIL,2026-02-05 04:03:51
COMPLAINT0003546,ACC0009079,BRW0002378,2026-04-19 21:40:57,DISPUTE,MEDIUM,OPEN,SMS,2026-04-24 21:40:57
COMPLAINT0003547,ACC0023621,BRW0004022,2026-07-31 13:55:16,HARASSMENT,HIGH,RESOLVED,FIELD,2026-08-15 13:55:16
COMPLAINT0003548,ACC0010017,BRW0010699,2026-04-29 18:51:38,HARASSMENT,CRITICAL,CLOSED,EMAIL,2026-04-30 18:51:38
COMPLAINT0003549,ACC0015341,BRW0005439,2026-03-08 21:08:40,WRONG_CONTACT,CRITICAL,RESOLVED,SMS,2026-03-16 21:08:40
COMPLAINT0003550,ACC0007204,BRW0009179,2026-06-25 18:31:35,HARASSMENT,CRITICAL,OPEN,CALL,2026-07-02 18:31:35
COMPLAINT0003551,ACC0002141,BRW0000960,2026-06-16 09:41:26,PAYMENT,CRITICAL,INVESTIGATING,CALL,2026-07-02 09:41:26
COMPLAINT0003552,ACC0006178,BRW0001363,2026-03-30 18:56:48,PAYMENT,CRITICAL,CLOSED,CALL,2026-04-06 18:56:48
COMPLAINT0003553,ACC0000199,BRW0002582,2026-05-30 05:22:52,HARASSMENT,CRITICAL,CLOSED,FIELD,2026-06-12 05:22:52
COMPLAINT0003554,ACC0016628,BRW0005565,2026-06-01 21:01:07,PRIVACY,CRITICAL,CLOSED,SMS,2026-06-17 21:01:07
COMPLAINT0003555,ACC0012964,BRW0007143,2026-02-06 07:00:18,PAYMENT,LOW,OPEN,SMS,2026-02-25 07:00:18
COMPLAINT0003556,ACC0007134,BRW0001219,2026-08-08 08:21:57,PAYMENT,HIGH,OPEN,WHATSAPP,2026-08-22 08:21:57
COMPLAINT0003557,ACC0003190,BRW0011260,2026-01-29 19:47:37,PRIVACY,HIGH,CLOSED,FIELD,2026-01-30 19:47:37
COMPLAINT0003558,ACC0020846,BRW0011832,2026-08-02 18:40:44,AGENT_BEHAVIOUR,LOW,RESOLVED,CALL,2026-08-18 18:40:44
COMPLAINT0003559,ACC0013450,BRW0006474,2026-03-02 18:30:02,PRIVACY,MEDIUM,OPEN,EMAIL,2026-03-20 18:30:02
COMPLAINT0003560,ACC0026022,BRW0004409,2026-01-28 12:37:42,WRONG_CONTACT,HIGH,CLOSED,EMAIL,2026-02-01 12:37:42
COMPLAINT0003561,ACC0008309,BRW0004651,2026-03-09 05:28:56,WRONG_CONTACT,CRITICAL,OPEN,WHATSAPP,2026-03-18 05:28:56
COMPLAINT0003562,ACC0011371,BRW0006722,2026-05-22 01:14:50,PRIVACY,CRITICAL,INVESTIGATING,EMAIL,2026-06-09 01:14:50
COMPLAINT0003563,ACC0012007,BRW0004230,2026-02-27 20:14:43,DND,HIGH,RESOLVED,CALL,2026-02-28 20:14:43
COMPLAINT0003564,ACC0019917,BRW0003001,2026-03-30 02:59:51,DISPUTE,CRITICAL,INVESTIGATING,WHATSAPP,2026-04-08 02:59:51
COMPLAINT0003565,ACC0013322,BRW0008365,2026-02-22 19:36:23,WRONG_CONTACT,MEDIUM,RESOLVED,EMAIL,2026-03-01 19:36:23
COMPLAINT0003566,ACC0027954,BRW0000874,2026-02-02 20:26:50,AGENT_BEHAVIOUR,MEDIUM,RESOLVED,CALL,2026-02-19 20:26:50
COMPLAINT0003567,ACC0007013,BRW0009841,2026-03-24 09:47:20,PRIVACY,MEDIUM,RESOLVED,CALL,2026-04-05 09:47:20
COMPLAINT0003568,ACC0005781,BRW0007434,2026-01-27 04:24:20,HARASSMENT,HIGH,OPEN,CALL,2026-02-06 04:24:20
COMPLAINT0003569,ACC0023145,BRW0007010,2026-02-11 18:10:25,PRIVACY,LOW,OPEN,CALL,2026-02-17 18:10:25
COMPLAINT0003570,ACC0014193,BRW0000464,2026-06-19 13:24:21,HARASSMENT,CRITICAL,RESOLVED,FIELD,2026-07-05 13:24:21
COMPLAINT0003571,ACC0020721,BRW0007245,2026-04-25 19:48:53,AGENT_BEHAVIOUR,MEDIUM,OPEN,FIELD,2026-04-27 19:48:53
COMPLAINT0003572,ACC0014509,BRW0004483,2026-05-03 17:12:00,HARASSMENT,MEDIUM,RESOLVED,CALL,2026-05-15 17:12:00
COMPLAINT0003573,ACC0026503,BRW0007823,2026-08-02 14:35:07,DND,MEDIUM,INVESTIGATING,CALL,2026-08-07 14:35:07
COMPLAINT0003574,ACC0001938,BRW0003431,2026-02-28 14:38:09,PAYMENT,HIGH,CLOSED,FIELD,2026-03-01 14:38:09
COMPLAINT0003575,ACC0003766,BRW0008279,2026-03-18 12:10:27,PAYMENT,HIGH,INVESTIGATING,WHATSAPP,2026-04-05 12:10:27
COMPLAINT0003576,ACC0028029,BRW0009867,2026-07-23 07:51:55,DND,MEDIUM,INVESTIGATING,FIELD,2026-08-10 07:51:55
COMPLAINT0003577,ACC0023563,BRW0008431,2026-03-27 05:07:04,DND,CRITICAL,INVESTIGATING,CALL,2026-04-04 05:07:04
COMPLAINT0003578,ACC0026014,BRW0005206,2026-04-21 23:32:56,PRIVACY,LOW,OPEN,FIELD,2026-04-27 23:32:56
COMPLAINT0003579,ACC0016976,BRW0010231,2026-05-11 15:20:42,HARASSMENT,MEDIUM,OPEN,WHATSAPP,2026-05-15 15:20:42
COMPLAINT0003580,ACC0026080,BRW0005540,2026-06-15 20:28:33,PAYMENT,LOW,OPEN,FIELD,2026-06-21 20:28:33
COMPLAINT0003581,ACC0015795,BRW0002407,2026-06-13 05:21:35,WRONG_CONTACT,LOW,OPEN,FIELD,2026-06-25 05:21:35
COMPLAINT0003582,ACC0008949,BRW0008362,2026-05-15 07:43:34,DISPUTE,CRITICAL,RESOLVED,FIELD,2026-05-20 07:43:34
COMPLAINT0003583,ACC0025649,BRW0011582,2026-01-29 04:33:35,DISPUTE,CRITICAL,CLOSED,CALL,2026-02-14 04:33:35
COMPLAINT0003584,ACC0006768,BRW0009133,2026-01-31 09:00:00,PRIVACY,LOW,RESOLVED,CALL,2026-02-07 09:00:00
COMPLAINT0003585,ACC0026127,BRW0004588,2026-01-23 04:55:32,WRONG_CONTACT,MEDIUM,CLOSED,FIELD,2026-02-08 04:55:32
COMPLAINT0003586,ACC0021040,BRW0009022,2026-02-06 08:30:37,WRONG_CONTACT,CRITICAL,CLOSED,SMS,2026-02-18 08:30:37
COMPLAINT0003587,ACC0000873,BRW0004976,2026-03-28 17:20:24,AGENT_BEHAVIOUR,CRITICAL,RESOLVED,EMAIL,2026-04-11 17:20:24
COMPLAINT0003588,ACC0018522,BRW0010425,2026-08-01 19:32:16,WRONG_CONTACT,HIGH,RESOLVED,EMAIL,2026-08-03 19:32:16
COMPLAINT0003589,ACC0022758,BRW0002354,2026-06-15 06:35:17,AGENT_BEHAVIOUR,LOW,OPEN,FIELD,2026-06-27 06:35:17
COMPLAINT0003590,ACC0010305,BRW0004132,2026-08-05 20:19:17,PRIVACY,MEDIUM,RESOLVED,EMAIL,2026-08-22 20:19:17
COMPLAINT0003591,ACC0017245,BRW0007086,2026-01-11 14:17:00,PRIVACY,CRITICAL,INVESTIGATING,SMS,2026-01-24 14:17:00
COMPLAINT0003592,ACC0009995,BRW0011838,2026-04-01 07:17:32,DISPUTE,CRITICAL,INVESTIGATING,EMAIL,2026-04-20 07:17:32
COMPLAINT0003593,ACC0015684,BRW0006425,2026-04-27 03:44:31,WRONG_CONTACT,LOW,INVESTIGATING,WHATSAPP,2026-05-04 03:44:31
COMPLAINT0003594,ACC0002318,BRW0002577,2026-03-28 23:02:24,DND,MEDIUM,RESOLVED,EMAIL,2026-04-15 23:02:24
COMPLAINT0003595,ACC0018665,BRW0008362,2026-03-12 11:28:15,WRONG_CONTACT,HIGH,RESOLVED,FIELD,2026-03-17 11:28:15
COMPLAINT0003596,ACC0008196,BRW0003790,2026-01-08 06:18:21,AGENT_BEHAVIOUR,LOW,OPEN,SMS,2026-01-24 06:18:21
COMPLAINT0003597,ACC0028393,BRW0004634,2026-03-02 14:59:30,AGENT_BEHAVIOUR,HIGH,RESOLVED,CALL,2026-03-08 14:59:30
COMPLAINT0003598,ACC0025842,BRW0004556,2026-07-19 18:43:48,HARASSMENT,LOW,INVESTIGATING,SMS,2026-07-31 18:43:48
COMPLAINT0003599,ACC0019657,BRW0011527,2026-07-13 18:21:10,DND,LOW,INVESTIGATING,CALL,2026-07-18 18:21:10
COMPLAINT0003600,ACC0011456,BRW0010013,2026-03-25 07:41:09,PAYMENT,HIGH,RESOLVED,FIELD,2026-04-12 07:41:09
COMPLAINT0003601,ACC0004530,BRW0007986,2026-01-26 14:00:36,PAYMENT,LOW,RESOLVED,SMS,2026-02-13 14:00:36
COMPLAINT0003602,ACC0025983,BRW0006742,2026-01-02 10:42:10,AGENT_BEHAVIOUR,CRITICAL,INVESTIGATING,WHATSAPP,2026-01-03 10:42:10
COMPLAINT0003603,ACC0025415,BRW0009347,2026-06-20 07:38:06,PRIVACY,LOW,CLOSED,WHATSAPP,2026-07-02 07:38:06
COMPLAINT0003604,ACC0009293,BRW0011237,2026-01-20 18:46:39,AGENT_BEHAVIOUR,MEDIUM,OPEN,EMAIL,2026-01-24 18:46:39
COMPLAINT0003605,ACC0006455,BRW0006513,2026-03-10 18:38:20,DISPUTE,MEDIUM,INVESTIGATING,CALL,2026-03-12 18:38:20
COMPLAINT0003606,ACC0011542,BRW0003268,2026-04-22 09:02:55,DISPUTE,CRITICAL,INVESTIGATING,EMAIL,2026-05-08 09:02:55
COMPLAINT0003607,ACC0015134,BRW0000102,2026-08-02 10:57:16,PRIVACY,HIGH,CLOSED,CALL,2026-08-08 10:57:16
COMPLAINT0003608,ACC0017489,BRW0007176,2026-03-24 14:09:24,DND,LOW,CLOSED,CALL,2026-03-30 14:09:24
COMPLAINT0003609,ACC0029324,BRW0004847,2026-02-21 11:09:25,DISPUTE,CRITICAL,OPEN,SMS,2026-02-24 11:09:25
COMPLAINT0003610,ACC0025352,BRW0004012,2026-03-14 01:57:20,DISPUTE,CRITICAL,OPEN,CALL,2026-04-01 01:57:20
COMPLAINT0003611,ACC0009960,BRW0000243,2026-03-19 06:00:01,DISPUTE,LOW,RESOLVED,EMAIL,2026-03-21 06:00:01
COMPLAINT0003612,ACC0026755,BRW0004191,2026-02-27 07:43:25,DND,LOW,RESOLVED,CALL,2026-03-01 07:43:25
COMPLAINT0003613,ACC0012930,BRW0005888,2026-03-29 03:24:38,DISPUTE,HIGH,OPEN,WHATSAPP,2026-04-08 03:24:38
COMPLAINT0003614,ACC0004592,BRW0009452,2026-01-15 01:13:01,WRONG_CONTACT,HIGH,CLOSED,WHATSAPP,2026-02-03 01:13:01
COMPLAINT0003615,ACC0021479,BRW0001172,2026-06-27 01:34:09,AGENT_BEHAVIOUR,CRITICAL,CLOSED,WHATSAPP,2026-07-11 01:34:09
COMPLAINT0003616,ACC0027855,BRW0006692,2026-07-16 21:10:47,PAYMENT,MEDIUM,RESOLVED,EMAIL,2026-07-19 21:10:47
COMPLAINT0003617,ACC0006923,BRW0008749,2026-03-14 09:11:44,AGENT_BEHAVIOUR,HIGH,RESOLVED,EMAIL,2026-03-27 09:11:44
COMPLAINT0003618,ACC0019052,BRW0011607,2026-05-19 06:49:47,PRIVACY,LOW,OPEN,SMS,2026-05-26 06:49:47
COMPLAINT0003619,ACC0020242,BRW0004613,2026-05-23 15:20:17,DISPUTE,LOW,OPEN,CALL,2026-06-08 15:20:17
COMPLAINT0003620,ACC0025329,BRW0011438,2026-06-27 14:42:34,AGENT_BEHAVIOUR,MEDIUM,OPEN,SMS,2026-07-14 14:42:34
COMPLAINT0003621,ACC0013771,BRW0005467,2026-06-26 17:34:28,AGENT_BEHAVIOUR,CRITICAL,OPEN,CALL,2026-07-01 17:34:28
COMPLAINT0003622,ACC0003333,BRW0004347,2026-07-03 06:55:04,DISPUTE,LOW,OPEN,SMS,2026-07-13 06:55:04
COMPLAINT0003623,ACC0013569,BRW0010983,2026-01-18 08:00:59,PRIVACY,LOW,CLOSED,FIELD,2026-02-02 08:00:59
COMPLAINT0003624,ACC0025973,BRW0002597,2026-07-28 08:28:27,DISPUTE,CRITICAL,OPEN,SMS,2026-08-07 08:28:27
COMPLAINT0003625,ACC0015846,BRW0007957,2026-01-04 07:28:29,PAYMENT,HIGH,OPEN,CALL,2026-01-19 07:28:29
COMPLAINT0003626,ACC0020952,BRW0002510,2026-07-05 02:10:12,PRIVACY,LOW,INVESTIGATING,CALL,2026-07-24 02:10:12
COMPLAINT0003627,ACC0011568,BRW0007905,2026-07-06 21:48:57,AGENT_BEHAVIOUR,HIGH,RESOLVED,WHATSAPP,2026-07-22 21:48:57
COMPLAINT0003628,ACC0010816,BRW0009200,2026-02-10 01:23:09,AGENT_BEHAVIOUR,HIGH,INVESTIGATING,FIELD,2026-02-19 01:23:09
COMPLAINT0003629,ACC0022653,BRW0004313,2026-06-11 11:49:41,PAYMENT,MEDIUM,INVESTIGATING,WHATSAPP,2026-06-28 11:49:41
COMPLAINT0003630,ACC0011349,BRW0008917,2026-06-08 11:42:33,HARASSMENT,MEDIUM,OPEN,CALL,2026-06-19 11:42:33
COMPLAINT0003631,ACC0026062,BRW0010887,2026-07-13 00:05:11,WRONG_CONTACT,HIGH,OPEN,CALL,2026-07-27 00:05:11
COMPLAINT0003632,ACC0002987,BRW0007425,2026-06-27 09:19:22,WRONG_CONTACT,LOW,INVESTIGATING,WHATSAPP,2026-06-30 09:19:22
COMPLAINT0003633,ACC0020049,BRW0003957,2026-01-17 08:39:07,HARASSMENT,CRITICAL,CLOSED,WHATSAPP,2026-01-22 08:39:07
COMPLAINT0003634,ACC0009138,BRW0010484,2026-01-31 04:54:58,WRONG_CONTACT,CRITICAL,RESOLVED,FIELD,2026-02-15 04:54:58
COMPLAINT0003635,ACC0007650,BRW0003403,2026-07-30 16:57:27,WRONG_CONTACT,CRITICAL,OPEN,EMAIL,2026-08-06 16:57:27
COMPLAINT0003636,ACC0005282,BRW0003881,2026-01-19 04:56:30,AGENT_BEHAVIOUR,LOW,INVESTIGATING,SMS,2026-01-21 04:56:30
COMPLAINT0003637,ACC0008203,BRW0002660,2026-07-26 17:55:03,HARASSMENT,LOW,OPEN,FIELD,2026-07-27 17:55:03
COMPLAINT0003638,ACC0016952,BRW0002728,2026-05-25 13:47:32,DND,HIGH,RESOLVED,CALL,2026-06-05 13:47:32
COMPLAINT0003639,ACC0021625,BRW0006042,2026-07-17 19:12:21,DND,LOW,RESOLVED,SMS,2026-07-29 19:12:21
COMPLAINT0003640,ACC0000750,BRW0004413,2026-06-05 20:14:50,PRIVACY,HIGH,OPEN,WHATSAPP,2026-06-06 20:14:50
COMPLAINT0003641,ACC0018006,BRW0000397,2026-01-24 00:26:35,PAYMENT,MEDIUM,INVESTIGATING,CALL,2026-02-04 00:26:35
COMPLAINT0003642,ACC0010457,BRW0010005,2026-02-21 15:27:32,DISPUTE,HIGH,OPEN,EMAIL,2026-03-11 15:27:32
COMPLAINT0003643,ACC0006233,BRW0003659,2026-03-24 17:29:10,PRIVACY,HIGH,OPEN,EMAIL,2026-03-29 17:29:10
COMPLAINT0003644,ACC0009587,BRW0003269,2026-02-09 22:47:09,PAYMENT,LOW,OPEN,SMS,2026-02-26 22:47:09
COMPLAINT0003645,ACC0022234,BRW0000641,2026-05-17 19:34:28,WRONG_CONTACT,HIGH,RESOLVED,SMS,2026-06-05 19:34:28
COMPLAINT0003646,ACC0007997,BRW0006060,2026-07-20 08:09:33,HARASSMENT,HIGH,CLOSED,CALL,2026-08-01 08:09:33
COMPLAINT0003647,ACC0008682,BRW0002893,2026-07-03 01:14:34,HARASSMENT,MEDIUM,CLOSED,FIELD,2026-07-20 01:14:34
COMPLAINT0003648,ACC0003546,BRW0005306,2026-01-12 04:54:24,DND,CRITICAL,CLOSED,FIELD,2026-01-28 04:54:24
COMPLAINT0003649,ACC0007335,BRW0006625,2026-05-30 14:19:29,AGENT_BEHAVIOUR,CRITICAL,INVESTIGATING,FIELD,2026-06-03 14:19:29
COMPLAINT0003650,ACC0017097,BRW0003640,2026-06-29 14:08:56,DND,MEDIUM,RESOLVED,CALL,2026-07-17 14:08:56
COMPLAINT0003651,ACC0003044,BRW0005148,2026-01-19 18:09:38,AGENT_BEHAVIOUR,CRITICAL,RESOLVED,EMAIL,2026-01-27 18:09:38
COMPLAINT0003652,ACC0003175,BRW0009400,2026-07-07 01:05:50,DISPUTE,HIGH,CLOSED,CALL,2026-07-13 01:05:50
COMPLAINT0003653,ACC0027316,BRW0008811,2026-05-12 08:29:17,AGENT_BEHAVIOUR,LOW,OPEN,FIELD,2026-05-20 08:29:17
COMPLAINT0003654,ACC0005772,BRW0002141,2026-05-10 19:09:39,HARASSMENT,MEDIUM,CLOSED,CALL,2026-05-23 19:09:39
COMPLAINT0003655,ACC0004335,BRW0009186,2026-03-28 12:30:49,AGENT_BEHAVIOUR,LOW,INVESTIGATING,SMS,2026-04-05 12:30:49
COMPLAINT0003656,ACC0014033,BRW0001579,2026-04-24 08:01:09,HARASSMENT,CRITICAL,OPEN,SMS,2026-05-09 08:01:09
COMPLAINT0003657,ACC0025784,BRW0003321,2026-03-15 15:30:34,HARASSMENT,HIGH,OPEN,CALL,2026-03-21 15:30:34
COMPLAINT0003658,ACC0004247,BRW0003013,2026-05-29 19:24:35,DISPUTE,HIGH,CLOSED,EMAIL,2026-06-05 19:24:35
COMPLAINT0003659,ACC0018283,BRW0011440,2026-04-12 18:11:02,AGENT_BEHAVIOUR,LOW,INVESTIGATING,SMS,2026-04-20 18:11:02
COMPLAINT0003660,ACC0007904,BRW0004486,2026-07-25 03:07:20,PAYMENT,MEDIUM,CLOSED,WHATSAPP,2026-07-26 03:07:20
COMPLAINT0003661,ACC0000364,BRW0011652,2026-05-05 15:46:52,PAYMENT,MEDIUM,RESOLVED,EMAIL,2026-05-19 15:46:52
COMPLAINT0003662,ACC0022210,BRW0008916,2026-03-31 11:46:40,DND,MEDIUM,OPEN,EMAIL,2026-04-16 11:46:40
COMPLAINT0003663,ACC0003294,BRW0003256,2026-06-22 11:01:18,DISPUTE,HIGH,INVESTIGATING,WHATSAPP,2026-06-29 11:01:18
COMPLAINT0003664,ACC0008659,BRW0000716,2026-06-21 14:12:48,DND,MEDIUM,CLOSED,CALL,2026-07-08 14:12:48
COMPLAINT0003665,ACC0018313,BRW0003101,2026-04-05 20:25:52,PRIVACY,HIGH,OPEN,SMS,2026-04-14 20:25:52
COMPLAINT0003666,ACC0000876,BRW0003397,2026-01-30 21:27:49,DISPUTE,MEDIUM,RESOLVED,WHATSAPP,2026-02-11 21:27:49
COMPLAINT0003667,ACC0028633,BRW0009134,2026-07-02 08:25:44,HARASSMENT,CRITICAL,OPEN,SMS,2026-07-12 08:25:44
COMPLAINT0003668,ACC0016341,BRW0007742,2026-02-01 10:30:29,DND,CRITICAL,RESOLVED,CALL,2026-02-18 10:30:29
COMPLAINT0003669,ACC0010037,BRW0003114,2026-01-28 02:23:29,PAYMENT,LOW,OPEN,FIELD,2026-01-31 02:23:29
COMPLAINT0003670,ACC0018411,BRW0007293,2026-06-20 18:25:53,PRIVACY,HIGH,INVESTIGATING,WHATSAPP,2026-07-07 18:25:53
COMPLAINT0003671,ACC0020498,BRW0006600,2026-04-07 05:24:51,HARASSMENT,HIGH,RESOLVED,FIELD,2026-04-14 05:24:51
COMPLAINT0003672,ACC0019293,BRW0001557,2026-06-01 15:32:39,AGENT_BEHAVIOUR,LOW,INVESTIGATING,FIELD,2026-06-05 15:32:39
COMPLAINT0003673,ACC0003234,BRW0007593,2026-02-22 05:54:42,PAYMENT,CRITICAL,CLOSED,FIELD,2026-03-06 05:54:42
COMPLAINT0003674,ACC0017475,BRW0003223,2026-07-08 15:36:26,AGENT_BEHAVIOUR,HIGH,INVESTIGATING,SMS,2026-07-14 15:36:26
COMPLAINT0003675,ACC0024018,BRW0004094,2026-05-25 07:34:47,HARASSMENT,MEDIUM,CLOSED,EMAIL,2026-06-05 07:34:47
COMPLAINT0003676,ACC0007766,BRW0005027,2026-04-04 04:56:08,WRONG_CONTACT,CRITICAL,CLOSED,EMAIL,2026-04-05 04:56:08
COMPLAINT0003677,ACC0008611,BRW0010384,2026-01-23 15:46:02,WRONG_CONTACT,LOW,RESOLVED,EMAIL,2026-02-09 15:46:02
COMPLAINT0003678,ACC0003729,BRW0007409,2026-01-14 12:57:21,DISPUTE,CRITICAL,RESOLVED,SMS,2026-02-02 12:57:21
COMPLAINT0003679,ACC0018906,BRW0006422,2026-06-21 23:45:53,AGENT_BEHAVIOUR,MEDIUM,INVESTIGATING,CALL,2026-06-22 23:45:53
COMPLAINT0003680,ACC0021268,BRW0009317,2026-04-25 04:52:25,DND,HIGH,INVESTIGATING,FIELD,2026-05-07 04:52:25
COMPLAINT0003681,ACC0028454,BRW0001486,2026-01-30 06:22:41,DISPUTE,LOW,INVESTIGATING,EMAIL,2026-02-08 06:22:41
COMPLAINT0003682,ACC0008667,BRW0004523,2026-05-23 08:28:07,WRONG_CONTACT,CRITICAL,INVESTIGATING,CALL,2026-06-11 08:28:07
COMPLAINT0003683,ACC0017500,BRW0007928,2026-02-15 05:23:23,DISPUTE,LOW,OPEN,EMAIL,2026-03-06 05:23:23
COMPLAINT0003684,ACC0002324,BRW0005715,2026-07-01 22:48:26,AGENT_BEHAVIOUR,MEDIUM,OPEN,WHATSAPP,2026-07-14 22:48:26
COMPLAINT0003685,ACC0021043,BRW0007229,2026-02-26 23:16:09,DND,LOW,RESOLVED,WHATSAPP,2026-03-15 23:16:09
COMPLAINT0003686,ACC0027699,BRW0008719,2026-03-07 19:25:28,PRIVACY,MEDIUM,INVESTIGATING,SMS,2026-03-10 19:25:28
COMPLAINT0003687,ACC0021772,BRW0000728,2026-04-28 02:58:17,HARASSMENT,MEDIUM,INVESTIGATING,WHATSAPP,2026-04-30 02:58:17
COMPLAINT0003688,ACC0002131,BRW0009580,2026-01-11 17:03:29,DISPUTE,MEDIUM,CLOSED,WHATSAPP,2026-01-28 17:03:29
COMPLAINT0003689,ACC0015169,BRW0001737,2026-04-18 23:56:25,DISPUTE,MEDIUM,RESOLVED,SMS,2026-04-25 23:56:25
COMPLAINT0003690,ACC0029077,BRW0002541,2026-03-28 04:27:17,DND,CRITICAL,CLOSED,SMS,2026-03-31 04:27:17
COMPLAINT0003691,ACC0009425,BRW0005500,2026-07-09 20:08:11,PAYMENT,HIGH,RESOLVED,EMAIL,2026-07-13 20:08:11
COMPLAINT0003692,ACC0003274,BRW0000894,2026-03-23 19:26:54,DND,HIGH,CLOSED,WHATSAPP,2026-04-08 19:26:54
COMPLAINT0003693,ACC0022962,BRW0004471,2026-07-06 20:11:02,PRIVACY,MEDIUM,OPEN,FIELD,2026-07-20 20:11:02
COMPLAINT0003694,ACC0017247,BRW0007907,2026-04-13 13:56:23,AGENT_BEHAVIOUR,MEDIUM,OPEN,WHATSAPP,2026-04-16 13:56:23
COMPLAINT0003695,ACC0016640,BRW0011106,2026-02-16 21:26:00,HARASSMENT,LOW,INVESTIGATING,WHATSAPP,2026-03-03 21:26:00
COMPLAINT0003696,ACC0026496,BRW0011822,2026-05-05 05:24:57,DND,LOW,CLOSED,WHATSAPP,2026-05-20 05:24:57
COMPLAINT0003697,ACC0022909,BRW0011734,2026-03-27 06:44:37,HARASSMENT,HIGH,CLOSED,EMAIL,2026-04-08 06:44:37
COMPLAINT0003698,ACC0016925,BRW0011799,2026-05-13 19:36:34,DISPUTE,CRITICAL,CLOSED,WHATSAPP,2026-05-29 19:36:34
COMPLAINT0003699,ACC0024081,BRW0007498,2026-03-01 21:30:32,HARASSMENT,CRITICAL,RESOLVED,FIELD,2026-03-11 21:30:32
COMPLAINT0003700,ACC0013663,BRW0006716,2026-07-05 01:02:23,PAYMENT,HIGH,INVESTIGATING,WHATSAPP,2026-07-10 01:02:23
COMPLAINT0003701,ACC0005135,BRW0010643,2026-04-04 13:39:16,DND,MEDIUM,INVESTIGATING,WHATSAPP,2026-04-10 13:39:16
COMPLAINT0003702,ACC0021166,BRW0011065,2026-05-12 02:05:45,DND,MEDIUM,INVESTIGATING,WHATSAPP,2026-05-25 02:05:45
COMPLAINT0003703,ACC0012988,BRW0005982,2026-01-26 05:40:55,PAYMENT,HIGH,CLOSED,WHATSAPP,2026-01-29 05:40:55
COMPLAINT0003704,ACC0011632,BRW0008057,2026-07-03 10:30:37,PAYMENT,HIGH,OPEN,FIELD,2026-07-21 10:30:37
COMPLAINT0003705,ACC0026948,BRW0003161,2026-01-11 07:51:54,DISPUTE,LOW,RESOLVED,CALL,2026-01-18 07:51:54
COMPLAINT0003706,ACC0027951,BRW0002821,2026-05-06 09:01:20,DND,HIGH,OPEN,FIELD,2026-05-23 09:01:20
COMPLAINT0003707,ACC0004535,BRW0004395,2026-05-24 17:13:43,DND,LOW,INVESTIGATING,WHATSAPP,2026-06-08 17:13:43
COMPLAINT0003708,ACC0013175,BRW0004141,2026-06-20 03:09:27,WRONG_CONTACT,LOW,INVESTIGATING,FIELD,2026-06-27 03:09:27
COMPLAINT0003709,ACC0005149,BRW0008346,2026-07-17 04:58:52,DISPUTE,MEDIUM,CLOSED,FIELD,2026-07-30 04:58:52
COMPLAINT0003710,ACC0014454,BRW0005948,2026-07-21 07:24:21,HARASSMENT,HIGH,CLOSED,SMS,2026-07-29 07:24:21
COMPLAINT0003711,ACC0000132,BRW0006055,2026-05-15 09:39:48,HARASSMENT,HIGH,RESOLVED,WHATSAPP,2026-05-19 09:39:48
COMPLAINT0003712,ACC0014107,BRW0004537,2026-06-03 18:24:02,PAYMENT,MEDIUM,INVESTIGATING,EMAIL,2026-06-12 18:24:02
COMPLAINT0003713,ACC0006800,BRW0007769,2026-02-26 16:06:07,AGENT_BEHAVIOUR,HIGH,OPEN,CALL,2026-03-03 16:06:07
COMPLAINT0003714,ACC0024975,BRW0007656,2026-08-02 04:00:23,PRIVACY,HIGH,INVESTIGATING,SMS,2026-08-14 04:00:23
COMPLAINT0003715,ACC0018570,BRW0002099,2026-05-11 07:44:36,WRONG_CONTACT,CRITICAL,CLOSED,CALL,2026-05-18 07:44:36
COMPLAINT0003716,ACC0018971,BRW0003270,2026-02-16 19:49:30,WRONG_CONTACT,HIGH,OPEN,EMAIL,2026-02-18 19:49:30
COMPLAINT0003717,ACC0027935,BRW0005816,2026-02-27 12:25:47,WRONG_CONTACT,CRITICAL,OPEN,CALL,2026-03-17 12:25:47
COMPLAINT0003718,ACC0014698,BRW0010287,2026-03-31 07:42:04,DISPUTE,MEDIUM,OPEN,SMS,2026-04-02 07:42:04
COMPLAINT0003719,ACC0024825,BRW0002987,2026-07-29 07:10:32,WRONG_CONTACT,CRITICAL,INVESTIGATING,FIELD,2026-08-03 07:10:32
COMPLAINT0003720,ACC0012770,BRW0001368,2026-02-19 17:44:12,HARASSMENT,CRITICAL,OPEN,CALL,2026-03-10 17:44:12
COMPLAINT0003721,ACC0002438,BRW0009688,2026-02-10 11:17:10,PRIVACY,LOW,OPEN,WHATSAPP,2026-02-11 11:17:10
COMPLAINT0003722,ACC0019860,BRW0000473,2026-05-09 14:40:17,PRIVACY,CRITICAL,OPEN,CALL,2026-05-18 14:40:17
COMPLAINT0003723,ACC0002991,BRW0002285,2026-03-27 21:54:13,WRONG_CONTACT,MEDIUM,OPEN,CALL,2026-04-11 21:54:13
COMPLAINT0003724,ACC0026344,BRW0004967,2026-02-09 18:16:30,AGENT_BEHAVIOUR,LOW,OPEN,EMAIL,2026-02-20 18:16:30
COMPLAINT0003725,ACC0022038,BRW0002133,2026-04-22 03:20:07,PAYMENT,CRITICAL,OPEN,SMS,2026-05-03 03:20:07
COMPLAINT0003726,ACC0012292,BRW0008095,2026-07-14 08:28:10,WRONG_CONTACT,MEDIUM,CLOSED,FIELD,2026-07-23 08:28:10
COMPLAINT0003727,ACC0012643,BRW0006176,2026-03-06 18:37:53,PRIVACY,LOW,OPEN,FIELD,2026-03-08 18:37:53
COMPLAINT0003728,ACC0016144,BRW0008343,2026-02-21 14:04:43,DND,HIGH,CLOSED,EMAIL,2026-02-24 14:04:43
COMPLAINT0003729,ACC0027316,BRW0007793,2026-03-11 01:58:01,HARASSMENT,MEDIUM,INVESTIGATING,CALL,2026-03-18 01:58:01
COMPLAINT0003730,ACC0024550,BRW0004170,2026-01-11 21:59:52,AGENT_BEHAVIOUR,HIGH,OPEN,WHATSAPP,2026-01-24 21:59:52
COMPLAINT0003731,ACC0009215,BRW0005427,2026-05-04 02:58:09,WRONG_CONTACT,CRITICAL,OPEN,SMS,2026-05-20 02:58:09
COMPLAINT0003732,ACC0013268,BRW0004228,2026-04-03 01:33:10,WRONG_CONTACT,LOW,RESOLVED,CALL,2026-04-12 01:33:10
COMPLAINT0003733,ACC0020589,BRW0004742,2026-01-12 22:37:15,WRONG_CONTACT,CRITICAL,RESOLVED,FIELD,2026-01-27 22:37:15
COMPLAINT0003734,ACC0025044,BRW0004263,2026-05-19 21:31:36,DND,LOW,RESOLVED,FIELD,2026-05-26 21:31:36
COMPLAINT0003735,ACC0009437,BRW0011843,2026-05-16 13:20:37,PAYMENT,CRITICAL,CLOSED,CALL,2026-06-04 13:20:37
COMPLAINT0003736,ACC0011230,BRW0011679,2026-02-24 19:04:35,DND,CRITICAL,RESOLVED,CALL,2026-03-02 19:04:35
COMPLAINT0003737,ACC0012935,BRW0002237,2026-08-02 09:49:10,HARASSMENT,CRITICAL,INVESTIGATING,WHATSAPP,2026-08-05 09:49:10
COMPLAINT0003738,ACC0013493,BRW0011254,2026-05-31 21:24:01,HARASSMENT,HIGH,CLOSED,WHATSAPP,2026-06-06 21:24:01
COMPLAINT0003739,ACC0008101,BRW0007110,2026-03-09 17:13:35,DISPUTE,LOW,INVESTIGATING,EMAIL,2026-03-14 17:13:35
COMPLAINT0003740,ACC0004115,BRW0011635,2026-04-12 17:17:30,DND,CRITICAL,CLOSED,CALL,2026-04-20 17:17:30
COMPLAINT0003741,ACC0015428,BRW0001907,2026-03-09 03:55:21,PRIVACY,HIGH,OPEN,CALL,2026-03-28 03:55:21
COMPLAINT0003742,ACC0013829,BRW0004868,2026-03-11 07:10:13,PAYMENT,CRITICAL,INVESTIGATING,EMAIL,2026-03-16 07:10:13
COMPLAINT0003743,ACC0004677,BRW0008112,2026-04-13 07:27:05,PAYMENT,HIGH,INVESTIGATING,CALL,2026-04-27 07:27:05
COMPLAINT0003744,ACC0025527,BRW0005127,2026-04-01 19:48:51,AGENT_BEHAVIOUR,LOW,CLOSED,WHATSAPP,2026-04-14 19:48:51
COMPLAINT0003745,ACC0003495,BRW0002259,2026-03-19 02:37:32,DND,MEDIUM,CLOSED,FIELD,2026-03-24 02:37:32
COMPLAINT0003746,ACC0002033,BRW0006954,2026-07-28 10:13:10,PRIVACY,CRITICAL,CLOSED,EMAIL,2026-08-03 10:13:10
COMPLAINT0003747,ACC0024739,BRW0009581,2026-08-07 03:26:07,DND,CRITICAL,INVESTIGATING,CALL,2026-08-14 03:26:07
COMPLAINT0003748,ACC0003325,BRW0007918,2026-01-22 09:48:44,WRONG_CONTACT,HIGH,CLOSED,CALL,2026-01-28 09:48:44
COMPLAINT0003749,ACC0022081,BRW0004499,2026-07-10 02:09:26,DND,MEDIUM,OPEN,SMS,2026-07-26 02:09:26
COMPLAINT0003750,ACC0028886,BRW0004191,2026-06-10 22:52:21,WRONG_CONTACT,MEDIUM,INVESTIGATING,CALL,2026-06-18 22:52:21
COMPLAINT0003751,ACC0028709,BRW0004247,2026-06-18 15:58:33,DND,LOW,INVESTIGATING,FIELD,2026-07-01 15:58:33
COMPLAINT0003752,ACC0001441,BRW0009042,2026-04-17 07:02:59,PAYMENT,LOW,INVESTIGATING,EMAIL,2026-04-26 07:02:59
COMPLAINT0003753,ACC0003792,BRW0004711,2026-06-18 09:48:43,WRONG_CONTACT,MEDIUM,OPEN,WHATSAPP,2026-06-25 09:48:43
COMPLAINT0003754,ACC0008857,BRW0010308,2026-06-22 11:39:49,PRIVACY,HIGH,OPEN,SMS,2026-06-29 11:39:49
COMPLAINT0003755,ACC0012733,BRW0008724,2026-08-05 06:39:07,DND,HIGH,OPEN,WHATSAPP,2026-08-23 06:39:07
COMPLAINT0003756,ACC0019150,BRW0000319,2026-06-26 16:18:34,PAYMENT,HIGH,OPEN,WHATSAPP,2026-07-06 16:18:34
COMPLAINT0003757,ACC0020202,BRW0010769,2026-02-18 16:55:45,PAYMENT,HIGH,RESOLVED,WHATSAPP,2026-02-21 16:55:45
COMPLAINT0003758,ACC0020617,BRW0007734,2026-04-13 19:21:16,DISPUTE,HIGH,CLOSED,WHATSAPP,2026-05-01 19:21:16
COMPLAINT0003759,ACC0012144,BRW0001421,2026-03-30 16:48:32,AGENT_BEHAVIOUR,MEDIUM,RESOLVED,WHATSAPP,2026-04-13 16:48:32
COMPLAINT0003760,ACC0015341,BRW0000391,2026-06-04 16:02:35,DISPUTE,CRITICAL,INVESTIGATING,CALL,2026-06-20 16:02:35
COMPLAINT0003761,ACC0022435,BRW0000842,2026-07-23 20:20:11,AGENT_BEHAVIOUR,CRITICAL,RESOLVED,FIELD,2026-08-05 20:20:11
COMPLAINT0003762,ACC0018908,BRW0001667,2026-06-02 21:17:12,HARASSMENT,LOW,OPEN,FIELD,2026-06-03 21:17:12
COMPLAINT0003763,ACC0009100,BRW0010377,2026-04-01 21:50:42,WRONG_CONTACT,CRITICAL,CLOSED,SMS,2026-04-14 21:50:42
COMPLAINT0003764,ACC0006779,BRW0000333,2026-03-02 10:50:20,PAYMENT,LOW,OPEN,FIELD,2026-03-04 10:50:20
COMPLAINT0003765,ACC0020361,BRW0003527,2026-07-25 13:28:01,WRONG_CONTACT,HIGH,RESOLVED,CALL,2026-07-31 13:28:01
COMPLAINT0003766,ACC0022023,BRW0007844,2026-02-21 11:45:41,PRIVACY,LOW,RESOLVED,FIELD,2026-03-11 11:45:41
COMPLAINT0003767,ACC0023618,BRW0001923,2026-04-13 17:29:06,PAYMENT,LOW,OPEN,SMS,2026-04-17 17:29:06
COMPLAINT0003768,ACC0006111,BRW0000646,2026-08-04 13:58:35,PRIVACY,HIGH,INVESTIGATING,WHATSAPP,2026-08-20 13:58:35
COMPLAINT0003769,ACC0012053,BRW0000530,2026-04-20 15:07:57,DND,CRITICAL,INVESTIGATING,FIELD,2026-04-21 15:07:57
COMPLAINT0003770,ACC0021778,BRW0005901,2026-02-09 07:54:07,PRIVACY,HIGH,INVESTIGATING,CALL,2026-02-25 07:54:07
COMPLAINT0003771,ACC0008192,BRW0011280,2026-01-18 02:38:18,WRONG_CONTACT,MEDIUM,OPEN,CALL,2026-02-05 02:38:18
COMPLAINT0003772,ACC0019662,BRW0011769,2026-02-17 19:36:08,DND,LOW,INVESTIGATING,WHATSAPP,2026-03-04 19:36:08
COMPLAINT0003773,ACC0027250,BRW0007360,2026-02-24 05:56:37,AGENT_BEHAVIOUR,HIGH,RESOLVED,SMS,2026-03-14 05:56:37
COMPLAINT0003774,ACC0016427,BRW0007891,2026-03-24 18:09:00,PAYMENT,LOW,RESOLVED,EMAIL,2026-03-27 18:09:00
COMPLAINT0003775,ACC0026380,BRW0003278,2026-03-30 23:49:12,WRONG_CONTACT,CRITICAL,OPEN,WHATSAPP,2026-04-16 23:49:12
COMPLAINT0003776,ACC0015779,BRW0009022,2026-06-13 00:06:55,PRIVACY,MEDIUM,OPEN,WHATSAPP,2026-06-14 00:06:55
COMPLAINT0003777,ACC0003217,BRW0007398,2026-01-25 08:56:06,HARASSMENT,HIGH,OPEN,EMAIL,2026-01-30 08:56:06
COMPLAINT0003778,ACC0003991,BRW0002701,2026-02-13 17:34:45,DISPUTE,MEDIUM,INVESTIGATING,SMS,2026-02-23 17:34:45
COMPLAINT0003779,ACC0027842,BRW0002612,2026-01-30 14:30:31,AGENT_BEHAVIOUR,LOW,INVESTIGATING,EMAIL,2026-02-18 14:30:31
COMPLAINT0003780,ACC0013871,BRW0002741,2026-03-04 11:31:26,PRIVACY,CRITICAL,RESOLVED,WHATSAPP,2026-03-16 11:31:26
COMPLAINT0003781,ACC0006647,BRW0006891,2026-03-21 11:05:27,DND,LOW,RESOLVED,SMS,2026-04-04 11:05:27
COMPLAINT0003782,ACC0013722,BRW0011674,2026-05-19 19:21:54,HARASSMENT,CRITICAL,OPEN,WHATSAPP,2026-05-25 19:21:54
COMPLAINT0003783,ACC0014225,BRW0005613,2026-02-02 00:41:08,PAYMENT,CRITICAL,OPEN,FIELD,2026-02-07 00:41:08
COMPLAINT0003784,ACC0011203,BRW0009074,2026-02-25 18:04:34,PAYMENT,LOW,RESOLVED,WHATSAPP,2026-03-10 18:04:34
COMPLAINT0003785,ACC0008754,BRW0005169,2026-07-07 09:04:20,AGENT_BEHAVIOUR,LOW,CLOSED,EMAIL,2026-07-25 09:04:20
COMPLAINT0003786,ACC0029789,BRW0004824,2026-01-01 14:04:49,PRIVACY,HIGH,OPEN,SMS,2026-01-05 14:04:49
COMPLAINT0003787,ACC0020705,BRW0002726,2026-01-28 04:23:12,PRIVACY,CRITICAL,OPEN,SMS,2026-01-29 04:23:12
COMPLAINT0003788,ACC0000348,BRW0000246,2026-01-04 08:26:41,DND,CRITICAL,RESOLVED,WHATSAPP,2026-01-21 08:26:41
COMPLAINT0003789,ACC0011807,BRW0011759,2026-05-10 02:58:25,DND,MEDIUM,INVESTIGATING,SMS,2026-05-24 02:58:25
COMPLAINT0003790,ACC0015723,BRW0010630,2026-03-30 15:07:26,WRONG_CONTACT,MEDIUM,OPEN,WHATSAPP,2026-04-04 15:07:26
COMPLAINT0003791,ACC0013320,BRW0008761,2026-05-08 12:41:05,DISPUTE,LOW,CLOSED,CALL,2026-05-16 12:41:05
COMPLAINT0003792,ACC0011904,BRW0009332,2026-05-14 14:51:22,HARASSMENT,MEDIUM,RESOLVED,SMS,2026-06-02 14:51:22
COMPLAINT0003793,ACC0015577,BRW0000240,2026-03-22 15:24:29,PRIVACY,MEDIUM,CLOSED,CALL,2026-04-10 15:24:29
COMPLAINT0003794,ACC0023802,BRW0002722,2026-04-11 23:09:47,PRIVACY,MEDIUM,CLOSED,SMS,2026-04-19 23:09:47
COMPLAINT0003795,ACC0016695,BRW0008043,2026-06-06 00:55:41,HARASSMENT,CRITICAL,RESOLVED,CALL,2026-06-15 00:55:41
COMPLAINT0003796,ACC0003171,BRW0006765,2026-04-24 13:03:16,HARASSMENT,CRITICAL,CLOSED,WHATSAPP,2026-05-08 13:03:16
COMPLAINT0003797,ACC0001664,BRW0001103,2026-03-09 20:40:15,HARASSMENT,CRITICAL,OPEN,FIELD,2026-03-24 20:40:15
COMPLAINT0003798,ACC0000062,BRW0011451,2026-07-12 15:53:53,PRIVACY,LOW,OPEN,EMAIL,2026-07-19 15:53:53
COMPLAINT0003799,ACC0011687,BRW0001369,2026-01-28 02:28:37,AGENT_BEHAVIOUR,HIGH,INVESTIGATING,EMAIL,2026-02-07 02:28:37
COMPLAINT0003800,ACC0016170,BRW0007889,2026-06-22 07:33:37,AGENT_BEHAVIOUR,CRITICAL,RESOLVED,EMAIL,2026-07-04 07:33:37
COMPLAINT0003801,ACC0004451,BRW0004970,2026-06-15 07:58:09,PRIVACY,CRITICAL,CLOSED,FIELD,2026-06-22 07:58:09
COMPLAINT0003802,ACC0025077,BRW0001538,2026-02-07 22:08:35,PAYMENT,HIGH,OPEN,WHATSAPP,2026-02-17 22:08:35
COMPLAINT0003803,ACC0008086,BRW0003761,2026-03-18 04:12:26,WRONG_CONTACT,LOW,INVESTIGATING,WHATSAPP,2026-03-25 04:12:26
COMPLAINT0003804,ACC0025411,BRW0008275,2026-02-07 09:06:13,DND,MEDIUM,INVESTIGATING,SMS,2026-02-12 09:06:13
COMPLAINT0003805,ACC0012984,BRW0004153,2026-04-01 06:07:23,DISPUTE,CRITICAL,CLOSED,CALL,2026-04-13 06:07:23
COMPLAINT0003806,ACC0000239,BRW0010760,2026-06-18 20:13:27,PRIVACY,LOW,CLOSED,FIELD,2026-06-21 20:13:27
COMPLAINT0003807,ACC0024300,BRW0008408,2026-04-11 05:33:45,HARASSMENT,MEDIUM,OPEN,WHATSAPP,2026-04-16 05:33:45
COMPLAINT0003808,ACC0007257,BRW0008516,2026-05-02 19:16:02,AGENT_BEHAVIOUR,LOW,INVESTIGATING,EMAIL,2026-05-16 19:16:02
COMPLAINT0003809,ACC0022938,BRW0002079,2026-03-30 22:47:33,PRIVACY,HIGH,CLOSED,SMS,2026-04-02 22:47:33
COMPLAINT0003810,ACC0000710,BRW0011063,2026-07-21 14:30:47,DISPUTE,CRITICAL,CLOSED,EMAIL,2026-07-23 14:30:47
COMPLAINT0003811,ACC0029806,BRW0009495,2026-03-06 14:51:18,PRIVACY,LOW,INVESTIGATING,SMS,2026-03-11 14:51:18
COMPLAINT0003812,ACC0029704,BRW0002286,2026-05-31 05:19:14,DISPUTE,LOW,OPEN,WHATSAPP,2026-06-03 05:19:14
COMPLAINT0003813,ACC0023794,BRW0001802,2026-03-16 16:14:24,WRONG_CONTACT,CRITICAL,RESOLVED,SMS,2026-03-18 16:14:24
COMPLAINT0003814,ACC0023116,BRW0000604,2026-01-31 02:36:40,DND,LOW,RESOLVED,FIELD,2026-02-10 02:36:40
COMPLAINT0003815,ACC0022103,BRW0003498,2026-05-02 07:43:12,DND,LOW,RESOLVED,FIELD,2026-05-04 07:43:12
COMPLAINT0003816,ACC0008662,BRW0006828,2026-04-23 19:12:29,HARASSMENT,MEDIUM,RESOLVED,SMS,2026-05-09 19:12:29
COMPLAINT0003817,ACC0023988,BRW0007637,2026-07-04 00:04:13,DISPUTE,HIGH,OPEN,CALL,2026-07-11 00:04:13
COMPLAINT0003818,ACC0009468,BRW0009765,2026-02-16 07:59:12,PAYMENT,LOW,CLOSED,WHATSAPP,2026-02-19 07:59:12
COMPLAINT0003819,ACC0006697,BRW0008520,2026-06-16 13:15:06,DND,CRITICAL,INVESTIGATING,SMS,2026-07-01 13:15:06
COMPLAINT0003820,ACC0018299,BRW0010133,2026-06-14 18:41:43,DND,LOW,CLOSED,EMAIL,2026-06-18 18:41:43
COMPLAINT0003821,ACC0010125,BRW0011219,2026-03-20 05:07:26,DND,HIGH,RESOLVED,EMAIL,2026-03-24 05:07:26
COMPLAINT0003822,ACC0009532,BRW0007029,2026-07-12 15:44:39,AGENT_BEHAVIOUR,MEDIUM,CLOSED,CALL,2026-07-13 15:44:39
COMPLAINT0003823,ACC0027502,BRW0003082,2026-07-22 23:08:41,DND,CRITICAL,OPEN,SMS,2026-08-08 23:08:41
COMPLAINT0003824,ACC0002156,BRW0009693,2026-07-26 14:24:42,HARASSMENT,HIGH,INVESTIGATING,SMS,2026-08-13 14:24:42
COMPLAINT0003825,ACC0011622,BRW0007070,2026-04-11 06:26:58,AGENT_BEHAVIOUR,LOW,OPEN,EMAIL,2026-04-19 06:26:58
COMPLAINT0003826,ACC0007517,BRW0006152,2026-05-14 19:09:40,DISPUTE,LOW,CLOSED,CALL,2026-06-01 19:09:40
COMPLAINT0003827,ACC0015284,BRW0000209,2026-06-24 16:11:16,PRIVACY,LOW,INVESTIGATING,WHATSAPP,2026-06-29 16:11:16
COMPLAINT0003828,ACC0007706,BRW0004616,2026-01-28 13:13:59,PRIVACY,LOW,RESOLVED,WHATSAPP,2026-02-02 13:13:59
COMPLAINT0003829,ACC0022859,BRW0003617,2026-07-06 11:48:47,AGENT_BEHAVIOUR,LOW,OPEN,CALL,2026-07-22 11:48:47
COMPLAINT0003830,ACC0026898,BRW0008243,2026-04-29 13:20:38,HARASSMENT,LOW,CLOSED,FIELD,2026-05-07 13:20:38
COMPLAINT0003831,ACC0013484,BRW0003147,2026-04-14 00:28:16,AGENT_BEHAVIOUR,LOW,INVESTIGATING,SMS,2026-05-02 00:28:16
COMPLAINT0003832,ACC0019102,BRW0009717,2026-02-23 12:34:46,WRONG_CONTACT,HIGH,OPEN,WHATSAPP,2026-03-07 12:34:46
COMPLAINT0003833,ACC0012589,BRW0007184,2026-01-09 06:44:59,AGENT_BEHAVIOUR,HIGH,INVESTIGATING,CALL,2026-01-13 06:44:59
COMPLAINT0003834,ACC0006471,BRW0008418,2026-08-01 04:55:15,AGENT_BEHAVIOUR,CRITICAL,CLOSED,CALL,2026-08-18 04:55:15
COMPLAINT0003835,ACC0013589,BRW0010753,2026-07-24 13:29:45,HARASSMENT,MEDIUM,CLOSED,SMS,2026-08-07 13:29:45
COMPLAINT0003836,ACC0023235,BRW0005475,2026-04-14 13:07:24,PAYMENT,MEDIUM,INVESTIGATING,CALL,2026-04-21 13:07:24
COMPLAINT0003837,ACC0022125,BRW0002538,2026-07-17 14:55:41,HARASSMENT,LOW,INVESTIGATING,SMS,2026-07-25 14:55:41
COMPLAINT0003838,ACC0005721,BRW0007163,2026-05-18 09:32:14,AGENT_BEHAVIOUR,MEDIUM,OPEN,EMAIL,2026-05-24 09:32:14
COMPLAINT0003839,ACC0005119,BRW0001315,2026-02-26 17:58:28,DISPUTE,MEDIUM,CLOSED,EMAIL,2026-03-04 17:58:28
COMPLAINT0003840,ACC0021931,BRW0002827,2026-02-22 11:07:36,DND,CRITICAL,OPEN,WHATSAPP,2026-03-07 11:07:36
COMPLAINT0003841,ACC0026462,BRW0002760,2026-05-02 14:05:18,DND,MEDIUM,OPEN,WHATSAPP,2026-05-13 14:05:18
COMPLAINT0003842,ACC0024944,BRW0006357,2026-04-07 13:00:36,WRONG_CONTACT,LOW,OPEN,SMS,2026-04-10 13:00:36
COMPLAINT0003843,ACC0013492,BRW0009235,2026-01-19 15:36:35,HARASSMENT,MEDIUM,CLOSED,FIELD,2026-01-30 15:36:35
COMPLAINT0003844,ACC0012522,BRW0002879,2026-03-04 13:14:27,PRIVACY,MEDIUM,OPEN,FIELD,2026-03-17 13:14:27
COMPLAINT0003845,ACC0025930,BRW0004879,2026-06-19 05:58:56,AGENT_BEHAVIOUR,CRITICAL,INVESTIGATING,EMAIL,2026-07-08 05:58:56
COMPLAINT0003846,ACC0019017,BRW0011499,2026-04-20 07:23:38,DND,LOW,RESOLVED,SMS,2026-05-07 07:23:38
COMPLAINT0003847,ACC0002036,BRW0001616,2026-07-19 18:12:21,AGENT_BEHAVIOUR,MEDIUM,INVESTIGATING,WHATSAPP,2026-08-01 18:12:21
COMPLAINT0003848,ACC0012683,BRW0008345,2026-04-09 08:56:35,DISPUTE,LOW,OPEN,WHATSAPP,2026-04-17 08:56:35
COMPLAINT0003849,ACC0027722,BRW0011797,2026-04-07 20:56:10,PAYMENT,CRITICAL,INVESTIGATING,SMS,2026-04-15 20:56:10
COMPLAINT0003850,ACC0013381,BRW0001015,2026-06-10 22:19:42,PAYMENT,LOW,CLOSED,SMS,2026-06-27 22:19:42
COMPLAINT0003851,ACC0014803,BRW0000738,2026-04-14 23:56:07,AGENT_BEHAVIOUR,HIGH,CLOSED,EMAIL,2026-04-19 23:56:07
COMPLAINT0003852,ACC0027021,BRW0008420,2026-03-26 09:44:52,PAYMENT,HIGH,INVESTIGATING,EMAIL,2026-04-11 09:44:52
COMPLAINT0003853,ACC0011100,BRW0003801,2026-06-25 23:34:36,HARASSMENT,CRITICAL,OPEN,FIELD,2026-07-06 23:34:36
COMPLAINT0003854,ACC0028368,BRW0007091,2026-04-13 07:21:16,HARASSMENT,LOW,OPEN,WHATSAPP,2026-04-15 07:21:16
COMPLAINT0003855,ACC0006506,BRW0010860,2026-05-17 20:59:33,DISPUTE,LOW,RESOLVED,WHATSAPP,2026-06-04 20:59:33
COMPLAINT0003856,ACC0024862,BRW0003009,2026-07-29 17:46:46,PAYMENT,MEDIUM,CLOSED,WHATSAPP,2026-08-09 17:46:46
COMPLAINT0003857,ACC0023591,BRW0007659,2026-03-08 06:46:53,HARASSMENT,CRITICAL,OPEN,SMS,2026-03-16 06:46:53
COMPLAINT0003858,ACC0026765,BRW0003644,2026-05-25 03:27:42,PRIVACY,HIGH,CLOSED,EMAIL,2026-06-04 03:27:42
COMPLAINT0003859,ACC0016644,BRW0006829,2026-03-09 06:23:15,PAYMENT,HIGH,INVESTIGATING,FIELD,2026-03-24 06:23:15
COMPLAINT0003860,ACC0003870,BRW0010569,2026-07-02 16:00:45,AGENT_BEHAVIOUR,CRITICAL,OPEN,SMS,2026-07-06 16:00:45
COMPLAINT0003861,ACC0015950,BRW0005550,2026-03-02 00:44:56,PRIVACY,HIGH,OPEN,WHATSAPP,2026-03-09 00:44:56
COMPLAINT0003862,ACC0019801,BRW0010541,2026-03-10 09:41:19,DISPUTE,HIGH,RESOLVED,CALL,2026-03-20 09:41:19
COMPLAINT0003863,ACC0018981,BRW0008414,2026-05-30 17:57:06,PAYMENT,HIGH,OPEN,CALL,2026-06-15 17:57:06
COMPLAINT0003864,ACC0020239,BRW0007166,2026-07-14 18:54:09,PRIVACY,CRITICAL,INVESTIGATING,SMS,2026-07-22 18:54:09
COMPLAINT0003865,ACC0010360,BRW0010184,2026-02-07 20:31:26,DND,LOW,INVESTIGATING,WHATSAPP,2026-02-19 20:31:26
COMPLAINT0003866,ACC0005103,BRW0002343,2026-04-07 01:29:18,AGENT_BEHAVIOUR,HIGH,OPEN,EMAIL,2026-04-08 01:29:18
COMPLAINT0003867,ACC0008255,BRW0002846,2026-01-10 11:27:37,HARASSMENT,MEDIUM,INVESTIGATING,FIELD,2026-01-29 11:27:37
COMPLAINT0003868,ACC0027205,BRW0007015,2026-06-28 04:53:42,AGENT_BEHAVIOUR,CRITICAL,CLOSED,FIELD,2026-07-08 04:53:42
COMPLAINT0003869,ACC0015713,BRW0004904,2026-03-29 22:29:48,DND,HIGH,CLOSED,WHATSAPP,2026-03-30 22:29:48
COMPLAINT0003870,ACC0013004,BRW0005538,2026-08-05 08:16:49,PRIVACY,LOW,OPEN,CALL,2026-08-12 08:16:49
COMPLAINT0003871,ACC0001813,BRW0001392,2026-06-18 23:21:42,HARASSMENT,CRITICAL,CLOSED,FIELD,2026-07-02 23:21:42
COMPLAINT0003872,ACC0018387,BRW0006366,2026-04-28 07:06:37,AGENT_BEHAVIOUR,LOW,OPEN,EMAIL,2026-05-09 07:06:37
COMPLAINT0003873,ACC0021509,BRW0010784,2026-06-29 05:07:54,PRIVACY,CRITICAL,OPEN,CALL,2026-07-18 05:07:54
COMPLAINT0003874,ACC0009687,BRW0005827,2026-01-30 02:46:16,DND,HIGH,RESOLVED,WHATSAPP,2026-02-16 02:46:16
COMPLAINT0003875,ACC0023202,BRW0009773,2026-05-02 16:16:55,PAYMENT,CRITICAL,CLOSED,EMAIL,2026-05-11 16:16:55
COMPLAINT0003876,ACC0016896,BRW0011424,2026-04-01 21:17:14,DND,LOW,OPEN,WHATSAPP,2026-04-13 21:17:14
COMPLAINT0003877,ACC0006794,BRW0005965,2026-07-22 20:35:51,AGENT_BEHAVIOUR,LOW,CLOSED,CALL,2026-08-07 20:35:51
COMPLAINT0003878,ACC0002401,BRW0004880,2026-05-30 11:12:21,PAYMENT,MEDIUM,INVESTIGATING,CALL,2026-06-03 11:12:21
COMPLAINT0003879,ACC0009595,BRW0007267,2026-06-18 10:23:16,HARASSMENT,MEDIUM,OPEN,EMAIL,2026-07-03 10:23:16
COMPLAINT0003880,ACC0017735,BRW0002436,2026-03-18 01:27:06,WRONG_CONTACT,MEDIUM,OPEN,SMS,2026-03-30 01:27:06
COMPLAINT0003881,ACC0013701,BRW0001374,2026-04-15 02:05:31,PRIVACY,MEDIUM,CLOSED,FIELD,2026-05-03 02:05:31
COMPLAINT0003882,ACC0011566,BRW0004994,2026-02-14 17:51:34,DISPUTE,LOW,CLOSED,FIELD,2026-02-24 17:51:34
COMPLAINT0003883,ACC0016126,BRW0002667,2026-01-27 16:25:12,PRIVACY,MEDIUM,CLOSED,EMAIL,2026-01-31 16:25:12
COMPLAINT0003884,ACC0020054,BRW0004573,2026-05-02 08:16:05,HARASSMENT,MEDIUM,CLOSED,CALL,2026-05-04 08:16:05
COMPLAINT0003885,ACC0021139,BRW0001328,2026-01-19 11:16:23,PAYMENT,CRITICAL,RESOLVED,EMAIL,2026-02-06 11:16:23
COMPLAINT0003886,ACC0012553,BRW0001739,2026-04-30 19:01:23,DND,HIGH,INVESTIGATING,EMAIL,2026-05-16 19:01:23
COMPLAINT0003887,ACC0019269,BRW0011034,2026-07-24 19:19:16,PAYMENT,HIGH,RESOLVED,FIELD,2026-07-29 19:19:16
COMPLAINT0003888,ACC0026876,BRW0009670,2026-08-05 05:59:07,AGENT_BEHAVIOUR,LOW,CLOSED,WHATSAPP,2026-08-19 05:59:07
COMPLAINT0003889,ACC0022165,BRW0001445,2026-07-10 08:51:32,HARASSMENT,MEDIUM,OPEN,SMS,2026-07-12 08:51:32
COMPLAINT0003890,ACC0010662,BRW0001321,2026-02-27 12:28:08,DISPUTE,MEDIUM,CLOSED,CALL,2026-03-06 12:28:08
COMPLAINT0003891,ACC0024087,BRW0003132,2026-08-01 21:25:44,WRONG_CONTACT,MEDIUM,OPEN,FIELD,2026-08-06 21:25:44
COMPLAINT0003892,ACC0003435,BRW0010388,2026-02-22 11:30:17,AGENT_BEHAVIOUR,MEDIUM,OPEN,FIELD,2026-02-23 11:30:17
COMPLAINT0003893,ACC0018845,BRW0010173,2026-04-24 02:02:18,HARASSMENT,HIGH,INVESTIGATING,CALL,2026-04-30 02:02:18
COMPLAINT0003894,ACC0003131,BRW0011303,2026-04-30 06:11:18,AGENT_BEHAVIOUR,HIGH,RESOLVED,CALL,2026-05-13 06:11:18
COMPLAINT0003895,ACC0016539,BRW0002396,2026-01-07 15:56:32,WRONG_CONTACT,MEDIUM,CLOSED,SMS,2026-01-22 15:56:32
COMPLAINT0003896,ACC0009074,BRW0007805,2026-04-29 17:13:15,AGENT_BEHAVIOUR,HIGH,INVESTIGATING,SMS,2026-05-03 17:13:15
COMPLAINT0003897,ACC0004715,BRW0011002,2026-07-11 07:23:23,WRONG_CONTACT,CRITICAL,OPEN,SMS,2026-07-30 07:23:23
COMPLAINT0003898,ACC0025099,BRW0004285,2026-03-11 00:04:29,HARASSMENT,CRITICAL,OPEN,EMAIL,2026-03-25 00:04:29
COMPLAINT0003899,ACC0024296,BRW0009051,2026-02-24 04:49:39,PRIVACY,LOW,INVESTIGATING,SMS,2026-03-11 04:49:39
COMPLAINT0003900,ACC0025517,BRW0005229,2026-06-08 08:13:02,AGENT_BEHAVIOUR,HIGH,INVESTIGATING,EMAIL,2026-06-12 08:13:02
COMPLAINT0003901,ACC0014024,BRW0001469,2026-05-06 04:18:48,DND,CRITICAL,RESOLVED,EMAIL,2026-05-23 04:18:48
COMPLAINT0003902,ACC0015680,BRW0004994,2026-07-06 12:44:00,PAYMENT,LOW,RESOLVED,FIELD,2026-07-22 12:44:00
COMPLAINT0003903,ACC0025958,BRW0001645,2026-08-05 10:52:45,WRONG_CONTACT,LOW,OPEN,EMAIL,2026-08-20 10:52:45
COMPLAINT0003904,ACC0015441,BRW0001220,2026-06-21 14:32:11,WRONG_CONTACT,MEDIUM,INVESTIGATING,CALL,2026-07-02 14:32:11
COMPLAINT0003905,ACC0015217,BRW0006766,2026-07-31 09:47:38,DND,LOW,CLOSED,SMS,2026-08-02 09:47:38
COMPLAINT0003906,ACC0025392,BRW0011196,2026-05-28 20:21:49,HARASSMENT,HIGH,INVESTIGATING,EMAIL,2026-06-09 20:21:49
COMPLAINT0003907,ACC0007547,BRW0005836,2026-05-30 18:46:27,PRIVACY,MEDIUM,INVESTIGATING,EMAIL,2026-06-13 18:46:27
COMPLAINT0003908,ACC0003245,BRW0010104,2026-01-24 00:39:13,HARASSMENT,MEDIUM,INVESTIGATING,SMS,2026-02-02 00:39:13
COMPLAINT0003909,ACC0018841,BRW0009228,2026-01-26 06:39:28,AGENT_BEHAVIOUR,CRITICAL,OPEN,WHATSAPP,2026-01-29 06:39:28
COMPLAINT0003910,ACC0020570,BRW0004267,2026-06-17 06:24:26,HARASSMENT,MEDIUM,RESOLVED,CALL,2026-06-26 06:24:26
COMPLAINT0003911,ACC0015408,BRW0006066,2026-04-03 03:53:35,DND,MEDIUM,RESOLVED,SMS,2026-04-14 03:53:35
COMPLAINT0003912,ACC0015817,BRW0000368,2026-04-18 20:34:08,DND,MEDIUM,OPEN,WHATSAPP,2026-05-05 20:34:08
COMPLAINT0003913,ACC0008467,BRW0003586,2026-08-02 13:45:43,WRONG_CONTACT,CRITICAL,RESOLVED,EMAIL,2026-08-13 13:45:43
COMPLAINT0003914,ACC0029573,BRW0005072,2026-03-30 01:45:02,DND,CRITICAL,INVESTIGATING,SMS,2026-04-15 01:45:02
COMPLAINT0003915,ACC0008192,BRW0006197,2026-08-04 18:17:30,DND,CRITICAL,RESOLVED,CALL,2026-08-09 18:17:30
COMPLAINT0003916,ACC0004458,BRW0011237,2026-05-23 04:36:13,AGENT_BEHAVIOUR,HIGH,OPEN,EMAIL,2026-05-24 04:36:13
COMPLAINT0003917,ACC0014167,BRW0011296,2026-05-30 15:52:12,PRIVACY,CRITICAL,OPEN,EMAIL,2026-06-10 15:52:12
COMPLAINT0003918,ACC0019965,BRW0002746,2026-07-06 23:30:57,AGENT_BEHAVIOUR,MEDIUM,OPEN,SMS,2026-07-07 23:30:57
COMPLAINT0003919,ACC0014866,BRW0009640,2026-07-20 18:30:12,AGENT_BEHAVIOUR,MEDIUM,RESOLVED,SMS,2026-07-24 18:30:12
COMPLAINT0003920,ACC0004610,BRW0000020,2026-03-13 03:16:06,DND,MEDIUM,RESOLVED,EMAIL,2026-03-16 03:16:06
COMPLAINT0003921,ACC0023168,BRW0001480,2026-07-08 03:04:09,AGENT_BEHAVIOUR,MEDIUM,CLOSED,FIELD,2026-07-10 03:04:09
COMPLAINT0003922,ACC0025652,BRW0011305,2026-06-20 14:26:31,HARASSMENT,HIGH,INVESTIGATING,SMS,2026-07-07 14:26:31
COMPLAINT0003923,ACC0024151,BRW0011501,2026-08-06 19:23:54,HARASSMENT,HIGH,RESOLVED,CALL,2026-08-14 19:23:54
COMPLAINT0003924,ACC0020096,BRW0000261,2026-01-31 22:26:08,DISPUTE,CRITICAL,RESOLVED,SMS,2026-02-05 22:26:08
COMPLAINT0003925,ACC0023655,BRW0004487,2026-02-08 12:10:33,DND,MEDIUM,CLOSED,WHATSAPP,2026-02-18 12:10:33
COMPLAINT0003926,ACC0020558,BRW0002005,2026-05-11 14:28:50,PRIVACY,CRITICAL,RESOLVED,CALL,2026-05-24 14:28:50
COMPLAINT0003927,ACC0013814,BRW0008417,2026-03-07 00:02:17,PRIVACY,HIGH,RESOLVED,FIELD,2026-03-16 00:02:17
COMPLAINT0003928,ACC0019504,BRW0004218,2026-06-26 17:19:15,PAYMENT,MEDIUM,OPEN,WHATSAPP,2026-07-12 17:19:15
COMPLAINT0003929,ACC0016446,BRW0007779,2026-03-08 21:37:46,HARASSMENT,MEDIUM,RESOLVED,FIELD,2026-03-27 21:37:46
COMPLAINT0003930,ACC0027137,BRW0010957,2026-03-23 17:59:03,AGENT_BEHAVIOUR,CRITICAL,RESOLVED,SMS,2026-04-02 17:59:03
COMPLAINT0003931,ACC0004421,BRW0003465,2026-02-25 07:00:04,PRIVACY,CRITICAL,CLOSED,WHATSAPP,2026-03-06 07:00:04
COMPLAINT0003932,ACC0021550,BRW0001203,2026-03-16 21:44:02,AGENT_BEHAVIOUR,HIGH,OPEN,SMS,2026-04-04 21:44:02
COMPLAINT0003933,ACC0000434,BRW0007847,2026-02-24 08:23:35,PAYMENT,HIGH,INVESTIGATING,SMS,2026-03-08 08:23:35
COMPLAINT0003934,ACC0018880,BRW0000223,2026-04-04 15:15:16,WRONG_CONTACT,HIGH,RESOLVED,SMS,2026-04-17 15:15:16
COMPLAINT0003935,ACC0027677,BRW0001195,2026-03-09 11:52:18,DND,MEDIUM,OPEN,CALL,2026-03-16 11:52:18
COMPLAINT0003936,ACC0000305,BRW0008991,2026-02-19 03:52:18,AGENT_BEHAVIOUR,MEDIUM,CLOSED,WHATSAPP,2026-02-24 03:52:18
COMPLAINT0003937,ACC0025052,BRW0005992,2026-02-04 21:27:35,PRIVACY,HIGH,INVESTIGATING,WHATSAPP,2026-02-23 21:27:35
COMPLAINT0003938,ACC0022898,BRW0008356,2026-03-11 15:24:49,WRONG_CONTACT,MEDIUM,CLOSED,SMS,2026-03-30 15:24:49
COMPLAINT0003939,ACC0003858,BRW0011441,2026-02-07 01:22:01,DISPUTE,LOW,RESOLVED,SMS,2026-02-21 01:22:01
COMPLAINT0003940,ACC0019096,BRW0005591,2026-05-01 03:51:19,HARASSMENT,HIGH,CLOSED,SMS,2026-05-11 03:51:19
COMPLAINT0003941,ACC0004503,BRW0010918,2026-02-25 17:49:22,PRIVACY,LOW,OPEN,FIELD,2026-02-28 17:49:22
COMPLAINT0003942,ACC0018868,BRW0000271,2026-03-21 00:56:31,AGENT_BEHAVIOUR,CRITICAL,INVESTIGATING,FIELD,2026-04-04 00:56:31
COMPLAINT0003943,ACC0025550,BRW0000831,2026-04-20 19:54:09,WRONG_CONTACT,LOW,INVESTIGATING,WHATSAPP,2026-04-29 19:54:09
COMPLAINT0003944,ACC0005479,BRW0000693,2026-07-13 18:10:18,DISPUTE,MEDIUM,OPEN,EMAIL,2026-07-15 18:10:18
COMPLAINT0003945,ACC0022801,BRW0006857,2026-07-21 09:56:57,PRIVACY,LOW,OPEN,SMS,2026-07-26 09:56:57
COMPLAINT0003946,ACC0015366,BRW0007118,2026-03-19 08:14:49,PRIVACY,CRITICAL,INVESTIGATING,SMS,2026-03-29 08:14:49
COMPLAINT0003947,ACC0017526,BRW0004095,2026-01-23 08:34:45,HARASSMENT,MEDIUM,INVESTIGATING,FIELD,2026-01-24 08:34:45
COMPLAINT0003948,ACC0008594,BRW0002912,2026-06-06 14:24:47,AGENT_BEHAVIOUR,MEDIUM,INVESTIGATING,FIELD,2026-06-11 14:24:47
COMPLAINT0003949,ACC0006079,BRW0001735,2026-03-11 22:05:14,PAYMENT,HIGH,CLOSED,WHATSAPP,2026-03-29 22:05:14
COMPLAINT0003950,ACC0013562,BRW0006348,2026-06-08 23:04:47,WRONG_CONTACT,LOW,INVESTIGATING,SMS,2026-06-13 23:04:47
COMPLAINT0003951,ACC0024153,BRW0002659,2026-06-10 14:01:54,HARASSMENT,MEDIUM,OPEN,SMS,2026-06-14 14:01:54
COMPLAINT0003952,ACC0008498,BRW0000274,2026-03-11 15:30:44,DND,MEDIUM,INVESTIGATING,CALL,2026-03-28 15:30:44
COMPLAINT0003953,ACC0022889,BRW0005587,2026-01-16 00:29:39,DISPUTE,HIGH,RESOLVED,WHATSAPP,2026-01-21 00:29:39
COMPLAINT0003954,ACC0028577,BRW0002233,2026-04-13 08:31:26,DISPUTE,CRITICAL,INVESTIGATING,EMAIL,2026-04-15 08:31:26
COMPLAINT0003955,ACC0010394,BRW0006440,2026-03-17 10:07:01,HARASSMENT,HIGH,CLOSED,WHATSAPP,2026-03-26 10:07:01
COMPLAINT0003956,ACC0012177,BRW0003439,2026-04-17 13:50:28,WRONG_CONTACT,CRITICAL,OPEN,FIELD,2026-04-24 13:50:28
COMPLAINT0003957,ACC0019305,BRW0011473,2026-02-18 12:50:59,PRIVACY,LOW,RESOLVED,WHATSAPP,2026-02-23 12:50:59
COMPLAINT0003958,ACC0001237,BRW0002882,2026-03-07 08:16:40,PAYMENT,MEDIUM,OPEN,WHATSAPP,2026-03-10 08:16:40
COMPLAINT0003959,ACC0024060,BRW0002873,2026-04-03 02:24:36,HARASSMENT,MEDIUM,INVESTIGATING,WHATSAPP,2026-04-07 02:24:36
COMPLAINT0003960,ACC0003796,BRW0006157,2026-03-26 11:38:06,PAYMENT,LOW,OPEN,SMS,2026-03-28 11:38:06
COMPLAINT0003961,ACC0025273,BRW0011094,2026-05-27 19:41:49,DISPUTE,LOW,CLOSED,EMAIL,2026-06-10 19:41:49
COMPLAINT0003962,ACC0004356,BRW0007380,2026-02-16 20:05:48,WRONG_CONTACT,MEDIUM,INVESTIGATING,EMAIL,2026-02-22 20:05:48
COMPLAINT0003963,ACC0021263,BRW0001338,2026-04-19 17:50:07,WRONG_CONTACT,CRITICAL,CLOSED,CALL,2026-05-01 17:50:07
COMPLAINT0003964,ACC0006366,BRW0006683,2026-03-02 00:17:02,DISPUTE,LOW,OPEN,WHATSAPP,2026-03-03 00:17:02
COMPLAINT0003965,ACC0002720,BRW0005411,2026-06-11 01:46:53,WRONG_CONTACT,HIGH,RESOLVED,SMS,2026-06-17 01:46:53
COMPLAINT0003966,ACC0018382,BRW0006917,2026-02-25 04:49:43,AGENT_BEHAVIOUR,HIGH,OPEN,EMAIL,2026-03-06 04:49:43
COMPLAINT0003967,ACC0019556,BRW0004471,2026-06-17 00:25:40,PAYMENT,LOW,CLOSED,FIELD,2026-07-04 00:25:40
COMPLAINT0003968,ACC0025454,BRW0001992,2026-06-30 15:34:31,WRONG_CONTACT,MEDIUM,RESOLVED,EMAIL,2026-07-03 15:34:31
COMPLAINT0003969,ACC0011214,BRW0009944,2026-08-02 13:45:05,PRIVACY,LOW,RESOLVED,CALL,2026-08-08 13:45:05
COMPLAINT0003970,ACC0014515,BRW0004012,2026-05-18 17:46:52,AGENT_BEHAVIOUR,HIGH,OPEN,CALL,2026-05-30 17:46:52
COMPLAINT0003971,ACC0016249,BRW0001321,2026-01-30 04:56:14,PAYMENT,MEDIUM,RESOLVED,SMS,2026-02-07 04:56:14
COMPLAINT0003972,ACC0025942,BRW0007679,2026-02-01 17:48:28,PAYMENT,HIGH,OPEN,FIELD,2026-02-02 17:48:28
COMPLAINT0003973,ACC0014267,BRW0001361,2026-06-12 08:50:04,PRIVACY,MEDIUM,OPEN,EMAIL,2026-07-01 08:50:04
COMPLAINT0003974,ACC0012584,BRW0004564,2026-03-04 06:03:54,HARASSMENT,CRITICAL,INVESTIGATING,WHATSAPP,2026-03-16 06:03:54
COMPLAINT0003975,ACC0002891,BRW0006842,2026-04-06 12:44:49,DISPUTE,LOW,INVESTIGATING,WHATSAPP,2026-04-07 12:44:49
COMPLAINT0003976,ACC0017255,BRW0008565,2026-02-02 18:01:35,DISPUTE,HIGH,INVESTIGATING,CALL,2026-02-14 18:01:35
COMPLAINT0003977,ACC0027411,BRW0009489,2026-04-14 15:30:32,PAYMENT,MEDIUM,RESOLVED,WHATSAPP,2026-04-30 15:30:32
COMPLAINT0003978,ACC0009141,BRW0003480,2026-03-23 00:07:19,HARASSMENT,LOW,INVESTIGATING,SMS,2026-03-26 00:07:19
COMPLAINT0003979,ACC0023708,BRW0006964,2026-06-05 09:46:05,PAYMENT,LOW,INVESTIGATING,SMS,2026-06-09 09:46:05
COMPLAINT0003980,ACC0017943,BRW0010147,2026-06-07 22:35:38,PRIVACY,HIGH,INVESTIGATING,WHATSAPP,2026-06-14 22:35:38
COMPLAINT0003981,ACC0018222,BRW0000597,2026-02-04 03:52:23,HARASSMENT,LOW,CLOSED,FIELD,2026-02-11 03:52:23
COMPLAINT0003982,ACC0007839,BRW0006698,2026-04-15 12:45:34,AGENT_BEHAVIOUR,LOW,INVESTIGATING,EMAIL,2026-04-24 12:45:34
COMPLAINT0003983,ACC0002158,BRW0002467,2026-02-13 07:33:10,PRIVACY,CRITICAL,CLOSED,SMS,2026-03-02 07:33:10
COMPLAINT0003984,ACC0024066,BRW0010375,2026-05-20 04:35:29,DND,MEDIUM,OPEN,FIELD,2026-05-24 04:35:29
COMPLAINT0003985,ACC0018009,BRW0011054,2026-03-04 03:56:58,PAYMENT,MEDIUM,INVESTIGATING,SMS,2026-03-06 03:56:58
COMPLAINT0003986,ACC0017028,BRW0002945,2026-01-01 09:43:49,DISPUTE,MEDIUM,OPEN,CALL,2026-01-04 09:43:49
COMPLAINT0003987,ACC0006647,BRW0003835,2026-04-10 23:36:26,DND,MEDIUM,INVESTIGATING,CALL,2026-04-25 23:36:26
COMPLAINT0003988,ACC0029744,BRW0000029,2026-06-15 17:56:08,HARASSMENT,CRITICAL,CLOSED,CALL,2026-06-27 17:56:08
COMPLAINT0003989,ACC0029435,BRW0008904,2026-03-19 10:22:47,DND,CRITICAL,OPEN,SMS,2026-03-31 10:22:47
COMPLAINT0003990,ACC0013494,BRW0006155,2026-07-28 21:58:23,DND,HIGH,CLOSED,CALL,2026-08-09 21:58:23
COMPLAINT0003991,ACC0017792,BRW0004098,2026-01-30 11:27:10,DND,CRITICAL,CLOSED,CALL,2026-02-06 11:27:10
COMPLAINT0003992,ACC0005453,BRW0007736,2026-06-05 15:03:37,PAYMENT,MEDIUM,CLOSED,CALL,2026-06-23 15:03:37
COMPLAINT0003993,ACC0020292,BRW0008315,2026-03-14 19:28:49,PRIVACY,MEDIUM,INVESTIGATING,FIELD,2026-03-31 19:28:49
COMPLAINT0003994,ACC0029692,BRW0001853,2026-06-16 10:06:34,PRIVACY,LOW,CLOSED,WHATSAPP,2026-07-04 10:06:34
COMPLAINT0003995,ACC0028927,BRW0010959,2026-02-02 02:36:47,AGENT_BEHAVIOUR,CRITICAL,RESOLVED,FIELD,2026-02-05 02:36:47
COMPLAINT0003996,ACC0021934,BRW0011258,2026-05-07 04:25:08,DISPUTE,LOW,CLOSED,WHATSAPP,2026-05-12 04:25:08
COMPLAINT0003997,ACC0000354,BRW0011708,2026-01-18 11:37:24,WRONG_CONTACT,HIGH,CLOSED,WHATSAPP,2026-01-31 11:37:24
COMPLAINT0003998,ACC0015102,BRW0002614,2026-07-27 16:29:25,WRONG_CONTACT,LOW,INVESTIGATING,WHATSAPP,2026-07-28 16:29:25
COMPLAINT0003999,ACC0011237,BRW0007515,2026-05-25 20:55:59,DISPUTE,LOW,INVESTIGATING,CALL,2026-05-31 20:55:59
COMPLAINT0004000,ACC0007448,BRW0008621,2026-01-17 00:19:04,AGENT_BEHAVIOUR,CRITICAL,OPEN,CALL,2026-01-26 00:19:04
COMPLAINT0004001,ACC0013438,BRW0009140,2026-02-17 09:20:13,WRONG_CONTACT,MEDIUM,INVESTIGATING,WHATSAPP,2026-03-07 09:20:13
COMPLAINT0004002,ACC0007269,BRW0002109,2026-05-18 06:57:56,DND,CRITICAL,CLOSED,CALL,2026-05-28 06:57:56
COMPLAINT0004003,ACC0001318,BRW0007072,2026-03-02 18:35:52,WRONG_CONTACT,MEDIUM,OPEN,EMAIL,2026-03-11 18:35:52
COMPLAINT0004004,ACC0028499,BRW0001561,2026-06-20 01:56:45,DISPUTE,MEDIUM,INVESTIGATING,WHATSAPP,2026-07-06 01:56:45
COMPLAINT0004005,ACC0000112,BRW0003057,2026-02-15 12:46:19,WRONG_CONTACT,CRITICAL,INVESTIGATING,SMS,2026-03-06 12:46:19
COMPLAINT0004006,ACC0016046,BRW0006900,2026-02-05 10:34:00,PAYMENT,HIGH,OPEN,SMS,2026-02-08 10:34:00
COMPLAINT0004007,ACC0005158,BRW0003348,2026-01-26 13:44:12,AGENT_BEHAVIOUR,CRITICAL,INVESTIGATING,EMAIL,2026-02-06 13:44:12
COMPLAINT0004008,ACC0025721,BRW0006406,2026-06-01 03:59:15,PAYMENT,MEDIUM,OPEN,WHATSAPP,2026-06-03 03:59:15
COMPLAINT0004009,ACC0028059,BRW0007495,2026-02-14 05:47:33,WRONG_CONTACT,LOW,OPEN,EMAIL,2026-02-20 05:47:33
COMPLAINT0004010,ACC0023356,BRW0006011,2026-02-15 14:20:49,DISPUTE,MEDIUM,CLOSED,CALL,2026-02-27 14:20:49
COMPLAINT0004011,ACC0028275,BRW0005022,2026-03-29 09:52:03,AGENT_BEHAVIOUR,LOW,CLOSED,SMS,2026-04-11 09:52:03
COMPLAINT0004012,ACC0011225,BRW0002721,2026-08-05 22:11:10,DND,MEDIUM,CLOSED,EMAIL,2026-08-23 22:11:10
COMPLAINT0004013,ACC0003060,BRW0007215,2026-07-12 11:38:01,AGENT_BEHAVIOUR,HIGH,CLOSED,SMS,2026-07-29 11:38:01
COMPLAINT0004014,ACC0025554,BRW0007814,2026-03-14 14:33:22,AGENT_BEHAVIOUR,HIGH,INVESTIGATING,FIELD,2026-03-27 14:33:22
COMPLAINT0004015,ACC0026604,BRW0002749,2026-02-09 20:44:29,PAYMENT,CRITICAL,CLOSED,WHATSAPP,2026-02-14 20:44:29
COMPLAINT0004016,ACC0010879,BRW0001432,2026-03-09 17:32:17,DND,HIGH,INVESTIGATING,SMS,2026-03-16 17:32:17
COMPLAINT0004017,ACC0023811,BRW0007997,2026-03-13 20:28:25,WRONG_CONTACT,LOW,OPEN,EMAIL,2026-03-23 20:28:25
COMPLAINT0004018,ACC0008267,BRW0001931,2026-02-26 15:44:07,PAYMENT,CRITICAL,RESOLVED,CALL,2026-03-15 15:44:07
COMPLAINT0004019,ACC0022530,BRW0003638,2026-02-20 22:48:51,AGENT_BEHAVIOUR,MEDIUM,OPEN,WHATSAPP,2026-03-11 22:48:51
COMPLAINT0004020,ACC0005255,BRW0009677,2026-04-24 07:08:47,WRONG_CONTACT,HIGH,CLOSED,FIELD,2026-04-26 07:08:47
COMPLAINT0004021,ACC0027928,BRW0006141,2026-01-14 16:39:05,DISPUTE,LOW,CLOSED,CALL,2026-01-31 16:39:05
COMPLAINT0004022,ACC0023744,BRW0003057,2026-02-15 21:51:28,PRIVACY,LOW,CLOSED,WHATSAPP,2026-03-05 21:51:28
COMPLAINT0004023,ACC0006806,BRW0005038,2026-02-23 17:24:52,DISPUTE,CRITICAL,RESOLVED,WHATSAPP,2026-02-26 17:24:52
COMPLAINT0004024,ACC0006496,BRW0010263,2026-03-10 05:10:05,HARASSMENT,CRITICAL,RESOLVED,WHATSAPP,2026-03-20 05:10:05
COMPLAINT0004025,ACC0006359,BRW0010050,2026-07-04 03:05:38,HARASSMENT,HIGH,OPEN,SMS,2026-07-12 03:05:38
COMPLAINT0004026,ACC0024353,BRW0001432,2026-06-02 20:48:54,WRONG_CONTACT,HIGH,RESOLVED,EMAIL,2026-06-03 20:48:54
COMPLAINT0004027,ACC0021348,BRW0011297,2026-01-17 16:52:11,AGENT_BEHAVIOUR,MEDIUM,INVESTIGATING,CALL,2026-02-02 16:52:11
COMPLAINT0004028,ACC0027392,BRW0006633,2026-06-06 16:44:13,PAYMENT,MEDIUM,INVESTIGATING,EMAIL,2026-06-08 16:44:13
COMPLAINT0004029,ACC0013748,BRW0008610,2026-08-08 05:35:30,WRONG_CONTACT,LOW,CLOSED,CALL,2026-08-21 05:35:30
COMPLAINT0004030,ACC0023609,BRW0004725,2026-03-26 15:00:26,PRIVACY,MEDIUM,CLOSED,FIELD,2026-04-02 15:00:26
COMPLAINT0004031,ACC0010741,BRW0003346,2026-01-22 21:05:00,AGENT_BEHAVIOUR,HIGH,INVESTIGATING,CALL,2026-02-07 21:05:00
COMPLAINT0004032,ACC0014342,BRW0001682,2026-07-15 04:31:06,DISPUTE,MEDIUM,CLOSED,CALL,2026-07-16 04:31:06
COMPLAINT0004033,ACC0017742,BRW0010932,2026-02-15 03:37:24,DISPUTE,CRITICAL,CLOSED,EMAIL,2026-02-24 03:37:24
COMPLAINT0004034,ACC0011515,BRW0011199,2026-01-05 04:49:15,DND,HIGH,CLOSED,FIELD,2026-01-22 04:49:15
COMPLAINT0004035,ACC0018526,BRW0010964,2026-01-29 10:07:44,DND,LOW,OPEN,EMAIL,2026-01-30 10:07:44
COMPLAINT0004036,ACC0026730,BRW0001687,2026-03-06 08:05:29,AGENT_BEHAVIOUR,LOW,OPEN,WHATSAPP,2026-03-24 08:05:29
COMPLAINT0004037,ACC0004529,BRW0004217,2026-02-09 18:49:57,PAYMENT,CRITICAL,INVESTIGATING,FIELD,2026-02-19 18:49:57
COMPLAINT0004038,ACC0006897,BRW0008807,2026-01-03 11:29:58,HARASSMENT,MEDIUM,INVESTIGATING,WHATSAPP,2026-01-17 11:29:58
COMPLAINT0004039,ACC0028817,BRW0010436,2026-02-07 14:48:55,DISPUTE,HIGH,CLOSED,FIELD,2026-02-14 14:48:55
COMPLAINT0004040,ACC0008187,BRW0001890,2026-02-02 04:07:36,AGENT_BEHAVIOUR,CRITICAL,RESOLVED,WHATSAPP,2026-02-03 04:07:36
COMPLAINT0004041,ACC0021346,BRW0004899,2026-01-05 02:25:18,DISPUTE,LOW,RESOLVED,EMAIL,2026-01-08 02:25:18
COMPLAINT0004042,ACC0003116,BRW0009815,2026-01-25 20:01:22,WRONG_CONTACT,MEDIUM,CLOSED,EMAIL,2026-01-30 20:01:22
COMPLAINT0004043,ACC0008222,BRW0004927,2026-07-31 07:04:27,DISPUTE,LOW,INVESTIGATING,WHATSAPP,2026-08-05 07:04:27
COMPLAINT0004044,ACC0002894,BRW0008544,2026-06-16 02:05:33,WRONG_CONTACT,MEDIUM,OPEN,FIELD,2026-06-28 02:05:33
COMPLAINT0004045,ACC0024624,BRW0010647,2026-04-13 17:57:07,PAYMENT,HIGH,RESOLVED,EMAIL,2026-05-02 17:57:07
COMPLAINT0004046,ACC0018423,BRW0002941,2026-01-16 10:13:25,PAYMENT,HIGH,INVESTIGATING,FIELD,2026-01-24 10:13:25
COMPLAINT0004047,ACC0024391,BRW0006608,2026-02-07 09:17:16,DND,CRITICAL,OPEN,EMAIL,2026-02-14 09:17:16
COMPLAINT0004048,ACC0020787,BRW0003593,2026-05-31 10:47:55,HARASSMENT,LOW,INVESTIGATING,EMAIL,2026-06-14 10:47:55
COMPLAINT0004049,ACC0003842,BRW0011800,2026-06-26 01:24:32,HARASSMENT,HIGH,RESOLVED,WHATSAPP,2026-06-28 01:24:32
COMPLAINT0004050,ACC0010284,BRW0003294,2026-05-17 15:58:37,AGENT_BEHAVIOUR,HIGH,INVESTIGATING,FIELD,2026-05-21 15:58:37
COMPLAINT0004051,ACC0026021,BRW0006062,2026-01-31 13:16:13,PAYMENT,MEDIUM,RESOLVED,CALL,2026-02-07 13:16:13
COMPLAINT0004052,ACC0028745,BRW0003809,2026-07-29 04:21:57,AGENT_BEHAVIOUR,LOW,OPEN,SMS,2026-08-05 04:21:57
COMPLAINT0004053,ACC0012820,BRW0009646,2026-08-08 02:53:18,PAYMENT,CRITICAL,INVESTIGATING,WHATSAPP,2026-08-16 02:53:18
COMPLAINT0004054,ACC0013501,BRW0010641,2026-01-19 08:40:39,PRIVACY,CRITICAL,INVESTIGATING,SMS,2026-02-01 08:40:39
COMPLAINT0004055,ACC0029992,BRW0009718,2026-03-12 09:38:26,DND,MEDIUM,RESOLVED,FIELD,2026-03-20 09:38:26
COMPLAINT0004056,ACC0000564,BRW0008449,2026-07-13 15:38:47,PRIVACY,LOW,CLOSED,SMS,2026-07-24 15:38:47
COMPLAINT0004057,ACC0022608,BRW0003515,2026-04-25 01:20:14,PRIVACY,LOW,RESOLVED,WHATSAPP,2026-05-06 01:20:14
COMPLAINT0004058,ACC0025608,BRW0009995,2026-03-12 12:22:43,AGENT_BEHAVIOUR,CRITICAL,CLOSED,WHATSAPP,2026-03-26 12:22:43
COMPLAINT0004059,ACC0008552,BRW0005624,2026-02-02 09:46:52,DND,LOW,RESOLVED,WHATSAPP,2026-02-10 09:46:52
COMPLAINT0004060,ACC0027146,BRW0009269,2026-04-03 07:49:52,AGENT_BEHAVIOUR,MEDIUM,INVESTIGATING,SMS,2026-04-22 07:49:52
COMPLAINT0004061,ACC0011989,BRW0010495,2026-02-04 06:11:31,HARASSMENT,MEDIUM,RESOLVED,SMS,2026-02-19 06:11:31
COMPLAINT0004062,ACC0021541,BRW0004188,2026-02-11 03:19:49,AGENT_BEHAVIOUR,MEDIUM,INVESTIGATING,SMS,2026-02-15 03:19:49
COMPLAINT0004063,ACC0009070,BRW0010312,2026-03-25 16:52:48,PRIVACY,LOW,CLOSED,EMAIL,2026-03-31 16:52:48
COMPLAINT0004064,ACC0027402,BRW0004617,2026-04-01 07:58:34,WRONG_CONTACT,LOW,CLOSED,SMS,2026-04-13 07:58:34
COMPLAINT0004065,ACC0001851,BRW0000060,2026-07-16 12:47:17,DND,CRITICAL,INVESTIGATING,WHATSAPP,2026-07-28 12:47:17
COMPLAINT0004066,ACC0010041,BRW0008754,2026-04-11 13:35:02,DND,HIGH,OPEN,FIELD,2026-04-15 13:35:02
COMPLAINT0004067,ACC0019884,BRW0009007,2026-04-20 01:57:22,DISPUTE,MEDIUM,INVESTIGATING,FIELD,2026-04-21 01:57:22
COMPLAINT0004068,ACC0027148,BRW0009576,2026-08-07 16:37:07,WRONG_CONTACT,HIGH,CLOSED,WHATSAPP,2026-08-18 16:37:07
COMPLAINT0004069,ACC0024184,BRW0007455,2026-06-09 05:34:05,PAYMENT,CRITICAL,INVESTIGATING,SMS,2026-06-20 05:34:05
COMPLAINT0004070,ACC0008574,BRW0009819,2026-03-30 01:13:14,DISPUTE,MEDIUM,RESOLVED,CALL,2026-04-04 01:13:14
COMPLAINT0004071,ACC0002069,BRW0002780,2026-01-22 21:30:44,HARASSMENT,HIGH,RESOLVED,EMAIL,2026-02-07 21:30:44
COMPLAINT0004072,ACC0020089,BRW0011199,2026-04-01 02:19:55,DISPUTE,LOW,CLOSED,SMS,2026-04-05 02:19:55
COMPLAINT0004073,ACC0003227,BRW0009742,2026-06-16 14:06:52,DISPUTE,CRITICAL,CLOSED,EMAIL,2026-06-26 14:06:52
COMPLAINT0004074,ACC0012077,BRW0001913,2026-05-12 17:33:00,WRONG_CONTACT,MEDIUM,INVESTIGATING,SMS,2026-05-25 17:33:00
COMPLAINT0004075,ACC0028685,BRW0005260,2026-03-04 20:01:05,AGENT_BEHAVIOUR,MEDIUM,INVESTIGATING,CALL,2026-03-12 20:01:05
COMPLAINT0004076,ACC0006675,BRW0000545,2026-04-16 18:56:09,AGENT_BEHAVIOUR,CRITICAL,CLOSED,WHATSAPP,2026-04-25 18:56:09
COMPLAINT0004077,ACC0001685,BRW0006268,2026-03-29 18:50:18,PRIVACY,HIGH,OPEN,WHATSAPP,2026-04-11 18:50:18
COMPLAINT0004078,ACC0029053,BRW0006291,2026-04-08 19:59:17,AGENT_BEHAVIOUR,MEDIUM,INVESTIGATING,EMAIL,2026-04-15 19:59:17
COMPLAINT0004079,ACC0011959,BRW0003326,2026-03-11 00:16:49,WRONG_CONTACT,MEDIUM,CLOSED,SMS,2026-03-15 00:16:49
COMPLAINT0004080,ACC0019893,BRW0000890,2026-03-31 23:13:38,PRIVACY,CRITICAL,OPEN,CALL,2026-04-09 23:13:38
COMPLAINT0004081,ACC0008328,BRW0011821,2026-05-20 21:50:13,PRIVACY,MEDIUM,OPEN,FIELD,2026-05-31 21:50:13
COMPLAINT0004082,ACC0024995,BRW0005520,2026-02-15 16:15:39,WRONG_CONTACT,CRITICAL,RESOLVED,EMAIL,2026-03-02 16:15:39
COMPLAINT0004083,ACC0020325,BRW0007100,2026-06-19 16:27:26,HARASSMENT,LOW,INVESTIGATING,CALL,2026-06-22 16:27:26
COMPLAINT0004084,ACC0016491,BRW0010086,2026-05-05 04:33:58,WRONG_CONTACT,LOW,RESOLVED,WHATSAPP,2026-05-24 04:33:58
COMPLAINT0004085,ACC0022542,BRW0007424,2026-02-04 04:02:14,PAYMENT,HIGH,CLOSED,EMAIL,2026-02-20 04:02:14
COMPLAINT0004086,ACC0026316,BRW0008014,2026-02-12 15:40:13,AGENT_BEHAVIOUR,MEDIUM,OPEN,WHATSAPP,2026-02-17 15:40:13
COMPLAINT0004087,ACC0014560,BRW0002522,2026-07-01 02:12:07,PAYMENT,MEDIUM,CLOSED,WHATSAPP,2026-07-18 02:12:07
COMPLAINT0004088,ACC0014659,BRW0009950,2026-07-30 06:20:10,DISPUTE,LOW,RESOLVED,CALL,2026-08-15 06:20:10
COMPLAINT0004089,ACC0008378,BRW0008412,2026-01-28 05:14:36,DND,MEDIUM,OPEN,EMAIL,2026-02-10 05:14:36
COMPLAINT0004090,ACC0015216,BRW0003074,2026-06-05 04:37:14,PAYMENT,HIGH,INVESTIGATING,EMAIL,2026-06-15 04:37:14
COMPLAINT0004091,ACC0027258,BRW0004372,2026-05-18 23:17:44,PRIVACY,LOW,OPEN,EMAIL,2026-05-25 23:17:44
COMPLAINT0004092,ACC0016198,BRW0004187,2026-03-08 16:05:11,HARASSMENT,HIGH,CLOSED,WHATSAPP,2026-03-16 16:05:11
COMPLAINT0004093,ACC0000312,BRW0009237,2026-06-27 18:16:53,AGENT_BEHAVIOUR,MEDIUM,INVESTIGATING,FIELD,2026-07-07 18:16:53
COMPLAINT0004094,ACC0009788,BRW0007208,2026-04-30 19:44:42,AGENT_BEHAVIOUR,MEDIUM,RESOLVED,CALL,2026-05-03 19:44:42
COMPLAINT0004095,ACC0008192,BRW0002487,2026-05-12 01:26:52,DND,HIGH,OPEN,FIELD,2026-05-31 01:26:52
COMPLAINT0004096,ACC0003202,BRW0009918,2026-03-04 15:58:40,WRONG_CONTACT,CRITICAL,OPEN,CALL,2026-03-08 15:58:40
COMPLAINT0004097,ACC0013844,BRW0002830,2026-04-08 21:59:22,PAYMENT,HIGH,CLOSED,CALL,2026-04-13 21:59:22
COMPLAINT0004098,ACC0028418,BRW0005038,2026-03-08 09:29:33,DND,CRITICAL,OPEN,EMAIL,2026-03-25 09:29:33
COMPLAINT0004099,ACC0016354,BRW0010458,2026-04-03 15:02:19,WRONG_CONTACT,HIGH,OPEN,FIELD,2026-04-08 15:02:19
COMPLAINT0004100,ACC0004743,BRW0008868,2026-04-17 08:32:30,WRONG_CONTACT,HIGH,OPEN,WHATSAPP,2026-05-06 08:32:30
COMPLAINT0004101,ACC0025541,BRW0011842,2026-01-24 14:36:06,PRIVACY,MEDIUM,CLOSED,WHATSAPP,2026-01-27 14:36:06
COMPLAINT0004102,ACC0019590,BRW0007066,2026-08-08 13:41:47,HARASSMENT,CRITICAL,RESOLVED,FIELD,2026-08-11 13:41:47
COMPLAINT0004103,ACC0018922,BRW0007227,2026-03-12 07:52:10,HARASSMENT,HIGH,RESOLVED,EMAIL,2026-03-25 07:52:10
COMPLAINT0004104,ACC0005822,BRW0009842,2026-03-17 17:15:29,HARASSMENT,HIGH,INVESTIGATING,FIELD,2026-04-02 17:15:29
COMPLAINT0004105,ACC0018902,BRW0005723,2026-02-07 06:15:18,DND,LOW,OPEN,CALL,2026-02-08 06:15:18
COMPLAINT0004106,ACC0007429,BRW0005613,2026-02-07 15:04:48,DISPUTE,CRITICAL,OPEN,FIELD,2026-02-08 15:04:48
COMPLAINT0004107,ACC0011507,BRW0005674,2026-06-27 15:43:23,WRONG_CONTACT,CRITICAL,OPEN,FIELD,2026-07-06 15:43:23
COMPLAINT0004108,ACC0008936,BRW0000714,2026-03-08 21:46:59,WRONG_CONTACT,LOW,RESOLVED,SMS,2026-03-09 21:46:59
COMPLAINT0004109,ACC0023993,BRW0006070,2026-03-30 09:59:45,HARASSMENT,CRITICAL,INVESTIGATING,WHATSAPP,2026-04-10 09:59:45
COMPLAINT0004110,ACC0021900,BRW0008614,2026-02-24 11:25:26,DND,HIGH,INVESTIGATING,EMAIL,2026-03-02 11:25:26
COMPLAINT0004111,ACC0023863,BRW0007066,2026-07-08 09:18:17,AGENT_BEHAVIOUR,CRITICAL,OPEN,FIELD,2026-07-22 09:18:17
COMPLAINT0004112,ACC0009063,BRW0003403,2026-04-23 14:33:06,DISPUTE,LOW,CLOSED,SMS,2026-05-07 14:33:06
COMPLAINT0004113,ACC0014221,BRW0002649,2026-04-02 17:51:31,HARASSMENT,CRITICAL,CLOSED,CALL,2026-04-13 17:51:31
COMPLAINT0004114,ACC0002461,BRW0001127,2026-05-29 04:14:48,HARASSMENT,CRITICAL,RESOLVED,FIELD,2026-06-11 04:14:48
COMPLAINT0004115,ACC0029448,BRW0011390,2026-07-23 05:42:52,PAYMENT,MEDIUM,OPEN,CALL,2026-08-03 05:42:52
COMPLAINT0004116,ACC0012808,BRW0006625,2026-01-19 23:27:52,PAYMENT,MEDIUM,RESOLVED,CALL,2026-01-27 23:27:52
COMPLAINT0004117,ACC0007958,BRW0005993,2026-05-25 02:10:59,PRIVACY,CRITICAL,RESOLVED,SMS,2026-06-11 02:10:59
COMPLAINT0004118,ACC0001327,BRW0002788,2026-06-30 10:37:13,DISPUTE,CRITICAL,CLOSED,FIELD,2026-07-17 10:37:13
COMPLAINT0004119,ACC0019022,BRW0011366,2026-06-30 04:34:41,AGENT_BEHAVIOUR,CRITICAL,OPEN,FIELD,2026-07-06 04:34:41
COMPLAINT0004120,ACC0012309,BRW0002141,2026-07-04 16:50:28,AGENT_BEHAVIOUR,LOW,INVESTIGATING,WHATSAPP,2026-07-16 16:50:28
COMPLAINT0004121,ACC0018402,BRW0006318,2026-06-17 01:38:33,PAYMENT,CRITICAL,INVESTIGATING,SMS,2026-06-20 01:38:33
COMPLAINT0004122,ACC0005040,BRW0006285,2026-04-26 15:30:18,HARASSMENT,HIGH,CLOSED,SMS,2026-05-03 15:30:18
COMPLAINT0004123,ACC0025845,BRW0006338,2026-03-22 01:59:11,HARASSMENT,HIGH,CLOSED,SMS,2026-03-29 01:59:11
COMPLAINT0004124,ACC0007776,BRW0005822,2026-07-18 10:39:22,DISPUTE,MEDIUM,CLOSED,EMAIL,2026-07-25 10:39:22
COMPLAINT0004125,ACC0012726,BRW0007212,2026-03-28 13:25:34,PAYMENT,CRITICAL,RESOLVED,FIELD,2026-03-31 13:25:34
COMPLAINT0004126,ACC0024968,BRW0007416,2026-04-07 05:24:54,DISPUTE,CRITICAL,INVESTIGATING,CALL,2026-04-15 05:24:54
COMPLAINT0004127,ACC0018398,BRW0003051,2026-04-24 16:15:41,AGENT_BEHAVIOUR,LOW,OPEN,SMS,2026-05-13 16:15:41
COMPLAINT0004128,ACC0005265,BRW0003582,2026-03-05 08:26:32,WRONG_CONTACT,LOW,OPEN,CALL,2026-03-09 08:26:32
COMPLAINT0004129,ACC0015025,BRW0009362,2026-01-08 10:27:36,DISPUTE,MEDIUM,CLOSED,SMS,2026-01-14 10:27:36
COMPLAINT0004130,ACC0006606,BRW0001132,2026-07-14 05:51:05,PRIVACY,CRITICAL,INVESTIGATING,EMAIL,2026-08-01 05:51:05
COMPLAINT0004131,ACC0000593,BRW0008307,2026-04-29 00:36:52,DND,LOW,RESOLVED,SMS,2026-05-10 00:36:52
COMPLAINT0004132,ACC0009411,BRW0005920,2026-04-19 00:37:49,PAYMENT,MEDIUM,INVESTIGATING,CALL,2026-04-26 00:37:49
COMPLAINT0004133,ACC0021482,BRW0009712,2026-02-05 00:26:08,AGENT_BEHAVIOUR,HIGH,RESOLVED,SMS,2026-02-14 00:26:08
COMPLAINT0004134,ACC0017408,BRW0001540,2026-06-01 01:46:13,WRONG_CONTACT,MEDIUM,RESOLVED,WHATSAPP,2026-06-08 01:46:13
COMPLAINT0004135,ACC0017690,BRW0006477,2026-02-06 22:29:55,AGENT_BEHAVIOUR,LOW,RESOLVED,WHATSAPP,2026-02-10 22:29:55
COMPLAINT0004136,ACC0019246,BRW0005103,2026-03-04 08:35:10,WRONG_CONTACT,HIGH,RESOLVED,SMS,2026-03-20 08:35:10
COMPLAINT0004137,ACC0022282,BRW0000061,2026-04-01 22:37:46,DISPUTE,LOW,INVESTIGATING,WHATSAPP,2026-04-03 22:37:46
COMPLAINT0004138,ACC0014274,BRW0007168,2026-04-18 07:00:24,DND,HIGH,OPEN,CALL,2026-05-04 07:00:24
COMPLAINT0004139,ACC0002805,BRW0009811,2026-06-12 17:52:31,PAYMENT,HIGH,OPEN,CALL,2026-06-23 17:52:31
COMPLAINT0004140,ACC0002833,BRW0009424,2026-05-23 18:30:42,DISPUTE,HIGH,INVESTIGATING,FIELD,2026-06-09 18:30:42
COMPLAINT0004141,ACC0004649,BRW0003718,2026-08-05 08:24:56,AGENT_BEHAVIOUR,HIGH,INVESTIGATING,EMAIL,2026-08-24 08:24:56
COMPLAINT0004142,ACC0016498,BRW0003261,2026-01-30 13:34:54,PRIVACY,MEDIUM,INVESTIGATING,EMAIL,2026-02-08 13:34:54
COMPLAINT0004143,ACC0014216,BRW0009379,2026-05-17 04:07:48,AGENT_BEHAVIOUR,MEDIUM,OPEN,SMS,2026-05-19 04:07:48
COMPLAINT0004144,ACC0015607,BRW0005924,2026-03-01 11:53:57,DND,LOW,INVESTIGATING,CALL,2026-03-10 11:53:57
COMPLAINT0004145,ACC0017749,BRW0007872,2026-03-09 06:43:42,PAYMENT,MEDIUM,INVESTIGATING,FIELD,2026-03-20 06:43:42
COMPLAINT0004146,ACC0002375,BRW0007479,2026-04-18 00:52:53,DISPUTE,CRITICAL,INVESTIGATING,EMAIL,2026-04-27 00:52:53
COMPLAINT0004147,ACC0012754,BRW0007548,2026-06-02 06:30:14,DISPUTE,LOW,CLOSED,CALL,2026-06-17 06:30:14
COMPLAINT0004148,ACC0017704,BRW0000211,2026-03-16 19:27:40,WRONG_CONTACT,CRITICAL,RESOLVED,SMS,2026-03-22 19:27:40
COMPLAINT0004149,ACC0011477,BRW0011800,2026-07-13 00:24:42,PAYMENT,HIGH,OPEN,EMAIL,2026-07-24 00:24:42
COMPLAINT0004150,ACC0013008,BRW0010392,2026-06-10 01:43:08,HARASSMENT,CRITICAL,CLOSED,FIELD,2026-06-19 01:43:08
COMPLAINT0004151,ACC0019009,BRW0006944,2026-02-17 21:59:29,DISPUTE,HIGH,CLOSED,SMS,2026-03-04 21:59:29
COMPLAINT0004152,ACC0006751,BRW0006164,2026-03-27 23:13:02,PRIVACY,MEDIUM,INVESTIGATING,SMS,2026-04-09 23:13:02
COMPLAINT0004153,ACC0000969,BRW0008938,2026-05-10 18:53:10,PRIVACY,CRITICAL,RESOLVED,SMS,2026-05-19 18:53:10
COMPLAINT0004154,ACC0013521,BRW0003628,2026-02-23 10:38:31,DISPUTE,HIGH,OPEN,CALL,2026-02-25 10:38:31
COMPLAINT0004155,ACC0028035,BRW0003775,2026-06-13 03:06:31,AGENT_BEHAVIOUR,MEDIUM,RESOLVED,FIELD,2026-06-26 03:06:31
COMPLAINT0004156,ACC0003987,BRW0000347,2026-06-10 18:14:26,PRIVACY,MEDIUM,RESOLVED,SMS,2026-06-18 18:14:26
COMPLAINT0004157,ACC0006054,BRW0007900,2026-02-03 13:44:44,PAYMENT,CRITICAL,CLOSED,FIELD,2026-02-18 13:44:44
COMPLAINT0004158,ACC0009180,BRW0001406,2026-07-16 02:12:04,WRONG_CONTACT,HIGH,OPEN,SMS,2026-07-28 02:12:04
COMPLAINT0004159,ACC0016863,BRW0004938,2026-02-10 15:45:25,DISPUTE,CRITICAL,INVESTIGATING,CALL,2026-02-21 15:45:25
COMPLAINT0004160,ACC0000022,BRW0003852,2026-02-01 09:18:15,DISPUTE,HIGH,INVESTIGATING,FIELD,2026-02-14 09:18:15
COMPLAINT0004161,ACC0001006,BRW0008955,2026-02-06 20:39:33,DND,CRITICAL,OPEN,EMAIL,2026-02-17 20:39:33
COMPLAINT0004162,ACC0000018,BRW0008086,2026-05-28 20:22:31,PAYMENT,MEDIUM,CLOSED,WHATSAPP,2026-06-04 20:22:31
COMPLAINT0004163,ACC0024522,BRW0002255,2026-03-09 01:03:20,DND,MEDIUM,CLOSED,EMAIL,2026-03-26 01:03:20
COMPLAINT0004164,ACC0005072,BRW0007242,2026-05-06 17:13:18,PAYMENT,CRITICAL,CLOSED,FIELD,2026-05-08 17:13:18
COMPLAINT0004165,ACC0004580,BRW0004473,2026-05-19 17:14:09,AGENT_BEHAVIOUR,HIGH,RESOLVED,CALL,2026-05-25 17:14:09
COMPLAINT0004166,ACC0022130,BRW0002152,2026-07-31 23:45:25,PRIVACY,CRITICAL,CLOSED,WHATSAPP,2026-08-04 23:45:25
COMPLAINT0004167,ACC0000341,BRW0010824,2026-04-07 07:46:54,WRONG_CONTACT,MEDIUM,INVESTIGATING,FIELD,2026-04-22 07:46:54
COMPLAINT0004168,ACC0016987,BRW0008501,2026-07-09 20:41:05,WRONG_CONTACT,LOW,CLOSED,WHATSAPP,2026-07-11 20:41:05
COMPLAINT0004169,ACC0020437,BRW0008286,2026-03-15 03:17:16,DISPUTE,MEDIUM,RESOLVED,EMAIL,2026-03-18 03:17:16
COMPLAINT0004170,ACC0017260,BRW0001377,2026-03-05 08:14:47,PRIVACY,MEDIUM,RESOLVED,WHATSAPP,2026-03-06 08:14:47
COMPLAINT0004171,ACC0020751,BRW0005832,2026-04-06 14:21:48,PRIVACY,MEDIUM,OPEN,EMAIL,2026-04-14 14:21:48
COMPLAINT0004172,ACC0005909,BRW0010094,2026-04-12 05:06:41,DND,MEDIUM,RESOLVED,SMS,2026-04-24 05:06:41
COMPLAINT0004173,ACC0012241,BRW0009680,2026-03-07 10:24:57,PRIVACY,MEDIUM,CLOSED,SMS,2026-03-08 10:24:57
COMPLAINT0004174,ACC0018947,BRW0002533,2026-07-15 13:04:54,PRIVACY,HIGH,CLOSED,CALL,2026-07-24 13:04:54
COMPLAINT0004175,ACC0007558,BRW0011533,2026-03-25 14:57:49,PAYMENT,CRITICAL,RESOLVED,WHATSAPP,2026-04-09 14:57:49
COMPLAINT0004176,ACC0001245,BRW0006562,2026-03-05 17:31:57,WRONG_CONTACT,LOW,RESOLVED,SMS,2026-03-17 17:31:57
COMPLAINT0004177,ACC0008632,BRW0003729,2026-05-15 10:50:51,AGENT_BEHAVIOUR,LOW,INVESTIGATING,FIELD,2026-05-21 10:50:51
COMPLAINT0004178,ACC0015633,BRW0003417,2026-07-09 16:57:24,WRONG_CONTACT,HIGH,OPEN,EMAIL,2026-07-21 16:57:24
COMPLAINT0004179,ACC0004757,BRW0000376,2026-05-03 02:33:23,DND,HIGH,OPEN,FIELD,2026-05-05 02:33:23
COMPLAINT0004180,ACC0011453,BRW0000081,2026-04-12 04:15:21,DND,LOW,OPEN,EMAIL,2026-04-19 04:15:21
COMPLAINT0004181,ACC0014067,BRW0006306,2026-01-21 18:36:31,AGENT_BEHAVIOUR,LOW,INVESTIGATING,CALL,2026-01-22 18:36:31
COMPLAINT0004182,ACC0012911,BRW0010118,2026-06-20 20:21:38,DND,CRITICAL,INVESTIGATING,SMS,2026-07-05 20:21:38
COMPLAINT0004183,ACC0025772,BRW0007186,2026-05-21 17:25:18,PAYMENT,LOW,RESOLVED,WHATSAPP,2026-06-03 17:25:18
COMPLAINT0004184,ACC0029356,BRW0005417,2026-06-20 00:54:40,WRONG_CONTACT,CRITICAL,INVESTIGATING,WHATSAPP,2026-06-22 00:54:40
COMPLAINT0004185,ACC0019841,BRW0002566,2026-03-19 05:00:43,DND,MEDIUM,RESOLVED,WHATSAPP,2026-03-29 05:00:43
COMPLAINT0004186,ACC0015488,BRW0001315,2026-02-20 12:25:29,HARASSMENT,CRITICAL,CLOSED,FIELD,2026-03-02 12:25:29
COMPLAINT0004187,ACC0025787,BRW0009444,2026-06-29 15:10:13,DND,CRITICAL,INVESTIGATING,CALL,2026-07-01 15:10:13
COMPLAINT0004188,ACC0025813,BRW0004021,2026-04-06 21:29:39,PRIVACY,HIGH,INVESTIGATING,CALL,2026-04-12 21:29:39
COMPLAINT0004189,ACC0005509,BRW0010810,2026-03-22 14:01:28,DND,HIGH,CLOSED,CALL,2026-03-26 14:01:28
COMPLAINT0004190,ACC0007999,BRW0003789,2026-03-27 05:31:20,DND,HIGH,RESOLVED,EMAIL,2026-04-04 05:31:20
COMPLAINT0004191,ACC0003770,BRW0000172,2026-06-01 21:40:54,PRIVACY,HIGH,CLOSED,SMS,2026-06-20 21:40:54
COMPLAINT0004192,ACC0010841,BRW0009289,2026-06-10 23:59:13,PAYMENT,LOW,RESOLVED,FIELD,2026-06-26 23:59:13
COMPLAINT0004193,ACC0023516,BRW0000016,2026-05-21 03:41:40,HARASSMENT,LOW,OPEN,FIELD,2026-05-30 03:41:40
COMPLAINT0004194,ACC0024954,BRW0002118,2026-06-20 19:40:45,WRONG_CONTACT,MEDIUM,CLOSED,WHATSAPP,2026-07-01 19:40:45
COMPLAINT0004195,ACC0021306,BRW0003936,2026-01-17 23:08:30,WRONG_CONTACT,MEDIUM,RESOLVED,FIELD,2026-01-26 23:08:30
COMPLAINT0004196,ACC0004746,BRW0008063,2026-05-20 11:29:03,PRIVACY,LOW,RESOLVED,CALL,2026-06-08 11:29:03
COMPLAINT0004197,ACC0027295,BRW0003728,2026-03-23 01:19:34,DISPUTE,HIGH,RESOLVED,EMAIL,2026-03-29 01:19:34
COMPLAINT0004198,ACC0002483,BRW0007700,2026-01-18 12:57:57,AGENT_BEHAVIOUR,MEDIUM,INVESTIGATING,WHATSAPP,2026-02-01 12:57:57
COMPLAINT0004199,ACC0012681,BRW0007364,2026-05-10 16:10:56,AGENT_BEHAVIOUR,MEDIUM,INVESTIGATING,WHATSAPP,2026-05-13 16:10:56
COMPLAINT0004200,ACC0026358,BRW0002542,2026-01-04 13:26:23,WRONG_CONTACT,MEDIUM,CLOSED,FIELD,2026-01-14 13:26:23
COMPLAINT0004201,ACC0020929,BRW0000860,2026-04-19 12:23:16,DND,CRITICAL,RESOLVED,CALL,2026-05-06 12:23:16
COMPLAINT0004202,ACC0001174,BRW0009904,2026-01-27 12:06:58,PAYMENT,MEDIUM,INVESTIGATING,WHATSAPP,2026-01-28 12:06:58
COMPLAINT0004203,ACC0006030,BRW0006728,2026-05-03 06:20:34,AGENT_BEHAVIOUR,CRITICAL,RESOLVED,FIELD,2026-05-14 06:20:34
COMPLAINT0004204,ACC0029753,BRW0000108,2026-01-31 22:47:38,PAYMENT,LOW,OPEN,EMAIL,2026-02-11 22:47:38
COMPLAINT0004205,ACC0004539,BRW0011828,2026-05-19 22:15:43,DISPUTE,MEDIUM,RESOLVED,WHATSAPP,2026-05-28 22:15:43
COMPLAINT0004206,ACC0015529,BRW0000668,2026-01-20 01:07:22,AGENT_BEHAVIOUR,MEDIUM,OPEN,CALL,2026-02-03 01:07:22
COMPLAINT0004207,ACC0014890,BRW0002890,2026-07-02 15:11:04,DND,CRITICAL,RESOLVED,SMS,2026-07-18 15:11:04
COMPLAINT0004208,ACC0000154,BRW0010115,2026-05-02 19:55:12,HARASSMENT,LOW,CLOSED,SMS,2026-05-06 19:55:12
COMPLAINT0004209,ACC0012260,BRW0004723,2026-02-04 04:56:47,PAYMENT,LOW,INVESTIGATING,SMS,2026-02-20 04:56:47
COMPLAINT0004210,ACC0022858,BRW0009767,2026-03-31 12:49:05,PAYMENT,MEDIUM,RESOLVED,CALL,2026-04-19 12:49:05
COMPLAINT0004211,ACC0007590,BRW0008708,2026-03-21 19:53:08,DISPUTE,LOW,RESOLVED,SMS,2026-03-27 19:53:08
COMPLAINT0004212,ACC0015178,BRW0005812,2026-03-12 13:54:40,DND,CRITICAL,INVESTIGATING,EMAIL,2026-03-18 13:54:40
COMPLAINT0004213,ACC0016271,BRW0010075,2026-04-14 15:42:03,AGENT_BEHAVIOUR,CRITICAL,RESOLVED,EMAIL,2026-04-29 15:42:03
COMPLAINT0004214,ACC0000149,BRW0011242,2026-07-21 14:25:45,HARASSMENT,LOW,RESOLVED,FIELD,2026-07-28 14:25:45
COMPLAINT0004215,ACC0028727,BRW0002880,2026-05-18 20:57:43,PRIVACY,CRITICAL,OPEN,SMS,2026-06-01 20:57:43
COMPLAINT0004216,ACC0003597,BRW0009531,2026-02-25 22:06:39,AGENT_BEHAVIOUR,MEDIUM,OPEN,EMAIL,2026-03-06 22:06:39
COMPLAINT0004217,ACC0006296,BRW0006867,2026-02-02 15:57:11,PRIVACY,CRITICAL,OPEN,FIELD,2026-02-14 15:57:11
COMPLAINT0004218,ACC0013467,BRW0011322,2026-05-17 11:46:18,DISPUTE,HIGH,RESOLVED,SMS,2026-05-29 11:46:18
COMPLAINT0004219,ACC0009084,BRW0003881,2026-01-16 06:46:53,DND,MEDIUM,OPEN,EMAIL,2026-01-22 06:46:53
COMPLAINT0004220,ACC0028331,BRW0011185,2026-01-03 04:14:16,AGENT_BEHAVIOUR,LOW,OPEN,WHATSAPP,2026-01-13 04:14:16
COMPLAINT0004221,ACC0001362,BRW0005296,2026-01-31 07:42:12,PAYMENT,LOW,INVESTIGATING,FIELD,2026-02-16 07:42:12
COMPLAINT0004222,ACC0007769,BRW0003401,2026-01-06 02:55:53,AGENT_BEHAVIOUR,LOW,OPEN,EMAIL,2026-01-15 02:55:53
COMPLAINT0004223,ACC0027404,BRW0004852,2026-01-06 12:13:10,DISPUTE,CRITICAL,OPEN,CALL,2026-01-23 12:13:10
COMPLAINT0004224,ACC0016044,BRW0001037,2026-06-19 21:18:21,HARASSMENT,CRITICAL,INVESTIGATING,SMS,2026-06-27 21:18:21
COMPLAINT0004225,ACC0015633,BRW0008116,2026-05-09 19:56:37,HARASSMENT,MEDIUM,OPEN,CALL,2026-05-27 19:56:37
COMPLAINT0004226,ACC0012744,BRW0008398,2026-06-13 16:48:51,AGENT_BEHAVIOUR,HIGH,OPEN,CALL,2026-06-21 16:48:51
COMPLAINT0004227,ACC0018829,BRW0001524,2026-07-05 21:22:21,WRONG_CONTACT,MEDIUM,OPEN,EMAIL,2026-07-13 21:22:21
COMPLAINT0004228,ACC0028395,BRW0007969,2026-05-27 04:50:12,PAYMENT,MEDIUM,CLOSED,EMAIL,2026-06-01 04:50:12
COMPLAINT0004229,ACC0003811,BRW0005759,2026-02-28 03:41:59,HARASSMENT,LOW,CLOSED,EMAIL,2026-03-01 03:41:59
COMPLAINT0004230,ACC0029344,BRW0006742,2026-01-22 22:15:22,PRIVACY,CRITICAL,INVESTIGATING,EMAIL,2026-02-08 22:15:22
COMPLAINT0004231,ACC0021367,BRW0010881,2026-05-05 05:46:07,AGENT_BEHAVIOUR,HIGH,CLOSED,SMS,2026-05-18 05:46:07
COMPLAINT0004232,ACC0003056,BRW0000772,2026-08-07 00:19:01,DISPUTE,LOW,OPEN,SMS,2026-08-08 00:19:01
COMPLAINT0004233,ACC0027207,BRW0003429,2026-05-17 15:44:43,PAYMENT,HIGH,INVESTIGATING,WHATSAPP,2026-05-28 15:44:43
COMPLAINT0004234,ACC0006709,BRW0003571,2026-03-24 15:43:38,PRIVACY,HIGH,OPEN,WHATSAPP,2026-03-28 15:43:38
COMPLAINT0004235,ACC0011241,BRW0006150,2026-02-26 23:41:58,HARASSMENT,HIGH,INVESTIGATING,EMAIL,2026-03-17 23:41:58
COMPLAINT0004236,ACC0015739,BRW0000393,2026-01-25 17:56:26,WRONG_CONTACT,LOW,OPEN,WHATSAPP,2026-02-07 17:56:26
COMPLAINT0004237,ACC0010853,BRW0003092,2026-01-26 12:18:53,WRONG_CONTACT,CRITICAL,OPEN,EMAIL,2026-01-31 12:18:53
COMPLAINT0004238,ACC0010447,BRW0004632,2026-06-22 11:55:32,WRONG_CONTACT,LOW,OPEN,CALL,2026-07-01 11:55:32
COMPLAINT0004239,ACC0005258,BRW0005277,2026-03-23 07:51:52,DISPUTE,LOW,INVESTIGATING,EMAIL,2026-04-02 07:51:52
COMPLAINT0004240,ACC0004199,BRW0010531,2026-07-02 14:19:51,PRIVACY,MEDIUM,OPEN,FIELD,2026-07-04 14:19:51
COMPLAINT0004241,ACC0015396,BRW0009353,2026-06-02 19:26:09,AGENT_BEHAVIOUR,MEDIUM,CLOSED,WHATSAPP,2026-06-21 19:26:09
COMPLAINT0004242,ACC0006641,BRW0004767,2026-01-25 02:55:58,HARASSMENT,MEDIUM,OPEN,WHATSAPP,2026-01-31 02:55:58
COMPLAINT0004243,ACC0028787,BRW0002444,2026-03-05 08:07:47,DND,CRITICAL,INVESTIGATING,CALL,2026-03-10 08:07:47
COMPLAINT0004244,ACC0010272,BRW0011036,2026-02-27 04:10:17,AGENT_BEHAVIOUR,MEDIUM,OPEN,CALL,2026-03-04 04:10:17
COMPLAINT0004245,ACC0024315,BRW0000024,2026-01-22 08:03:06,DISPUTE,LOW,INVESTIGATING,SMS,2026-02-01 08:03:06
COMPLAINT0004246,ACC0020942,BRW0004620,2026-05-13 01:14:39,WRONG_CONTACT,LOW,CLOSED,WHATSAPP,2026-05-29 01:14:39
COMPLAINT0004247,ACC0007052,BRW0011466,2026-02-25 08:47:45,PAYMENT,MEDIUM,OPEN,FIELD,2026-03-03 08:47:45
COMPLAINT0004248,ACC0000939,BRW0001291,2026-03-02 10:22:55,DISPUTE,MEDIUM,RESOLVED,FIELD,2026-03-17 10:22:55
COMPLAINT0004249,ACC0029755,BRW0007380,2026-01-25 22:06:42,DISPUTE,MEDIUM,CLOSED,SMS,2026-02-09 22:06:42
COMPLAINT0004250,ACC0016330,BRW0009649,2026-07-28 06:43:14,DISPUTE,HIGH,RESOLVED,EMAIL,2026-08-12 06:43:14
COMPLAINT0004251,ACC0022110,BRW0004916,2026-07-19 09:29:23,HARASSMENT,HIGH,OPEN,EMAIL,2026-07-22 09:29:23
COMPLAINT0004252,ACC0005795,BRW0001613,2026-05-06 15:01:48,DND,HIGH,CLOSED,EMAIL,2026-05-12 15:01:48
COMPLAINT0004253,ACC0005327,BRW0009663,2026-05-15 08:12:10,DND,LOW,OPEN,FIELD,2026-05-24 08:12:10
COMPLAINT0004254,ACC0026377,BRW0008393,2026-07-09 16:32:33,WRONG_CONTACT,HIGH,RESOLVED,SMS,2026-07-16 16:32:33
COMPLAINT0004255,ACC0002298,BRW0000769,2026-04-06 21:35:20,PAYMENT,HIGH,CLOSED,WHATSAPP,2026-04-17 21:35:20
COMPLAINT0004256,ACC0023925,BRW0000095,2026-01-24 19:17:23,HARASSMENT,CRITICAL,INVESTIGATING,SMS,2026-02-02 19:17:23
COMPLAINT0004257,ACC0024287,BRW0005551,2026-03-06 08:05:43,WRONG_CONTACT,CRITICAL,OPEN,FIELD,2026-03-11 08:05:43
COMPLAINT0004258,ACC0007291,BRW0009902,2026-02-18 19:36:38,PRIVACY,CRITICAL,CLOSED,SMS,2026-02-19 19:36:38
COMPLAINT0004259,ACC0003092,BRW0008753,2026-01-01 17:21:21,AGENT_BEHAVIOUR,MEDIUM,CLOSED,CALL,2026-01-08 17:21:21
COMPLAINT0004260,ACC0000472,BRW0002631,2026-01-12 15:05:11,PAYMENT,MEDIUM,CLOSED,EMAIL,2026-01-18 15:05:11
COMPLAINT0004261,ACC0020645,BRW0002139,2026-05-27 06:54:43,PRIVACY,CRITICAL,INVESTIGATING,CALL,2026-06-11 06:54:43
COMPLAINT0004262,ACC0002265,BRW0006024,2026-03-25 00:37:55,HARASSMENT,MEDIUM,RESOLVED,SMS,2026-04-11 00:37:55
COMPLAINT0004263,ACC0009170,BRW0003616,2026-06-26 09:48:24,DISPUTE,HIGH,OPEN,SMS,2026-07-03 09:48:24
COMPLAINT0004264,ACC0003756,BRW0009279,2026-01-11 06:55:49,DISPUTE,LOW,CLOSED,CALL,2026-01-17 06:55:49
COMPLAINT0004265,ACC0024391,BRW0003372,2026-08-02 22:03:48,HARASSMENT,HIGH,RESOLVED,WHATSAPP,2026-08-09 22:03:48
COMPLAINT0004266,ACC0008375,BRW0009717,2026-02-14 20:05:55,WRONG_CONTACT,MEDIUM,RESOLVED,WHATSAPP,2026-03-05 20:05:55
COMPLAINT0004267,ACC0010012,BRW0003177,2026-03-28 12:07:10,DISPUTE,LOW,INVESTIGATING,EMAIL,2026-04-03 12:07:10
COMPLAINT0004268,ACC0017751,BRW0006132,2026-02-07 02:48:32,DISPUTE,HIGH,RESOLVED,FIELD,2026-02-12 02:48:32
COMPLAINT0004269,ACC0002569,BRW0001759,2026-05-19 14:13:46,PAYMENT,HIGH,OPEN,SMS,2026-05-28 14:13:46
COMPLAINT0004270,ACC0025931,BRW0006929,2026-01-29 15:32:45,PRIVACY,MEDIUM,RESOLVED,WHATSAPP,2026-02-02 15:32:45
COMPLAINT0004271,ACC0000264,BRW0003556,2026-02-17 01:10:58,AGENT_BEHAVIOUR,LOW,CLOSED,WHATSAPP,2026-03-02 01:10:58
COMPLAINT0004272,ACC0013363,BRW0000824,2026-06-20 17:31:27,WRONG_CONTACT,CRITICAL,CLOSED,CALL,2026-06-23 17:31:27
COMPLAINT0004273,ACC0012453,BRW0010629,2026-05-09 06:04:57,PRIVACY,CRITICAL,OPEN,WHATSAPP,2026-05-15 06:04:57
COMPLAINT0004274,ACC0010882,BRW0003409,2026-04-20 05:41:37,AGENT_BEHAVIOUR,CRITICAL,INVESTIGATING,EMAIL,2026-04-24 05:41:37
COMPLAINT0004275,ACC0018090,BRW0006566,2026-04-09 15:36:04,DISPUTE,MEDIUM,CLOSED,SMS,2026-04-14 15:36:04
COMPLAINT0004276,ACC0010224,BRW0000555,2026-06-10 15:40:05,DND,CRITICAL,RESOLVED,SMS,2026-06-25 15:40:05
COMPLAINT0004277,ACC0025387,BRW0003447,2026-05-23 09:04:00,DISPUTE,CRITICAL,CLOSED,FIELD,2026-05-30 09:04:00
COMPLAINT0004278,ACC0015302,BRW0010233,2026-05-02 18:29:27,PRIVACY,HIGH,OPEN,SMS,2026-05-18 18:29:27
COMPLAINT0004279,ACC0015654,BRW0002985,2026-02-21 05:44:47,AGENT_BEHAVIOUR,LOW,RESOLVED,WHATSAPP,2026-03-12 05:44:47
COMPLAINT0004280,ACC0008156,BRW0010098,2026-02-01 15:40:37,DND,LOW,RESOLVED,EMAIL,2026-02-16 15:40:37
COMPLAINT0004281,ACC0018929,BRW0007873,2026-01-28 03:27:53,DISPUTE,HIGH,OPEN,SMS,2026-02-01 03:27:53
COMPLAINT0004282,ACC0023097,BRW0005203,2026-06-07 08:16:57,PRIVACY,CRITICAL,RESOLVED,FIELD,2026-06-12 08:16:57
COMPLAINT0004283,ACC0010799,BRW0003542,2026-06-19 21:07:52,AGENT_BEHAVIOUR,HIGH,RESOLVED,EMAIL,2026-07-01 21:07:52
COMPLAINT0004284,ACC0010155,BRW0008592,2026-06-23 09:23:29,PAYMENT,MEDIUM,INVESTIGATING,SMS,2026-07-11 09:23:29
COMPLAINT0004285,ACC0024280,BRW0004203,2026-06-30 11:37:49,AGENT_BEHAVIOUR,MEDIUM,RESOLVED,CALL,2026-07-07 11:37:49
COMPLAINT0004286,ACC0020760,BRW0001272,2026-07-06 15:20:08,HARASSMENT,LOW,CLOSED,EMAIL,2026-07-25 15:20:08
COMPLAINT0004287,ACC0016172,BRW0003717,2026-02-26 11:36:19,AGENT_BEHAVIOUR,HIGH,CLOSED,WHATSAPP,2026-03-10 11:36:19
COMPLAINT0004288,ACC0002950,BRW0004718,2026-06-04 06:22:41,WRONG_CONTACT,LOW,INVESTIGATING,SMS,2026-06-05 06:22:41
COMPLAINT0004289,ACC0013276,BRW0005461,2026-06-27 04:43:50,WRONG_CONTACT,LOW,CLOSED,SMS,2026-07-08 04:43:50
COMPLAINT0004290,ACC0022299,BRW0007913,2026-07-31 06:02:58,WRONG_CONTACT,LOW,CLOSED,WHATSAPP,2026-08-17 06:02:58
COMPLAINT0004291,ACC0027883,BRW0001076,2026-06-03 05:37:07,WRONG_CONTACT,MEDIUM,CLOSED,CALL,2026-06-11 05:37:07
COMPLAINT0004292,ACC0022662,BRW0004951,2026-06-25 09:17:03,HARASSMENT,CRITICAL,CLOSED,CALL,2026-06-27 09:17:03
COMPLAINT0004293,ACC0028967,BRW0004173,2026-01-26 00:08:06,DND,CRITICAL,OPEN,FIELD,2026-02-10 00:08:06
COMPLAINT0004294,ACC0026003,BRW0003271,2026-07-02 10:12:50,PAYMENT,CRITICAL,INVESTIGATING,CALL,2026-07-04 10:12:50
COMPLAINT0004295,ACC0012386,BRW0005858,2026-03-17 09:06:25,PRIVACY,MEDIUM,CLOSED,CALL,2026-03-18 09:06:25
COMPLAINT0004296,ACC0005351,BRW0005218,2026-06-13 10:09:03,WRONG_CONTACT,MEDIUM,INVESTIGATING,EMAIL,2026-06-20 10:09:03
COMPLAINT0004297,ACC0015141,BRW0010701,2026-04-12 08:20:29,AGENT_BEHAVIOUR,MEDIUM,RESOLVED,CALL,2026-04-22 08:20:29
COMPLAINT0004298,ACC0021818,BRW0005162,2026-03-10 03:09:26,DISPUTE,LOW,RESOLVED,CALL,2026-03-17 03:09:26
COMPLAINT0004299,ACC0007582,BRW0003097,2026-03-25 11:07:22,WRONG_CONTACT,LOW,CLOSED,SMS,2026-04-06 11:07:22
COMPLAINT0004300,ACC0004476,BRW0004035,2026-08-07 08:03:14,AGENT_BEHAVIOUR,MEDIUM,CLOSED,FIELD,2026-08-12 08:03:14
COMPLAINT0004301,ACC0008959,BRW0009706,2026-03-15 15:13:31,DISPUTE,MEDIUM,INVESTIGATING,SMS,2026-04-03 15:13:31
COMPLAINT0004302,ACC0013116,BRW0009079,2026-04-08 01:23:00,DND,HIGH,OPEN,FIELD,2026-04-21 01:23:00
COMPLAINT0004303,ACC0016989,BRW0009196,2026-01-27 01:11:22,DISPUTE,CRITICAL,CLOSED,EMAIL,2026-02-03 01:11:22
COMPLAINT0004304,ACC0029711,BRW0010660,2026-03-12 20:49:17,AGENT_BEHAVIOUR,CRITICAL,INVESTIGATING,FIELD,2026-03-31 20:49:17
COMPLAINT0004305,ACC0003523,BRW0001697,2026-04-20 08:08:19,PRIVACY,HIGH,INVESTIGATING,FIELD,2026-05-02 08:08:19
COMPLAINT0004306,ACC0004329,BRW0009597,2026-04-08 02:36:43,HARASSMENT,MEDIUM,OPEN,SMS,2026-04-21 02:36:43
COMPLAINT0004307,ACC0028310,BRW0002090,2026-06-28 03:20:27,HARASSMENT,HIGH,CLOSED,EMAIL,2026-07-06 03:20:27
COMPLAINT0004308,ACC0006143,BRW0001411,2026-02-22 16:28:51,DISPUTE,CRITICAL,INVESTIGATING,SMS,2026-03-10 16:28:51
COMPLAINT0004309,ACC0023689,BRW0002321,2026-01-26 18:15:51,AGENT_BEHAVIOUR,MEDIUM,OPEN,WHATSAPP,2026-02-06 18:15:51
COMPLAINT0004310,ACC0016231,BRW0010366,2026-02-21 12:35:26,DND,CRITICAL,RESOLVED,EMAIL,2026-03-04 12:35:26
COMPLAINT0004311,ACC0016683,BRW0009765,2026-03-28 03:36:16,AGENT_BEHAVIOUR,HIGH,RESOLVED,SMS,2026-04-03 03:36:16
COMPLAINT0004312,ACC0029204,BRW0005316,2026-03-18 06:38:01,DND,LOW,RESOLVED,CALL,2026-03-21 06:38:01
COMPLAINT0004313,ACC0010210,BRW0006856,2026-04-28 12:14:30,AGENT_BEHAVIOUR,HIGH,CLOSED,CALL,2026-05-01 12:14:30
COMPLAINT0004314,ACC0007263,BRW0004679,2026-03-04 03:22:58,HARASSMENT,CRITICAL,INVESTIGATING,SMS,2026-03-13 03:22:58
COMPLAINT0004315,ACC0004427,BRW0001729,2026-02-11 17:06:50,DND,CRITICAL,INVESTIGATING,FIELD,2026-02-23 17:06:50
COMPLAINT0004316,ACC0027993,BRW0011671,2026-07-21 05:37:00,DISPUTE,HIGH,INVESTIGATING,EMAIL,2026-08-07 05:37:00
COMPLAINT0004317,ACC0021391,BRW0001118,2026-05-16 20:22:37,PAYMENT,CRITICAL,CLOSED,SMS,2026-05-20 20:22:37
COMPLAINT0004318,ACC0025192,BRW0002776,2026-04-17 12:59:41,DISPUTE,LOW,OPEN,FIELD,2026-05-02 12:59:41
COMPLAINT0004319,ACC0019611,BRW0008304,2026-04-28 10:29:40,WRONG_CONTACT,LOW,RESOLVED,EMAIL,2026-05-17 10:29:40
COMPLAINT0004320,ACC0000991,BRW0003397,2026-02-05 20:02:30,AGENT_BEHAVIOUR,LOW,CLOSED,WHATSAPP,2026-02-13 20:02:30
COMPLAINT0004321,ACC0018414,BRW0002481,2026-05-25 05:42:33,PRIVACY,LOW,CLOSED,FIELD,2026-06-04 05:42:33
COMPLAINT0004322,ACC0029016,BRW0011621,2026-01-27 07:55:40,PAYMENT,MEDIUM,RESOLVED,SMS,2026-02-07 07:55:40
COMPLAINT0004323,ACC0014235,BRW0002052,2026-02-02 23:32:37,PAYMENT,MEDIUM,INVESTIGATING,FIELD,2026-02-16 23:32:37
COMPLAINT0004324,ACC0013451,BRW0000728,2026-04-17 07:04:31,HARASSMENT,LOW,INVESTIGATING,EMAIL,2026-04-27 07:04:31
COMPLAINT0004325,ACC0029796,BRW0000684,2026-07-05 18:42:11,AGENT_BEHAVIOUR,CRITICAL,INVESTIGATING,SMS,2026-07-13 18:42:11
COMPLAINT0004326,ACC0027706,BRW0002377,2026-02-02 11:28:08,PRIVACY,MEDIUM,INVESTIGATING,SMS,2026-02-04 11:28:08
COMPLAINT0004327,ACC0000993,BRW0011611,2026-01-15 19:04:28,PAYMENT,MEDIUM,INVESTIGATING,SMS,2026-01-31 19:04:28
COMPLAINT0004328,ACC0006673,BRW0002948,2026-03-20 16:21:11,PAYMENT,MEDIUM,CLOSED,SMS,2026-03-21 16:21:11
COMPLAINT0004329,ACC0004420,BRW0011437,2026-03-30 18:44:08,PRIVACY,LOW,RESOLVED,FIELD,2026-04-12 18:44:08
COMPLAINT0004330,ACC0022312,BRW0008369,2026-06-03 22:58:45,PAYMENT,LOW,OPEN,CALL,2026-06-05 22:58:45
COMPLAINT0004331,ACC0028382,BRW0000859,2026-02-13 07:46:56,HARASSMENT,MEDIUM,INVESTIGATING,FIELD,2026-02-26 07:46:56
COMPLAINT0004332,ACC0012343,BRW0008828,2026-05-19 12:02:04,WRONG_CONTACT,CRITICAL,INVESTIGATING,CALL,2026-06-01 12:02:04
COMPLAINT0004333,ACC0012691,BRW0010368,2026-02-11 17:37:12,DISPUTE,LOW,CLOSED,FIELD,2026-02-24 17:37:12
COMPLAINT0004334,ACC0018279,BRW0003098,2026-06-30 21:51:22,DISPUTE,MEDIUM,INVESTIGATING,CALL,2026-07-14 21:51:22
COMPLAINT0004335,ACC0029393,BRW0001519,2026-04-05 04:45:53,DND,MEDIUM,INVESTIGATING,CALL,2026-04-21 04:45:53
COMPLAINT0004336,ACC0015668,BRW0003019,2026-04-14 14:17:58,PAYMENT,LOW,CLOSED,FIELD,2026-05-01 14:17:58
COMPLAINT0004337,ACC0020265,BRW0002842,2026-06-17 08:23:42,HARASSMENT,HIGH,OPEN,CALL,2026-06-19 08:23:42
COMPLAINT0004338,ACC0016753,BRW0000740,2026-02-12 14:23:43,DND,MEDIUM,INVESTIGATING,CALL,2026-02-25 14:23:43
COMPLAINT0004339,ACC0006136,BRW0001887,2026-04-29 00:36:24,PRIVACY,MEDIUM,INVESTIGATING,SMS,2026-05-03 00:36:24
COMPLAINT0004340,ACC0021990,BRW0005959,2026-03-05 14:40:27,AGENT_BEHAVIOUR,MEDIUM,INVESTIGATING,WHATSAPP,2026-03-07 14:40:27
COMPLAINT0004341,ACC0018385,BRW0002758,2026-07-26 18:03:43,DND,LOW,INVESTIGATING,EMAIL,2026-07-27 18:03:43
COMPLAINT0004342,ACC0021914,BRW0006566,2026-06-09 00:57:40,AGENT_BEHAVIOUR,MEDIUM,CLOSED,SMS,2026-06-19 00:57:40
COMPLAINT0004343,ACC0012012,BRW0004220,2026-04-16 12:10:32,HARASSMENT,CRITICAL,INVESTIGATING,CALL,2026-04-22 12:10:32
COMPLAINT0004344,ACC0028282,BRW0002304,2026-07-03 16:55:30,AGENT_BEHAVIOUR,MEDIUM,INVESTIGATING,EMAIL,2026-07-16 16:55:30
COMPLAINT0004345,ACC0001407,BRW0008599,2026-07-17 05:42:10,HARASSMENT,MEDIUM,INVESTIGATING,FIELD,2026-07-21 05:42:10
COMPLAINT0004346,ACC0017816,BRW0004312,2026-07-23 22:31:07,DND,MEDIUM,RESOLVED,FIELD,2026-07-24 22:31:07
COMPLAINT0004347,ACC0005862,BRW0008900,2026-01-02 07:36:49,AGENT_BEHAVIOUR,MEDIUM,INVESTIGATING,SMS,2026-01-14 07:36:49
COMPLAINT0004348,ACC0008144,BRW0002024,2026-07-19 18:15:37,PRIVACY,MEDIUM,OPEN,EMAIL,2026-07-24 18:15:37
COMPLAINT0004349,ACC0021099,BRW0009515,2026-01-20 20:59:11,WRONG_CONTACT,MEDIUM,RESOLVED,SMS,2026-02-05 20:59:11
COMPLAINT0004350,ACC0000558,BRW0011412,2026-08-07 15:09:07,WRONG_CONTACT,MEDIUM,CLOSED,SMS,2026-08-11 15:09:07
COMPLAINT0004351,ACC0015141,BRW0006210,2026-01-25 13:34:09,DISPUTE,CRITICAL,CLOSED,SMS,2026-01-29 13:34:09
COMPLAINT0004352,ACC0024747,BRW0010857,2026-04-17 05:03:21,WRONG_CONTACT,CRITICAL,CLOSED,SMS,2026-04-28 05:03:21
COMPLAINT0004353,ACC0012826,BRW0003655,2026-07-30 02:52:49,HARASSMENT,HIGH,RESOLVED,FIELD,2026-08-04 02:52:49
COMPLAINT0004354,ACC0011727,BRW0004109,2026-03-17 20:25:18,DND,LOW,OPEN,WHATSAPP,2026-03-24 20:25:18
COMPLAINT0004355,ACC0017053,BRW0009502,2026-04-18 22:48:37,DISPUTE,MEDIUM,RESOLVED,EMAIL,2026-05-07 22:48:37
COMPLAINT0004356,ACC0021046,BRW0002914,2026-03-06 01:40:26,AGENT_BEHAVIOUR,CRITICAL,RESOLVED,FIELD,2026-03-11 01:40:26
COMPLAINT0004357,ACC0008488,BRW0008098,2026-02-12 23:06:36,DISPUTE,HIGH,OPEN,EMAIL,2026-02-20 23:06:36
COMPLAINT0004358,ACC0018390,BRW0007291,2026-06-04 02:58:37,DISPUTE,LOW,INVESTIGATING,CALL,2026-06-18 02:58:37
COMPLAINT0004359,ACC0025250,BRW0011116,2026-03-17 02:45:50,DISPUTE,MEDIUM,OPEN,FIELD,2026-03-26 02:45:50
COMPLAINT0004360,ACC0010746,BRW0003871,2026-01-11 06:33:44,AGENT_BEHAVIOUR,HIGH,OPEN,EMAIL,2026-01-12 06:33:44
COMPLAINT0004361,ACC0005117,BRW0005048,2026-04-06 08:50:25,PRIVACY,CRITICAL,OPEN,FIELD,2026-04-19 08:50:25
COMPLAINT0004362,ACC0027288,BRW0004492,2026-04-28 01:39:57,HARASSMENT,LOW,CLOSED,SMS,2026-05-16 01:39:57
COMPLAINT0004363,ACC0018909,BRW0010895,2026-04-08 03:54:45,AGENT_BEHAVIOUR,CRITICAL,CLOSED,SMS,2026-04-18 03:54:45
COMPLAINT0004364,ACC0018853,BRW0000907,2026-05-30 09:39:02,PAYMENT,HIGH,INVESTIGATING,FIELD,2026-06-03 09:39:02
COMPLAINT0004365,ACC0002564,BRW0008236,2026-01-27 09:59:12,PAYMENT,LOW,CLOSED,WHATSAPP,2026-02-07 09:59:12
COMPLAINT0004366,ACC0028060,BRW0003829,2026-05-03 11:26:52,PRIVACY,HIGH,CLOSED,EMAIL,2026-05-13 11:26:52
COMPLAINT0004367,ACC0028177,BRW0005498,2026-04-21 17:12:22,AGENT_BEHAVIOUR,MEDIUM,CLOSED,CALL,2026-05-09 17:12:22
COMPLAINT0004368,ACC0020243,BRW0001718,2026-05-12 07:05:18,DISPUTE,HIGH,CLOSED,CALL,2026-05-25 07:05:18
COMPLAINT0004369,ACC0011820,BRW0001827,2026-04-17 11:27:21,PRIVACY,MEDIUM,CLOSED,SMS,2026-04-24 11:27:21
COMPLAINT0004370,ACC0024316,BRW0001673,2026-06-10 19:10:56,DISPUTE,MEDIUM,RESOLVED,CALL,2026-06-20 19:10:56
COMPLAINT0004371,ACC0027723,BRW0004852,2026-05-09 07:40:36,HARASSMENT,LOW,INVESTIGATING,FIELD,2026-05-27 07:40:36
COMPLAINT0004372,ACC0005273,BRW0010247,2026-04-28 01:28:55,PRIVACY,LOW,INVESTIGATING,WHATSAPP,2026-05-17 01:28:55
COMPLAINT0004373,ACC0015886,BRW0001061,2026-03-27 22:30:45,HARASSMENT,HIGH,OPEN,WHATSAPP,2026-04-12 22:30:45
COMPLAINT0004374,ACC0010391,BRW0006432,2026-02-28 20:16:15,PRIVACY,CRITICAL,RESOLVED,FIELD,2026-03-18 20:16:15
COMPLAINT0004375,ACC0013553,BRW0010703,2026-02-28 03:46:27,AGENT_BEHAVIOUR,CRITICAL,CLOSED,EMAIL,2026-03-15 03:46:27
COMPLAINT0004376,ACC0001326,BRW0000797,2026-02-22 21:07:40,DND,CRITICAL,INVESTIGATING,SMS,2026-03-10 21:07:40
COMPLAINT0004377,ACC0005989,BRW0005211,2026-01-27 11:12:13,PAYMENT,CRITICAL,OPEN,FIELD,2026-02-08 11:12:13
COMPLAINT0004378,ACC0008182,BRW0009472,2026-01-16 16:01:18,DND,HIGH,RESOLVED,FIELD,2026-01-28 16:01:18
COMPLAINT0004379,ACC0011159,BRW0004639,2026-04-27 19:00:41,AGENT_BEHAVIOUR,LOW,INVESTIGATING,FIELD,2026-05-15 19:00:41
COMPLAINT0004380,ACC0027539,BRW0006654,2026-04-01 10:51:33,HARASSMENT,LOW,CLOSED,WHATSAPP,2026-04-02 10:51:33
COMPLAINT0004381,ACC0012897,BRW0002403,2026-02-14 03:26:30,WRONG_CONTACT,HIGH,INVESTIGATING,WHATSAPP,2026-02-17 03:26:30
COMPLAINT0004382,ACC0002446,BRW0004942,2026-05-19 12:35:45,PAYMENT,MEDIUM,INVESTIGATING,FIELD,2026-06-07 12:35:45
COMPLAINT0004383,ACC0006731,BRW0010973,2026-06-21 14:25:44,DISPUTE,CRITICAL,OPEN,CALL,2026-07-07 14:25:44
COMPLAINT0004384,ACC0013046,BRW0000276,2026-07-19 14:53:39,HARASSMENT,MEDIUM,CLOSED,SMS,2026-07-31 14:53:39
COMPLAINT0004385,ACC0017079,BRW0004237,2026-05-17 11:36:24,DISPUTE,MEDIUM,CLOSED,WHATSAPP,2026-05-22 11:36:24
COMPLAINT0004386,ACC0009221,BRW0006985,2026-04-19 17:34:17,DISPUTE,CRITICAL,INVESTIGATING,CALL,2026-04-28 17:34:17
COMPLAINT0004387,ACC0015290,BRW0009776,2026-02-16 19:49:18,DISPUTE,HIGH,CLOSED,CALL,2026-03-03 19:49:18
COMPLAINT0004388,ACC0028710,BRW0002253,2026-05-03 17:14:38,PRIVACY,CRITICAL,INVESTIGATING,EMAIL,2026-05-22 17:14:38
COMPLAINT0004389,ACC0028631,BRW0008142,2026-07-11 08:26:34,PRIVACY,MEDIUM,OPEN,SMS,2026-07-23 08:26:34
COMPLAINT0004390,ACC0012823,BRW0007477,2026-03-02 01:14:57,PRIVACY,CRITICAL,INVESTIGATING,EMAIL,2026-03-13 01:14:57
COMPLAINT0004391,ACC0022640,BRW0007102,2026-01-12 09:11:17,DISPUTE,HIGH,RESOLVED,WHATSAPP,2026-01-16 09:11:17
COMPLAINT0004392,ACC0006979,BRW0011260,2026-08-01 03:58:10,PRIVACY,HIGH,RESOLVED,CALL,2026-08-02 03:58:10
COMPLAINT0004393,ACC0015810,BRW0002991,2026-01-18 16:52:59,WRONG_CONTACT,MEDIUM,CLOSED,EMAIL,2026-01-24 16:52:59
COMPLAINT0004394,ACC0019717,BRW0005344,2026-05-15 07:03:48,PAYMENT,HIGH,INVESTIGATING,CALL,2026-05-28 07:03:48
COMPLAINT0004395,ACC0001587,BRW0008998,2026-01-14 02:50:59,DISPUTE,HIGH,OPEN,CALL,2026-01-18 02:50:59
COMPLAINT0004396,ACC0026025,BRW0010889,2026-05-01 01:03:56,DND,CRITICAL,INVESTIGATING,CALL,2026-05-09 01:03:56
COMPLAINT0004397,ACC0006163,BRW0004984,2026-08-02 15:38:34,PRIVACY,MEDIUM,INVESTIGATING,FIELD,2026-08-11 15:38:34
COMPLAINT0004398,ACC0021430,BRW0006694,2026-03-31 08:07:58,PRIVACY,CRITICAL,RESOLVED,SMS,2026-04-08 08:07:58
COMPLAINT0004399,ACC0024129,BRW0003822,2026-03-29 16:04:26,PRIVACY,HIGH,OPEN,SMS,2026-03-31 16:04:26
COMPLAINT0004400,ACC0004676,BRW0005679,2026-01-21 03:08:21,HARASSMENT,HIGH,CLOSED,WHATSAPP,2026-02-07 03:08:21
COMPLAINT0004401,ACC0009866,BRW0006961,2026-01-15 09:58:56,AGENT_BEHAVIOUR,LOW,INVESTIGATING,SMS,2026-02-03 09:58:56
COMPLAINT0004402,ACC0007437,BRW0000437,2026-02-24 16:25:51,AGENT_BEHAVIOUR,MEDIUM,RESOLVED,WHATSAPP,2026-03-09 16:25:51
COMPLAINT0004403,ACC0012562,BRW0010320,2026-01-22 05:06:54,HARASSMENT,CRITICAL,RESOLVED,WHATSAPP,2026-01-29 05:06:54
COMPLAINT0004404,ACC0001389,BRW0009190,2026-07-31 21:32:46,AGENT_BEHAVIOUR,CRITICAL,OPEN,WHATSAPP,2026-08-09 21:32:46
COMPLAINT0004405,ACC0019837,BRW0009343,2026-04-15 01:36:24,AGENT_BEHAVIOUR,CRITICAL,CLOSED,CALL,2026-04-27 01:36:24
COMPLAINT0004406,ACC0020458,BRW0011614,2026-03-03 01:38:49,PAYMENT,LOW,OPEN,FIELD,2026-03-19 01:38:49
COMPLAINT0004407,ACC0015148,BRW0005386,2026-01-19 12:01:54,DND,MEDIUM,RESOLVED,WHATSAPP,2026-01-24 12:01:54
COMPLAINT0004408,ACC0018022,BRW0008699,2026-05-28 06:01:46,PRIVACY,MEDIUM,INVESTIGATING,WHATSAPP,2026-06-08 06:01:46
COMPLAINT0004409,ACC0009594,BRW0003073,2026-01-22 03:02:26,AGENT_BEHAVIOUR,HIGH,INVESTIGATING,WHATSAPP,2026-01-30 03:02:26
COMPLAINT0004410,ACC0023737,BRW0000988,2026-07-26 01:23:01,HARASSMENT,CRITICAL,RESOLVED,CALL,2026-08-11 01:23:01
COMPLAINT0004411,ACC0001016,BRW0004502,2026-03-21 04:26:00,WRONG_CONTACT,MEDIUM,CLOSED,SMS,2026-03-30 04:26:00
COMPLAINT0004412,ACC0024917,BRW0010125,2026-04-26 21:22:46,AGENT_BEHAVIOUR,LOW,OPEN,CALL,2026-05-14 21:22:46
COMPLAINT0004413,ACC0011043,BRW0007975,2026-07-21 06:27:43,DND,HIGH,CLOSED,CALL,2026-08-02 06:27:43
COMPLAINT0004414,ACC0022008,BRW0006203,2026-06-07 01:28:22,PRIVACY,CRITICAL,RESOLVED,CALL,2026-06-11 01:28:22
COMPLAINT0004415,ACC0017550,BRW0006840,2026-04-21 17:42:28,PRIVACY,HIGH,RESOLVED,FIELD,2026-05-08 17:42:28
COMPLAINT0004416,ACC0021868,BRW0008598,2026-03-25 21:46:26,PRIVACY,HIGH,CLOSED,CALL,2026-04-12 21:46:26
COMPLAINT0004417,ACC0019058,BRW0006572,2026-06-06 12:11:32,PAYMENT,LOW,INVESTIGATING,FIELD,2026-06-10 12:11:32
COMPLAINT0004418,ACC0009017,BRW0007485,2026-01-10 10:22:25,AGENT_BEHAVIOUR,HIGH,OPEN,EMAIL,2026-01-27 10:22:25
COMPLAINT0004419,ACC0023919,BRW0007168,2026-03-21 04:01:00,PAYMENT,MEDIUM,OPEN,FIELD,2026-03-25 04:01:00
COMPLAINT0004420,ACC0007508,BRW0002873,2026-03-28 13:26:12,DISPUTE,MEDIUM,OPEN,SMS,2026-04-10 13:26:12
COMPLAINT0004421,ACC0017073,BRW0002603,2026-01-28 17:07:13,PAYMENT,MEDIUM,OPEN,SMS,2026-02-02 17:07:13
COMPLAINT0004422,ACC0004862,BRW0005357,2026-06-07 17:16:41,WRONG_CONTACT,HIGH,OPEN,CALL,2026-06-16 17:16:41
COMPLAINT0004423,ACC0007405,BRW0007709,2026-07-16 17:08:53,DND,MEDIUM,OPEN,FIELD,2026-07-25 17:08:53
COMPLAINT0004424,ACC0023634,BRW0005611,2026-02-15 17:37:24,PAYMENT,MEDIUM,CLOSED,WHATSAPP,2026-02-28 17:37:24
COMPLAINT0004425,ACC0028109,BRW0005006,2026-01-17 13:05:06,DISPUTE,HIGH,INVESTIGATING,CALL,2026-01-29 13:05:06
COMPLAINT0004426,ACC0027136,BRW0009482,2026-02-09 06:11:59,DND,HIGH,OPEN,FIELD,2026-02-13 06:11:59
COMPLAINT0004427,ACC0019793,BRW0006264,2026-04-30 14:03:28,WRONG_CONTACT,LOW,INVESTIGATING,CALL,2026-05-16 14:03:28
COMPLAINT0004428,ACC0029282,BRW0008794,2026-06-27 20:09:53,DND,HIGH,INVESTIGATING,CALL,2026-07-12 20:09:53
COMPLAINT0004429,ACC0002418,BRW0008723,2026-04-16 01:38:30,WRONG_CONTACT,HIGH,CLOSED,CALL,2026-04-30 01:38:30
COMPLAINT0004430,ACC0016121,BRW0007909,2026-03-27 08:00:04,HARASSMENT,LOW,INVESTIGATING,FIELD,2026-04-14 08:00:04
COMPLAINT0004431,ACC0010232,BRW0000155,2026-04-06 07:16:49,HARASSMENT,MEDIUM,CLOSED,CALL,2026-04-25 07:16:49
COMPLAINT0004432,ACC0010211,BRW0000914,2026-04-17 06:43:46,DND,HIGH,INVESTIGATING,FIELD,2026-05-05 06:43:46
COMPLAINT0004433,ACC0017408,BRW0002394,2026-01-04 18:14:31,PRIVACY,HIGH,INVESTIGATING,EMAIL,2026-01-07 18:14:31
COMPLAINT0004434,ACC0011400,BRW0005714,2026-03-25 17:51:09,DISPUTE,LOW,CLOSED,SMS,2026-04-06 17:51:09
COMPLAINT0004435,ACC0014849,BRW0005664,2026-05-09 10:19:45,DND,CRITICAL,OPEN,WHATSAPP,2026-05-27 10:19:45
COMPLAINT0004436,ACC0026536,BRW0001453,2026-07-13 03:24:35,DND,HIGH,CLOSED,FIELD,2026-08-01 03:24:35
COMPLAINT0004437,ACC0021688,BRW0002017,2026-06-02 01:14:13,DISPUTE,LOW,RESOLVED,FIELD,2026-06-04 01:14:13
COMPLAINT0004438,ACC0016849,BRW0009977,2026-01-10 22:38:09,PAYMENT,HIGH,CLOSED,CALL,2026-01-24 22:38:09
COMPLAINT0004439,ACC0028113,BRW0002731,2026-04-13 04:50:01,PAYMENT,HIGH,INVESTIGATING,SMS,2026-04-18 04:50:01
COMPLAINT0004440,ACC0017843,BRW0006570,2026-01-29 20:16:23,AGENT_BEHAVIOUR,CRITICAL,OPEN,WHATSAPP,2026-02-07 20:16:23
COMPLAINT0004441,ACC0021484,BRW0009200,2026-06-14 18:46:14,PRIVACY,HIGH,INVESTIGATING,CALL,2026-06-29 18:46:14
COMPLAINT0004442,ACC0015488,BRW0008105,2026-04-08 21:26:40,AGENT_BEHAVIOUR,HIGH,CLOSED,FIELD,2026-04-11 21:26:40
COMPLAINT0004443,ACC0016952,BRW0009207,2026-05-01 21:21:00,DND,MEDIUM,INVESTIGATING,WHATSAPP,2026-05-03 21:21:00
COMPLAINT0004444,ACC0001532,BRW0004813,2026-07-29 00:39:05,HARASSMENT,CRITICAL,RESOLVED,CALL,2026-08-05 00:39:05
COMPLAINT0004445,ACC0029662,BRW0000872,2026-07-30 18:30:30,HARASSMENT,HIGH,CLOSED,WHATSAPP,2026-08-10 18:30:30
COMPLAINT0004446,ACC0003242,BRW0006014,2026-06-19 04:27:26,AGENT_BEHAVIOUR,HIGH,CLOSED,EMAIL,2026-07-01 04:27:26
COMPLAINT0004447,ACC0000897,BRW0004056,2026-06-09 01:26:00,HARASSMENT,CRITICAL,OPEN,WHATSAPP,2026-06-23 01:26:00
COMPLAINT0004448,ACC0002181,BRW0009764,2026-06-29 05:56:16,AGENT_BEHAVIOUR,HIGH,INVESTIGATING,SMS,2026-07-10 05:56:16
COMPLAINT0004449,ACC0020464,BRW0008756,2026-06-29 03:46:33,DISPUTE,CRITICAL,OPEN,WHATSAPP,2026-07-11 03:46:33
COMPLAINT0004450,ACC0010180,BRW0011896,2026-06-06 19:32:20,HARASSMENT,CRITICAL,OPEN,FIELD,2026-06-14 19:32:20
COMPLAINT0004451,ACC0001454,BRW0009416,2026-04-26 13:36:12,DND,CRITICAL,OPEN,CALL,2026-05-02 13:36:12
COMPLAINT0004452,ACC0028840,BRW0003664,2026-06-27 04:39:37,DISPUTE,CRITICAL,RESOLVED,WHATSAPP,2026-07-13 04:39:37
COMPLAINT0004453,ACC0008209,BRW0001674,2026-02-06 02:52:01,AGENT_BEHAVIOUR,LOW,OPEN,EMAIL,2026-02-22 02:52:01
COMPLAINT0004454,ACC0023018,BRW0002004,2026-07-29 19:35:09,PRIVACY,LOW,OPEN,WHATSAPP,2026-08-10 19:35:09
COMPLAINT0004455,ACC0000297,BRW0005693,2026-06-04 03:23:21,PAYMENT,LOW,RESOLVED,SMS,2026-06-22 03:23:21
COMPLAINT0004456,ACC0016275,BRW0008672,2026-02-28 09:41:11,WRONG_CONTACT,CRITICAL,INVESTIGATING,WHATSAPP,2026-03-08 09:41:11
COMPLAINT0004457,ACC0020071,BRW0011440,2026-05-30 20:49:17,DISPUTE,HIGH,RESOLVED,CALL,2026-06-15 20:49:17
COMPLAINT0004458,ACC0014754,BRW0000493,2026-03-08 20:54:09,PAYMENT,MEDIUM,OPEN,FIELD,2026-03-24 20:54:09
COMPLAINT0004459,ACC0020798,BRW0001343,2026-06-24 16:40:20,HARASSMENT,MEDIUM,INVESTIGATING,WHATSAPP,2026-07-12 16:40:20
COMPLAINT0004460,ACC0005159,BRW0009860,2026-05-19 09:12:12,HARASSMENT,CRITICAL,RESOLVED,EMAIL,2026-06-07 09:12:12
COMPLAINT0004461,ACC0016305,BRW0003929,2026-05-07 18:59:20,WRONG_CONTACT,LOW,RESOLVED,SMS,2026-05-26 18:59:20
COMPLAINT0004462,ACC0025275,BRW0008140,2026-07-10 19:53:34,PRIVACY,CRITICAL,RESOLVED,EMAIL,2026-07-12 19:53:34
COMPLAINT0004463,ACC0018076,BRW0003305,2026-07-15 22:08:18,PRIVACY,MEDIUM,INVESTIGATING,FIELD,2026-07-18 22:08:18
COMPLAINT0004464,ACC0019921,BRW0000426,2026-04-19 14:49:43,DISPUTE,HIGH,CLOSED,SMS,2026-04-29 14:49:43
COMPLAINT0004465,ACC0016430,BRW0010820,2026-02-17 04:12:26,PAYMENT,LOW,RESOLVED,FIELD,2026-03-02 04:12:26
COMPLAINT0004466,ACC0015805,BRW0001928,2026-05-22 13:13:45,PRIVACY,CRITICAL,CLOSED,SMS,2026-06-08 13:13:45
COMPLAINT0004467,ACC0017996,BRW0006983,2026-05-05 06:35:24,PAYMENT,MEDIUM,CLOSED,FIELD,2026-05-20 06:35:24
COMPLAINT0004468,ACC0020688,BRW0005663,2026-05-12 17:20:15,HARASSMENT,CRITICAL,OPEN,FIELD,2026-05-24 17:20:15
COMPLAINT0004469,ACC0028065,BRW0004122,2026-02-02 11:46:24,PRIVACY,LOW,INVESTIGATING,CALL,2026-02-19 11:46:24
COMPLAINT0004470,ACC0005466,BRW0004874,2026-02-07 18:33:38,PRIVACY,CRITICAL,OPEN,EMAIL,2026-02-24 18:33:38
COMPLAINT0004471,ACC0028904,BRW0008510,2026-07-10 13:54:00,AGENT_BEHAVIOUR,HIGH,OPEN,FIELD,2026-07-19 13:54:00
COMPLAINT0004472,ACC0022539,BRW0004989,2026-08-01 23:19:50,PRIVACY,HIGH,OPEN,CALL,2026-08-10 23:19:50
COMPLAINT0004473,ACC0005967,BRW0010525,2026-07-01 00:19:14,DISPUTE,HIGH,OPEN,WHATSAPP,2026-07-19 00:19:14
COMPLAINT0004474,ACC0013383,BRW0001575,2026-03-10 09:00:12,PRIVACY,MEDIUM,CLOSED,WHATSAPP,2026-03-22 09:00:12
COMPLAINT0004475,ACC0005322,BRW0003136,2026-05-19 13:15:42,PRIVACY,MEDIUM,RESOLVED,FIELD,2026-06-04 13:15:42
COMPLAINT0004476,ACC0022181,BRW0009215,2026-07-25 23:55:19,DISPUTE,LOW,CLOSED,FIELD,2026-07-31 23:55:19
COMPLAINT0004477,ACC0006871,BRW0004856,2026-04-20 09:30:55,AGENT_BEHAVIOUR,HIGH,INVESTIGATING,CALL,2026-04-23 09:30:55
COMPLAINT0004478,ACC0016923,BRW0006200,2026-02-21 02:30:09,HARASSMENT,LOW,INVESTIGATING,EMAIL,2026-03-07 02:30:09
COMPLAINT0004479,ACC0003266,BRW0003090,2026-06-13 19:35:45,PRIVACY,CRITICAL,RESOLVED,FIELD,2026-06-20 19:35:45
COMPLAINT0004480,ACC0018960,BRW0002354,2026-03-09 15:35:11,HARASSMENT,HIGH,CLOSED,CALL,2026-03-15 15:35:11
COMPLAINT0004481,ACC0021865,BRW0000428,2026-05-09 10:52:43,DISPUTE,CRITICAL,CLOSED,FIELD,2026-05-14 10:52:43
COMPLAINT0004482,ACC0003064,BRW0003921,2026-07-09 16:36:47,PAYMENT,LOW,INVESTIGATING,CALL,2026-07-28 16:36:47
COMPLAINT0004483,ACC0016013,BRW0006535,2026-02-21 16:01:07,DND,CRITICAL,OPEN,CALL,2026-03-05 16:01:07
COMPLAINT0004484,ACC0011072,BRW0000345,2026-03-21 13:39:39,PAYMENT,HIGH,CLOSED,FIELD,2026-04-02 13:39:39
COMPLAINT0004485,ACC0024859,BRW0010987,2026-01-21 02:05:27,PRIVACY,CRITICAL,OPEN,SMS,2026-02-02 02:05:27
COMPLAINT0004486,ACC0022885,BRW0007946,2026-02-10 20:45:49,PRIVACY,CRITICAL,RESOLVED,EMAIL,2026-02-12 20:45:49
COMPLAINT0004487,ACC0013995,BRW0005183,2026-04-07 09:41:32,AGENT_BEHAVIOUR,LOW,INVESTIGATING,FIELD,2026-04-13 09:41:32
COMPLAINT0004488,ACC0010752,BRW0001337,2026-05-11 09:52:36,HARASSMENT,MEDIUM,RESOLVED,SMS,2026-05-18 09:52:36
COMPLAINT0004489,ACC0001324,BRW0009992,2026-05-29 10:01:43,PAYMENT,LOW,RESOLVED,WHATSAPP,2026-06-10 10:01:43
COMPLAINT0004490,ACC0026832,BRW0011811,2026-02-07 22:17:38,DND,MEDIUM,INVESTIGATING,CALL,2026-02-23 22:17:38
COMPLAINT0004491,ACC0015573,BRW0004208,2026-06-29 09:36:15,PAYMENT,HIGH,INVESTIGATING,SMS,2026-07-16 09:36:15
COMPLAINT0004492,ACC0029152,BRW0006394,2026-07-12 05:31:55,AGENT_BEHAVIOUR,HIGH,INVESTIGATING,SMS,2026-07-15 05:31:55
COMPLAINT0004493,ACC0014895,BRW0005714,2026-01-24 20:27:26,PAYMENT,LOW,CLOSED,FIELD,2026-02-08 20:27:26
COMPLAINT0004494,ACC0002920,BRW0010076,2026-05-09 07:05:32,AGENT_BEHAVIOUR,HIGH,CLOSED,CALL,2026-05-25 07:05:32
COMPLAINT0004495,ACC0008832,BRW0001385,2026-07-25 05:25:44,HARASSMENT,CRITICAL,CLOSED,EMAIL,2026-08-13 05:25:44
COMPLAINT0004496,ACC0023541,BRW0001821,2026-03-08 05:43:00,WRONG_CONTACT,HIGH,CLOSED,SMS,2026-03-11 05:43:00
COMPLAINT0004497,ACC0013176,BRW0010473,2026-03-05 00:02:05,HARASSMENT,MEDIUM,CLOSED,FIELD,2026-03-06 00:02:05
COMPLAINT0004498,ACC0028926,BRW0009652,2026-08-05 18:11:14,AGENT_BEHAVIOUR,HIGH,OPEN,WHATSAPP,2026-08-21 18:11:14
COMPLAINT0004499,ACC0026648,BRW0003630,2026-03-19 12:01:16,DND,HIGH,INVESTIGATING,EMAIL,2026-03-26 12:01:16
COMPLAINT0004500,ACC0006090,BRW0006002,2026-07-07 16:03:56,PRIVACY,LOW,OPEN,SMS,2026-07-17 16:03:56
COMPLAINT0004501,ACC0021091,BRW0010034,2026-01-09 18:06:09,DISPUTE,CRITICAL,OPEN,CALL,2026-01-23 18:06:09
COMPLAINT0004502,ACC0017475,BRW0006375,2026-05-29 03:34:40,HARASSMENT,HIGH,OPEN,FIELD,2026-06-07 03:34:40
COMPLAINT0004503,ACC0016894,BRW0011664,2026-06-20 13:41:45,PAYMENT,HIGH,CLOSED,FIELD,2026-07-07 13:41:45
COMPLAINT0004504,ACC0008488,BRW0009801,2026-03-01 03:01:15,DISPUTE,MEDIUM,OPEN,WHATSAPP,2026-03-10 03:01:15
COMPLAINT0004505,ACC0003632,BRW0007266,2026-04-14 20:55:38,WRONG_CONTACT,LOW,RESOLVED,EMAIL,2026-05-02 20:55:38
COMPLAINT0004506,ACC0011587,BRW0000123,2026-05-25 17:25:44,WRONG_CONTACT,CRITICAL,CLOSED,EMAIL,2026-06-02 17:25:44
COMPLAINT0004507,ACC0025601,BRW0000011,2026-04-30 14:58:57,DND,HIGH,CLOSED,EMAIL,2026-05-03 14:58:57
COMPLAINT0004508,ACC0027391,BRW0011034,2026-01-21 00:23:10,DISPUTE,LOW,CLOSED,WHATSAPP,2026-01-30 00:23:10
COMPLAINT0004509,ACC0014142,BRW0010211,2026-03-11 21:04:24,DISPUTE,LOW,INVESTIGATING,FIELD,2026-03-25 21:04:24
COMPLAINT0004510,ACC0019414,BRW0011130,2026-06-12 20:07:32,DND,LOW,OPEN,WHATSAPP,2026-06-22 20:07:32
COMPLAINT0004511,ACC0027170,BRW0011388,2026-06-25 17:55:16,AGENT_BEHAVIOUR,HIGH,OPEN,CALL,2026-07-08 17:55:16
COMPLAINT0004512,ACC0027590,BRW0005018,2026-05-28 01:17:43,DND,CRITICAL,INVESTIGATING,FIELD,2026-06-15 01:17:43
COMPLAINT0004513,ACC0002190,BRW0011372,2026-04-13 05:03:00,AGENT_BEHAVIOUR,HIGH,RESOLVED,WHATSAPP,2026-04-20 05:03:00
COMPLAINT0004514,ACC0005507,BRW0004052,2026-03-09 19:35:39,PAYMENT,LOW,RESOLVED,SMS,2026-03-25 19:35:39
COMPLAINT0004515,ACC0024924,BRW0010888,2026-02-14 07:29:57,DND,LOW,CLOSED,CALL,2026-02-20 07:29:57
COMPLAINT0004516,ACC0006679,BRW0003288,2026-07-25 17:10:57,HARASSMENT,LOW,CLOSED,CALL,2026-08-02 17:10:57
COMPLAINT0004517,ACC0013211,BRW0000156,2026-05-21 15:07:09,HARASSMENT,CRITICAL,OPEN,SMS,2026-06-08 15:07:09
COMPLAINT0004518,ACC0016272,BRW0001666,2026-06-24 15:43:17,HARASSMENT,LOW,CLOSED,EMAIL,2026-07-07 15:43:17
COMPLAINT0004519,ACC0011394,BRW0002866,2026-03-28 17:25:38,HARASSMENT,HIGH,OPEN,FIELD,2026-04-10 17:25:38
COMPLAINT0004520,ACC0025284,BRW0000953,2026-03-11 01:44:41,PRIVACY,MEDIUM,INVESTIGATING,EMAIL,2026-03-14 01:44:41
COMPLAINT0004521,ACC0029658,BRW0005605,2026-07-12 19:52:24,DND,CRITICAL,RESOLVED,CALL,2026-07-16 19:52:24
COMPLAINT0004522,ACC0001258,BRW0009559,2026-02-07 03:53:16,WRONG_CONTACT,CRITICAL,OPEN,EMAIL,2026-02-14 03:53:16
COMPLAINT0004523,ACC0012207,BRW0006837,2026-02-17 04:55:57,WRONG_CONTACT,MEDIUM,OPEN,FIELD,2026-03-03 04:55:57
COMPLAINT0004524,ACC0022376,BRW0007897,2026-05-12 14:37:15,AGENT_BEHAVIOUR,HIGH,INVESTIGATING,FIELD,2026-05-15 14:37:15
COMPLAINT0004525,ACC0026414,BRW0007671,2026-08-08 04:34:52,AGENT_BEHAVIOUR,LOW,OPEN,WHATSAPP,2026-08-23 04:34:52
COMPLAINT0004526,ACC0003128,BRW0007638,2026-02-21 11:47:36,DISPUTE,MEDIUM,RESOLVED,FIELD,2026-02-26 11:47:36
COMPLAINT0004527,ACC0009162,BRW0001285,2026-04-19 08:56:25,PRIVACY,LOW,INVESTIGATING,WHATSAPP,2026-05-06 08:56:25
COMPLAINT0004528,ACC0020769,BRW0000981,2026-08-06 20:47:20,PAYMENT,MEDIUM,CLOSED,CALL,2026-08-25 20:47:20
COMPLAINT0004529,ACC0004233,BRW0007689,2026-03-19 10:17:12,DND,CRITICAL,OPEN,EMAIL,2026-03-25 10:17:12
COMPLAINT0004530,ACC0029371,BRW0003932,2026-05-02 11:47:34,PAYMENT,CRITICAL,INVESTIGATING,SMS,2026-05-03 11:47:34
COMPLAINT0004531,ACC0001775,BRW0009300,2026-08-04 04:59:01,HARASSMENT,CRITICAL,RESOLVED,FIELD,2026-08-18 04:59:01
COMPLAINT0004532,ACC0002810,BRW0008063,2026-07-16 02:42:37,HARASSMENT,MEDIUM,RESOLVED,CALL,2026-07-23 02:42:37
COMPLAINT0004533,ACC0005804,BRW0007667,2026-04-18 10:28:03,HARASSMENT,MEDIUM,OPEN,CALL,2026-04-21 10:28:03
COMPLAINT0004534,ACC0025397,BRW0007158,2026-03-01 19:24:26,PAYMENT,HIGH,RESOLVED,CALL,2026-03-18 19:24:26
COMPLAINT0004535,ACC0022694,BRW0001717,2026-05-07 19:22:49,WRONG_CONTACT,CRITICAL,RESOLVED,CALL,2026-05-24 19:22:49
COMPLAINT0004536,ACC0024424,BRW0009482,2026-05-16 18:19:31,PAYMENT,MEDIUM,INVESTIGATING,CALL,2026-06-02 18:19:31
COMPLAINT0004537,ACC0024626,BRW0003827,2026-03-07 19:23:04,WRONG_CONTACT,LOW,CLOSED,FIELD,2026-03-09 19:23:04
COMPLAINT0004538,ACC0017126,BRW0001316,2026-02-19 16:01:07,PRIVACY,LOW,CLOSED,EMAIL,2026-02-20 16:01:07
COMPLAINT0004539,ACC0010506,BRW0000848,2026-06-20 15:44:52,DISPUTE,HIGH,RESOLVED,SMS,2026-06-25 15:44:52
COMPLAINT0004540,ACC0018834,BRW0008690,2026-03-12 10:13:37,HARASSMENT,HIGH,RESOLVED,EMAIL,2026-03-25 10:13:37
COMPLAINT0004541,ACC0018665,BRW0007875,2026-06-19 11:29:30,DISPUTE,HIGH,RESOLVED,WHATSAPP,2026-06-20 11:29:30
COMPLAINT0004542,ACC0009579,BRW0002844,2026-02-08 08:02:34,PAYMENT,MEDIUM,INVESTIGATING,EMAIL,2026-02-23 08:02:34
COMPLAINT0004543,ACC0012986,BRW0006014,2026-04-29 22:38:00,PRIVACY,MEDIUM,RESOLVED,EMAIL,2026-04-30 22:38:00
COMPLAINT0004544,ACC0006282,BRW0007692,2026-05-21 05:48:19,PRIVACY,CRITICAL,RESOLVED,CALL,2026-05-31 05:48:19
COMPLAINT0004545,ACC0005787,BRW0011093,2026-01-22 01:57:49,PRIVACY,MEDIUM,OPEN,CALL,2026-01-28 01:57:49
COMPLAINT0004546,ACC0008777,BRW0001951,2026-01-27 00:57:24,AGENT_BEHAVIOUR,MEDIUM,OPEN,EMAIL,2026-02-01 00:57:24
COMPLAINT0004547,ACC0014493,BRW0010504,2026-03-25 19:37:04,WRONG_CONTACT,LOW,CLOSED,WHATSAPP,2026-04-01 19:37:04
COMPLAINT0004548,ACC0029507,BRW0006840,2026-03-20 20:28:10,WRONG_CONTACT,HIGH,RESOLVED,CALL,2026-03-24 20:28:10
COMPLAINT0004549,ACC0018526,BRW0002946,2026-04-23 09:51:54,DISPUTE,LOW,RESOLVED,EMAIL,2026-04-25 09:51:54
COMPLAINT0004550,ACC0006852,BRW0005110,2026-02-05 08:13:53,PRIVACY,LOW,INVESTIGATING,FIELD,2026-02-18 08:13:53
COMPLAINT0004551,ACC0012186,BRW0000752,2026-07-24 15:55:13,WRONG_CONTACT,LOW,OPEN,CALL,2026-07-25 15:55:13
COMPLAINT0004552,ACC0026687,BRW0011049,2026-01-19 11:37:33,PAYMENT,MEDIUM,RESOLVED,CALL,2026-01-20 11:37:33
COMPLAINT0004553,ACC0024738,BRW0006677,2026-06-13 09:10:38,AGENT_BEHAVIOUR,LOW,CLOSED,FIELD,2026-06-18 09:10:38
COMPLAINT0004554,ACC0007637,BRW0000503,2026-07-27 01:08:37,AGENT_BEHAVIOUR,LOW,CLOSED,WHATSAPP,2026-08-13 01:08:37
COMPLAINT0004555,ACC0000091,BRW0009156,2026-06-23 08:40:55,PRIVACY,CRITICAL,INVESTIGATING,EMAIL,2026-06-29 08:40:55
COMPLAINT0004556,ACC0029986,BRW0002812,2026-01-29 08:52:31,PAYMENT,LOW,CLOSED,SMS,2026-02-10 08:52:31
COMPLAINT0004557,ACC0029979,BRW0003192,2026-03-01 19:27:54,PRIVACY,LOW,RESOLVED,WHATSAPP,2026-03-16 19:27:54
COMPLAINT0004558,ACC0025605,BRW0005970,2026-05-14 10:54:15,AGENT_BEHAVIOUR,HIGH,INVESTIGATING,WHATSAPP,2026-06-02 10:54:15
COMPLAINT0004559,ACC0002957,BRW0001747,2026-08-03 16:14:51,AGENT_BEHAVIOUR,HIGH,CLOSED,SMS,2026-08-10 16:14:51
COMPLAINT0004560,ACC0008631,BRW0008939,2026-07-02 09:36:12,HARASSMENT,LOW,OPEN,CALL,2026-07-15 09:36:12
COMPLAINT0004561,ACC0019819,BRW0009204,2026-04-17 16:23:40,AGENT_BEHAVIOUR,LOW,OPEN,WHATSAPP,2026-04-26 16:23:40
COMPLAINT0004562,ACC0014260,BRW0002926,2026-06-14 15:32:05,DISPUTE,LOW,OPEN,WHATSAPP,2026-06-29 15:32:05
COMPLAINT0004563,ACC0007569,BRW0003952,2026-04-03 17:47:51,HARASSMENT,HIGH,OPEN,WHATSAPP,2026-04-12 17:47:51
COMPLAINT0004564,ACC0027344,BRW0011348,2026-05-30 09:42:28,HARASSMENT,MEDIUM,RESOLVED,EMAIL,2026-06-04 09:42:28
COMPLAINT0004565,ACC0011247,BRW0008531,2026-04-25 17:30:38,PAYMENT,LOW,INVESTIGATING,SMS,2026-04-28 17:30:38
COMPLAINT0004566,ACC0024327,BRW0006224,2026-02-13 18:02:40,AGENT_BEHAVIOUR,HIGH,OPEN,CALL,2026-02-28 18:02:40
COMPLAINT0004567,ACC0025174,BRW0004091,2026-07-18 13:21:36,HARASSMENT,HIGH,CLOSED,CALL,2026-07-20 13:21:36
COMPLAINT0004568,ACC0013655,BRW0003126,2026-05-18 23:07:34,HARASSMENT,MEDIUM,INVESTIGATING,FIELD,2026-05-30 23:07:34
COMPLAINT0004569,ACC0013793,BRW0005502,2026-07-07 06:33:52,PAYMENT,CRITICAL,OPEN,EMAIL,2026-07-18 06:33:52
COMPLAINT0004570,ACC0018469,BRW0011969,2026-01-03 16:27:29,WRONG_CONTACT,LOW,OPEN,EMAIL,2026-01-06 16:27:29
COMPLAINT0004571,ACC0005598,BRW0007338,2026-02-05 00:00:54,PAYMENT,CRITICAL,RESOLVED,CALL,2026-02-13 00:00:54
COMPLAINT0004572,ACC0016005,BRW0001345,2026-03-30 13:48:01,PAYMENT,LOW,INVESTIGATING,FIELD,2026-04-04 13:48:01
COMPLAINT0004573,ACC0024804,BRW0009338,2026-05-28 20:10:02,AGENT_BEHAVIOUR,MEDIUM,RESOLVED,CALL,2026-06-07 20:10:02
COMPLAINT0004574,ACC0010946,BRW0006820,2026-02-16 21:13:37,WRONG_CONTACT,MEDIUM,CLOSED,EMAIL,2026-02-21 21:13:37
COMPLAINT0004575,ACC0021685,BRW0000128,2026-02-10 18:07:38,PAYMENT,MEDIUM,RESOLVED,EMAIL,2026-02-24 18:07:38
COMPLAINT0004576,ACC0017744,BRW0004787,2026-06-08 14:44:22,DND,HIGH,OPEN,FIELD,2026-06-23 14:44:22
COMPLAINT0004577,ACC0018498,BRW0002701,2026-03-22 06:16:14,AGENT_BEHAVIOUR,LOW,RESOLVED,CALL,2026-03-25 06:16:14
COMPLAINT0004578,ACC0000437,BRW0009321,2026-06-19 12:20:35,WRONG_CONTACT,CRITICAL,INVESTIGATING,SMS,2026-06-23 12:20:35
COMPLAINT0004579,ACC0002719,BRW0010580,2026-01-06 00:32:25,HARASSMENT,CRITICAL,RESOLVED,FIELD,2026-01-12 00:32:25
COMPLAINT0004580,ACC0025528,BRW0006650,2026-02-18 11:23:17,PAYMENT,HIGH,OPEN,CALL,2026-02-21 11:23:17
COMPLAINT0004581,ACC0001958,BRW0005561,2026-03-10 06:33:57,PAYMENT,MEDIUM,INVESTIGATING,CALL,2026-03-24 06:33:57
COMPLAINT0004582,ACC0028542,BRW0004093,2026-02-21 04:02:35,AGENT_BEHAVIOUR,HIGH,OPEN,CALL,2026-03-06 04:02:35
COMPLAINT0004583,ACC0023792,BRW0001654,2026-02-16 17:10:03,AGENT_BEHAVIOUR,HIGH,INVESTIGATING,FIELD,2026-02-28 17:10:03
COMPLAINT0004584,ACC0011628,BRW0009956,2026-05-13 22:01:58,DISPUTE,HIGH,RESOLVED,SMS,2026-05-29 22:01:58
COMPLAINT0004585,ACC0007280,BRW0006618,2026-02-15 02:09:52,WRONG_CONTACT,MEDIUM,CLOSED,SMS,2026-02-17 02:09:52
COMPLAINT0004586,ACC0026206,BRW0002069,2026-08-06 06:12:33,PAYMENT,MEDIUM,OPEN,CALL,2026-08-19 06:12:33
COMPLAINT0004587,ACC0027363,BRW0010069,2026-03-19 23:54:09,PAYMENT,CRITICAL,CLOSED,CALL,2026-03-30 23:54:09
COMPLAINT0004588,ACC0015873,BRW0006149,2026-06-06 10:38:52,PRIVACY,HIGH,CLOSED,CALL,2026-06-13 10:38:52
COMPLAINT0004589,ACC0011017,BRW0008569,2026-03-14 06:24:58,PRIVACY,HIGH,OPEN,WHATSAPP,2026-03-27 06:24:58
COMPLAINT0004590,ACC0018832,BRW0010770,2026-07-18 08:36:21,DND,HIGH,RESOLVED,CALL,2026-07-30 08:36:21
COMPLAINT0004591,ACC0009309,BRW0003612,2026-07-17 12:34:03,WRONG_CONTACT,LOW,INVESTIGATING,FIELD,2026-07-25 12:34:03
COMPLAINT0004592,ACC0009609,BRW0002436,2026-02-11 18:43:48,HARASSMENT,HIGH,OPEN,CALL,2026-02-18 18:43:48
COMPLAINT0004593,ACC0026326,BRW0011450,2026-03-06 04:43:14,AGENT_BEHAVIOUR,HIGH,INVESTIGATING,FIELD,2026-03-21 04:43:14
COMPLAINT0004594,ACC0022972,BRW0004829,2026-05-12 02:56:23,DISPUTE,MEDIUM,CLOSED,CALL,2026-05-26 02:56:23
COMPLAINT0004595,ACC0014136,BRW0009628,2026-03-28 22:37:58,DND,LOW,CLOSED,FIELD,2026-04-01 22:37:58
COMPLAINT0004596,ACC0025059,BRW0002519,2026-05-19 16:43:57,DND,LOW,INVESTIGATING,FIELD,2026-05-24 16:43:57
COMPLAINT0004597,ACC0002880,BRW0002054,2026-02-11 20:13:17,WRONG_CONTACT,MEDIUM,RESOLVED,EMAIL,2026-02-25 20:13:17
COMPLAINT0004598,ACC0016906,BRW0006124,2026-05-11 12:02:44,HARASSMENT,LOW,INVESTIGATING,WHATSAPP,2026-05-16 12:02:44
COMPLAINT0004599,ACC0005540,BRW0000231,2026-06-13 07:27:45,DISPUTE,HIGH,RESOLVED,SMS,2026-07-02 07:27:45
COMPLAINT0004600,ACC0025503,BRW0011895,2026-06-16 13:42:50,DND,LOW,CLOSED,CALL,2026-07-03 13:42:50
COMPLAINT0004601,ACC0004184,BRW0008263,2026-02-10 02:03:40,AGENT_BEHAVIOUR,HIGH,CLOSED,EMAIL,2026-02-16 02:03:40
COMPLAINT0004602,ACC0006760,BRW0001360,2026-04-03 14:08:26,WRONG_CONTACT,HIGH,CLOSED,SMS,2026-04-15 14:08:26
COMPLAINT0004603,ACC0001997,BRW0002296,2026-03-24 09:43:47,DISPUTE,HIGH,CLOSED,CALL,2026-03-25 09:43:47
COMPLAINT0004604,ACC0023916,BRW0011910,2026-03-24 07:00:44,PAYMENT,MEDIUM,CLOSED,CALL,2026-04-12 07:00:44
COMPLAINT0004605,ACC0010436,BRW0003207,2026-05-17 12:20:24,AGENT_BEHAVIOUR,MEDIUM,RESOLVED,CALL,2026-05-29 12:20:24
COMPLAINT0004606,ACC0028498,BRW0004704,2026-07-08 08:10:31,DND,MEDIUM,RESOLVED,EMAIL,2026-07-09 08:10:31
COMPLAINT0004607,ACC0015396,BRW0009660,2026-07-05 01:28:30,WRONG_CONTACT,MEDIUM,INVESTIGATING,SMS,2026-07-11 01:28:30
COMPLAINT0004608,ACC0027464,BRW0007571,2026-04-15 14:24:28,AGENT_BEHAVIOUR,CRITICAL,OPEN,WHATSAPP,2026-04-25 14:24:28
COMPLAINT0004609,ACC0001762,BRW0002835,2026-08-01 05:21:30,AGENT_BEHAVIOUR,MEDIUM,OPEN,WHATSAPP,2026-08-08 05:21:30
COMPLAINT0004610,ACC0020095,BRW0001725,2026-02-20 07:50:08,AGENT_BEHAVIOUR,MEDIUM,CLOSED,WHATSAPP,2026-03-01 07:50:08
COMPLAINT0004611,ACC0007969,BRW0001834,2026-06-29 11:28:17,PRIVACY,LOW,CLOSED,EMAIL,2026-07-13 11:28:17
COMPLAINT0004612,ACC0027464,BRW0003693,2026-04-05 06:05:28,PAYMENT,CRITICAL,CLOSED,EMAIL,2026-04-23 06:05:28
COMPLAINT0004613,ACC0011786,BRW0003891,2026-03-03 01:47:17,DISPUTE,CRITICAL,INVESTIGATING,SMS,2026-03-04 01:47:17
COMPLAINT0004614,ACC0004124,BRW0005034,2026-05-21 20:37:25,DND,CRITICAL,CLOSED,EMAIL,2026-05-31 20:37:25
COMPLAINT0004615,ACC0021857,BRW0004248,2026-01-20 01:27:42,PRIVACY,CRITICAL,CLOSED,WHATSAPP,2026-02-07 01:27:42
COMPLAINT0004616,ACC0018338,BRW0000079,2026-06-27 05:54:10,HARASSMENT,CRITICAL,CLOSED,FIELD,2026-07-02 05:54:10
COMPLAINT0004617,ACC0008879,BRW0008021,2026-04-20 17:49:51,HARASSMENT,MEDIUM,OPEN,CALL,2026-04-21 17:49:51
COMPLAINT0004618,ACC0024976,BRW0002582,2026-05-13 21:58:22,DISPUTE,HIGH,INVESTIGATING,SMS,2026-05-22 21:58:22
COMPLAINT0004619,ACC0027170,BRW0008038,2026-03-20 21:11:18,PRIVACY,MEDIUM,CLOSED,EMAIL,2026-03-28 21:11:18
COMPLAINT0004620,ACC0001757,BRW0001027,2026-07-30 20:40:20,AGENT_BEHAVIOUR,MEDIUM,OPEN,FIELD,2026-08-08 20:40:20
COMPLAINT0004621,ACC0002671,BRW0002437,2026-07-02 08:51:59,PAYMENT,LOW,INVESTIGATING,WHATSAPP,2026-07-17 08:51:59
COMPLAINT0004622,ACC0015054,BRW0008646,2026-07-21 16:45:20,DISPUTE,HIGH,CLOSED,WHATSAPP,2026-08-06 16:45:20
COMPLAINT0004623,ACC0029743,BRW0005582,2026-06-06 08:58:36,DND,LOW,RESOLVED,WHATSAPP,2026-06-19 08:58:36
COMPLAINT0004624,ACC0013497,BRW0006559,2026-06-19 11:30:28,DISPUTE,MEDIUM,OPEN,FIELD,2026-06-21 11:30:28
COMPLAINT0004625,ACC0026081,BRW0006427,2026-03-27 22:46:02,HARASSMENT,LOW,RESOLVED,FIELD,2026-04-12 22:46:02
COMPLAINT0004626,ACC0014122,BRW0008777,2026-04-18 14:29:24,AGENT_BEHAVIOUR,HIGH,INVESTIGATING,SMS,2026-04-26 14:29:24
COMPLAINT0004627,ACC0019564,BRW0009831,2026-04-11 09:01:28,DND,CRITICAL,INVESTIGATING,SMS,2026-04-21 09:01:28
COMPLAINT0004628,ACC0018824,BRW0005098,2026-03-01 15:32:04,DND,MEDIUM,CLOSED,FIELD,2026-03-09 15:32:04
COMPLAINT0004629,ACC0024378,BRW0002687,2026-01-11 18:01:56,WRONG_CONTACT,MEDIUM,RESOLVED,EMAIL,2026-01-22 18:01:56
COMPLAINT0004630,ACC0012239,BRW0006012,2026-05-06 16:09:46,PRIVACY,HIGH,OPEN,SMS,2026-05-24 16:09:46
COMPLAINT0004631,ACC0011539,BRW0004359,2026-03-20 18:07:04,AGENT_BEHAVIOUR,CRITICAL,INVESTIGATING,WHATSAPP,2026-03-30 18:07:04
COMPLAINT0004632,ACC0021651,BRW0005520,2026-01-15 23:02:32,AGENT_BEHAVIOUR,MEDIUM,CLOSED,FIELD,2026-01-26 23:02:32
COMPLAINT0004633,ACC0002537,BRW0004977,2026-04-22 12:13:01,DISPUTE,HIGH,INVESTIGATING,EMAIL,2026-05-08 12:13:01
COMPLAINT0004634,ACC0029897,BRW0011494,2026-05-31 21:03:23,WRONG_CONTACT,MEDIUM,INVESTIGATING,SMS,2026-06-09 21:03:23
COMPLAINT0004635,ACC0002730,BRW0001660,2026-04-07 05:45:04,AGENT_BEHAVIOUR,HIGH,OPEN,CALL,2026-04-15 05:45:04
COMPLAINT0004636,ACC0018518,BRW0000990,2026-05-14 11:12:10,HARASSMENT,HIGH,INVESTIGATING,CALL,2026-05-23 11:12:10
COMPLAINT0004637,ACC0017943,BRW0001539,2026-02-15 19:19:17,DND,HIGH,INVESTIGATING,EMAIL,2026-02-17 19:19:17
COMPLAINT0004638,ACC0027613,BRW0004934,2026-01-01 23:39:26,PRIVACY,LOW,RESOLVED,FIELD,2026-01-09 23:39:26
COMPLAINT0004639,ACC0008774,BRW0000661,2026-07-16 17:55:30,WRONG_CONTACT,MEDIUM,OPEN,SMS,2026-08-04 17:55:30
COMPLAINT0004640,ACC0015999,BRW0000387,2026-05-04 14:17:22,HARASSMENT,MEDIUM,INVESTIGATING,FIELD,2026-05-21 14:17:22
COMPLAINT0004641,ACC0025527,BRW0002763,2026-07-19 13:26:47,PAYMENT,LOW,CLOSED,CALL,2026-08-05 13:26:47
COMPLAINT0004642,ACC0018104,BRW0001807,2026-07-20 21:46:46,HARASSMENT,MEDIUM,INVESTIGATING,WHATSAPP,2026-07-21 21:46:46
COMPLAINT0004643,ACC0001093,BRW0007909,2026-04-17 15:00:14,DISPUTE,MEDIUM,CLOSED,WHATSAPP,2026-05-03 15:00:14
COMPLAINT0004644,ACC0023007,BRW0003484,2026-01-28 02:01:38,DND,LOW,RESOLVED,FIELD,2026-02-07 02:01:38
COMPLAINT0004645,ACC0020368,BRW0011459,2026-06-05 07:45:00,WRONG_CONTACT,LOW,INVESTIGATING,SMS,2026-06-19 07:45:00
COMPLAINT0004646,ACC0029895,BRW0000649,2026-05-19 21:42:28,WRONG_CONTACT,LOW,INVESTIGATING,WHATSAPP,2026-06-03 21:42:28
COMPLAINT0004647,ACC0012601,BRW0009585,2026-07-15 20:30:10,WRONG_CONTACT,MEDIUM,RESOLVED,CALL,2026-07-18 20:30:10
COMPLAINT0004648,ACC0000172,BRW0010966,2026-06-16 05:51:33,HARASSMENT,HIGH,RESOLVED,FIELD,2026-07-02 05:51:33
COMPLAINT0004649,ACC0010597,BRW0001781,2026-02-06 06:15:08,DISPUTE,HIGH,OPEN,FIELD,2026-02-13 06:15:08
COMPLAINT0004650,ACC0004358,BRW0005174,2026-03-24 03:59:06,DISPUTE,HIGH,CLOSED,SMS,2026-04-03 03:59:06
COMPLAINT0004651,ACC0002764,BRW0004060,2026-05-15 22:06:51,DISPUTE,HIGH,INVESTIGATING,SMS,2026-05-23 22:06:51
COMPLAINT0004652,ACC0014359,BRW0003821,2026-01-20 15:25:20,HARASSMENT,LOW,RESOLVED,CALL,2026-01-31 15:25:20
COMPLAINT0004653,ACC0029090,BRW0007971,2026-02-24 22:17:46,PAYMENT,HIGH,INVESTIGATING,CALL,2026-03-06 22:17:46
COMPLAINT0004654,ACC0020063,BRW0004096,2026-03-29 09:15:36,AGENT_BEHAVIOUR,LOW,INVESTIGATING,WHATSAPP,2026-04-08 09:15:36
COMPLAINT0004655,ACC0028531,BRW0007791,2026-04-16 22:48:25,HARASSMENT,MEDIUM,INVESTIGATING,FIELD,2026-04-28 22:48:25
COMPLAINT0004656,ACC0002288,BRW0000637,2026-04-07 21:33:35,AGENT_BEHAVIOUR,LOW,RESOLVED,WHATSAPP,2026-04-23 21:33:35
COMPLAINT0004657,ACC0026318,BRW0000366,2026-02-18 00:56:37,PRIVACY,LOW,OPEN,EMAIL,2026-02-26 00:56:37
COMPLAINT0004658,ACC0023706,BRW0010846,2026-03-25 16:29:37,AGENT_BEHAVIOUR,LOW,OPEN,WHATSAPP,2026-04-10 16:29:37
COMPLAINT0004659,ACC0014628,BRW0002017,2026-02-21 02:02:16,AGENT_BEHAVIOUR,CRITICAL,RESOLVED,WHATSAPP,2026-03-01 02:02:16
COMPLAINT0004660,ACC0022237,BRW0003077,2026-03-21 02:52:02,AGENT_BEHAVIOUR,LOW,INVESTIGATING,CALL,2026-03-31 02:52:02
COMPLAINT0004661,ACC0008980,BRW0010815,2026-03-22 22:20:07,AGENT_BEHAVIOUR,CRITICAL,INVESTIGATING,SMS,2026-03-30 22:20:07
COMPLAINT0004662,ACC0025555,BRW0010392,2026-02-23 17:08:08,AGENT_BEHAVIOUR,MEDIUM,RESOLVED,FIELD,2026-02-28 17:08:08
COMPLAINT0004663,ACC0011977,BRW0006783,2026-06-05 22:06:08,DND,HIGH,CLOSED,WHATSAPP,2026-06-14 22:06:08
COMPLAINT0004664,ACC0005532,BRW0007055,2026-07-16 18:28:41,DND,CRITICAL,RESOLVED,EMAIL,2026-08-03 18:28:41
COMPLAINT0004665,ACC0011172,BRW0007320,2026-01-07 13:43:15,WRONG_CONTACT,CRITICAL,CLOSED,EMAIL,2026-01-19 13:43:15
COMPLAINT0004666,ACC0029261,BRW0003499,2026-03-28 15:06:09,DND,MEDIUM,RESOLVED,WHATSAPP,2026-04-07 15:06:09
COMPLAINT0004667,ACC0009675,BRW0000574,2026-07-11 06:24:35,DND,MEDIUM,INVESTIGATING,EMAIL,2026-07-19 06:24:35
COMPLAINT0004668,ACC0025896,BRW0011450,2026-02-24 10:18:45,AGENT_BEHAVIOUR,LOW,RESOLVED,SMS,2026-03-02 10:18:45
COMPLAINT0004669,ACC0010453,BRW0004536,2026-07-01 11:17:43,WRONG_CONTACT,CRITICAL,INVESTIGATING,CALL,2026-07-12 11:17:43
COMPLAINT0004670,ACC0011925,BRW0005979,2026-04-10 20:32:03,WRONG_CONTACT,HIGH,INVESTIGATING,FIELD,2026-04-21 20:32:03
COMPLAINT0004671,ACC0025046,BRW0006139,2026-08-01 05:14:32,PRIVACY,HIGH,OPEN,WHATSAPP,2026-08-12 05:14:32
COMPLAINT0004672,ACC0000960,BRW0009742,2026-03-31 16:12:53,HARASSMENT,MEDIUM,CLOSED,WHATSAPP,2026-04-07 16:12:53
COMPLAINT0004673,ACC0016254,BRW0003227,2026-05-29 10:19:44,HARASSMENT,LOW,OPEN,EMAIL,2026-06-11 10:19:44
COMPLAINT0004674,ACC0007204,BRW0004470,2026-05-16 03:44:42,AGENT_BEHAVIOUR,LOW,OPEN,WHATSAPP,2026-06-01 03:44:42
COMPLAINT0004675,ACC0000692,BRW0003581,2026-01-22 21:23:55,WRONG_CONTACT,MEDIUM,CLOSED,FIELD,2026-01-23 21:23:55
COMPLAINT0004676,ACC0018970,BRW0008731,2026-03-14 02:22:16,HARASSMENT,LOW,INVESTIGATING,EMAIL,2026-03-24 02:22:16
COMPLAINT0004677,ACC0008584,BRW0008207,2026-08-07 02:50:33,DISPUTE,MEDIUM,CLOSED,EMAIL,2026-08-18 02:50:33
COMPLAINT0004678,ACC0025464,BRW0010968,2026-07-10 04:22:54,DISPUTE,HIGH,INVESTIGATING,CALL,2026-07-16 04:22:54
COMPLAINT0004679,ACC0007605,BRW0006289,2026-05-11 08:02:40,PAYMENT,LOW,CLOSED,SMS,2026-05-30 08:02:40
COMPLAINT0004680,ACC0014457,BRW0005269,2026-08-08 23:35:33,DISPUTE,MEDIUM,CLOSED,WHATSAPP,2026-08-19 23:35:33
COMPLAINT0004681,ACC0026082,BRW0003114,2026-03-12 17:59:44,HARASSMENT,LOW,CLOSED,FIELD,2026-03-21 17:59:44
COMPLAINT0004682,ACC0013012,BRW0007360,2026-03-30 04:33:27,PAYMENT,MEDIUM,INVESTIGATING,FIELD,2026-04-08 04:33:27
COMPLAINT0004683,ACC0002263,BRW0009327,2026-03-18 21:47:28,DISPUTE,LOW,INVESTIGATING,FIELD,2026-04-03 21:47:28
COMPLAINT0004684,ACC0002402,BRW0000666,2026-05-26 00:20:49,PAYMENT,MEDIUM,INVESTIGATING,CALL,2026-06-08 00:20:49
COMPLAINT0004685,ACC0003983,BRW0001391,2026-04-11 03:40:40,DND,MEDIUM,OPEN,FIELD,2026-04-19 03:40:40
COMPLAINT0004686,ACC0012115,BRW0000247,2026-03-28 22:57:26,DND,CRITICAL,CLOSED,WHATSAPP,2026-04-16 22:57:26
COMPLAINT0004687,ACC0028977,BRW0004728,2026-02-13 17:56:42,WRONG_CONTACT,HIGH,RESOLVED,EMAIL,2026-03-02 17:56:42
COMPLAINT0004688,ACC0003519,BRW0011566,2026-06-13 05:39:59,HARASSMENT,HIGH,INVESTIGATING,EMAIL,2026-06-30 05:39:59
COMPLAINT0004689,ACC0017649,BRW0004586,2026-01-04 22:52:51,PRIVACY,LOW,RESOLVED,FIELD,2026-01-15 22:52:51
COMPLAINT0004690,ACC0001637,BRW0005551,2026-03-04 03:29:18,DISPUTE,CRITICAL,OPEN,FIELD,2026-03-05 03:29:18
COMPLAINT0004691,ACC0023906,BRW0006436,2026-05-30 16:30:30,WRONG_CONTACT,MEDIUM,CLOSED,WHATSAPP,2026-06-10 16:30:30
COMPLAINT0004692,ACC0017121,BRW0010147,2026-04-08 23:26:52,PAYMENT,HIGH,OPEN,CALL,2026-04-10 23:26:52
COMPLAINT0004693,ACC0010950,BRW0010283,2026-01-27 18:14:14,PAYMENT,CRITICAL,CLOSED,WHATSAPP,2026-01-30 18:14:14
COMPLAINT0004694,ACC0020733,BRW0000903,2026-06-24 16:56:53,DISPUTE,MEDIUM,INVESTIGATING,WHATSAPP,2026-07-03 16:56:53
COMPLAINT0004695,ACC0024406,BRW0002584,2026-07-03 21:58:45,HARASSMENT,CRITICAL,OPEN,SMS,2026-07-09 21:58:45
COMPLAINT0004696,ACC0028861,BRW0005282,2026-06-08 05:32:29,PAYMENT,CRITICAL,INVESTIGATING,EMAIL,2026-06-18 05:32:29
COMPLAINT0004697,ACC0026502,BRW0008917,2026-05-31 09:46:28,PRIVACY,HIGH,OPEN,FIELD,2026-06-16 09:46:28
COMPLAINT0004698,ACC0022920,BRW0007331,2026-03-15 17:54:22,HARASSMENT,HIGH,OPEN,FIELD,2026-04-02 17:54:22
COMPLAINT0004699,ACC0006636,BRW0006496,2026-05-12 01:04:20,AGENT_BEHAVIOUR,LOW,CLOSED,EMAIL,2026-05-16 01:04:20
COMPLAINT0004700,ACC0003265,BRW0000671,2026-07-19 06:01:01,DISPUTE,HIGH,CLOSED,SMS,2026-07-21 06:01:01
COMPLAINT0004701,ACC0009601,BRW0003081,2026-05-27 13:44:06,DISPUTE,HIGH,OPEN,SMS,2026-06-10 13:44:06
COMPLAINT0004702,ACC0011961,BRW0000212,2026-05-03 12:06:02,DISPUTE,MEDIUM,RESOLVED,EMAIL,2026-05-21 12:06:02
COMPLAINT0004703,ACC0023517,BRW0009067,2026-04-19 04:52:11,DND,HIGH,RESOLVED,EMAIL,2026-05-04 04:52:11
COMPLAINT0004704,ACC0025698,BRW0006164,2026-02-17 11:51:56,DISPUTE,MEDIUM,RESOLVED,SMS,2026-03-01 11:51:56
COMPLAINT0004705,ACC0015963,BRW0011187,2026-01-03 20:26:02,PAYMENT,HIGH,OPEN,EMAIL,2026-01-21 20:26:02
COMPLAINT0004706,ACC0008097,BRW0010510,2026-05-25 21:45:25,HARASSMENT,MEDIUM,RESOLVED,EMAIL,2026-05-27 21:45:25
COMPLAINT0004707,ACC0001493,BRW0000965,2026-03-21 14:08:30,DISPUTE,CRITICAL,INVESTIGATING,EMAIL,2026-03-24 14:08:30
COMPLAINT0004708,ACC0009536,BRW0003174,2026-05-30 04:36:08,PAYMENT,CRITICAL,OPEN,FIELD,2026-06-03 04:36:08
COMPLAINT0004709,ACC0005389,BRW0003851,2026-02-13 12:01:39,PAYMENT,HIGH,CLOSED,EMAIL,2026-02-28 12:01:39
COMPLAINT0004710,ACC0002826,BRW0008407,2026-03-30 14:21:46,WRONG_CONTACT,HIGH,INVESTIGATING,CALL,2026-04-17 14:21:46
COMPLAINT0004711,ACC0018512,BRW0001405,2026-05-03 01:03:17,PRIVACY,CRITICAL,INVESTIGATING,FIELD,2026-05-22 01:03:17
COMPLAINT0004712,ACC0024581,BRW0005305,2026-04-17 00:45:08,PRIVACY,HIGH,CLOSED,CALL,2026-05-03 00:45:08
COMPLAINT0004713,ACC0017702,BRW0009436,2026-06-23 06:08:34,DISPUTE,CRITICAL,OPEN,FIELD,2026-07-03 06:08:34
COMPLAINT0004714,ACC0020345,BRW0009823,2026-06-24 05:52:20,DND,MEDIUM,INVESTIGATING,WHATSAPP,2026-06-25 05:52:20
COMPLAINT0004715,ACC0028685,BRW0005514,2026-02-24 21:32:29,DND,LOW,CLOSED,EMAIL,2026-02-27 21:32:29
COMPLAINT0004716,ACC0007696,BRW0001443,2026-02-20 19:10:41,AGENT_BEHAVIOUR,CRITICAL,OPEN,SMS,2026-03-03 19:10:41
COMPLAINT0004717,ACC0000505,BRW0000719,2026-02-20 20:09:10,PRIVACY,CRITICAL,OPEN,SMS,2026-02-28 20:09:10
COMPLAINT0004718,ACC0015934,BRW0002361,2026-03-04 20:25:42,HARASSMENT,MEDIUM,CLOSED,EMAIL,2026-03-13 20:25:42
COMPLAINT0004719,ACC0001632,BRW0001508,2026-05-13 07:24:31,WRONG_CONTACT,LOW,INVESTIGATING,SMS,2026-05-21 07:24:31
COMPLAINT0004720,ACC0015354,BRW0006690,2026-01-03 18:00:45,HARASSMENT,HIGH,CLOSED,WHATSAPP,2026-01-08 18:00:45
COMPLAINT0004721,ACC0009188,BRW0007865,2026-05-13 00:25:40,WRONG_CONTACT,MEDIUM,INVESTIGATING,FIELD,2026-05-18 00:25:40
COMPLAINT0004722,ACC0017655,BRW0008321,2026-01-25 14:26:06,PRIVACY,HIGH,INVESTIGATING,EMAIL,2026-01-30 14:26:06
COMPLAINT0004723,ACC0014522,BRW0001757,2026-07-15 05:24:26,PAYMENT,HIGH,CLOSED,SMS,2026-07-17 05:24:26
COMPLAINT0004724,ACC0013267,BRW0002511,2026-06-26 15:58:01,DISPUTE,CRITICAL,OPEN,EMAIL,2026-07-13 15:58:01
COMPLAINT0004725,ACC0028021,BRW0007894,2026-02-24 18:42:32,PRIVACY,LOW,INVESTIGATING,SMS,2026-03-14 18:42:32
COMPLAINT0004726,ACC0011006,BRW0003490,2026-04-24 20:14:22,PRIVACY,MEDIUM,RESOLVED,FIELD,2026-04-25 20:14:22
COMPLAINT0004727,ACC0007841,BRW0009436,2026-06-01 22:01:20,PRIVACY,LOW,OPEN,EMAIL,2026-06-07 22:01:20
COMPLAINT0004728,ACC0022419,BRW0001737,2026-06-14 16:50:42,PAYMENT,LOW,INVESTIGATING,EMAIL,2026-06-28 16:50:42
COMPLAINT0004729,ACC0011043,BRW0010196,2026-02-11 22:01:55,PRIVACY,MEDIUM,RESOLVED,EMAIL,2026-02-23 22:01:55
COMPLAINT0004730,ACC0012861,BRW0008073,2026-04-01 04:29:33,DND,MEDIUM,INVESTIGATING,CALL,2026-04-18 04:29:33
COMPLAINT0004731,ACC0012690,BRW0010584,2026-04-16 05:46:57,PRIVACY,HIGH,OPEN,CALL,2026-04-19 05:46:57
COMPLAINT0004732,ACC0006206,BRW0010069,2026-07-23 11:30:12,PAYMENT,MEDIUM,OPEN,EMAIL,2026-07-27 11:30:12
COMPLAINT0004733,ACC0012349,BRW0000337,2026-02-12 16:52:00,DND,MEDIUM,RESOLVED,FIELD,2026-02-13 16:52:00
COMPLAINT0004734,ACC0006227,BRW0002636,2026-05-08 06:31:16,WRONG_CONTACT,CRITICAL,INVESTIGATING,CALL,2026-05-19 06:31:16
COMPLAINT0004735,ACC0003769,BRW0007267,2026-02-16 04:53:09,HARASSMENT,HIGH,RESOLVED,WHATSAPP,2026-02-20 04:53:09
COMPLAINT0004736,ACC0014203,BRW0004784,2026-06-12 04:25:24,AGENT_BEHAVIOUR,MEDIUM,CLOSED,CALL,2026-06-29 04:25:24
COMPLAINT0004737,ACC0007280,BRW0003847,2026-01-20 11:56:06,WRONG_CONTACT,LOW,OPEN,CALL,2026-01-29 11:56:06
COMPLAINT0004738,ACC0012037,BRW0005150,2026-07-13 00:22:33,DND,LOW,OPEN,CALL,2026-07-28 00:22:33
COMPLAINT0004739,ACC0028918,BRW0010587,2026-03-03 20:51:02,DND,LOW,CLOSED,WHATSAPP,2026-03-06 20:51:02
COMPLAINT0004740,ACC0022955,BRW0006080,2026-04-22 07:17:51,PAYMENT,MEDIUM,CLOSED,SMS,2026-05-04 07:17:51
COMPLAINT0004741,ACC0012763,BRW0002726,2026-03-04 05:28:10,WRONG_CONTACT,CRITICAL,CLOSED,EMAIL,2026-03-12 05:28:10
COMPLAINT0004742,ACC0002737,BRW0007947,2026-07-07 17:10:10,AGENT_BEHAVIOUR,MEDIUM,CLOSED,SMS,2026-07-15 17:10:10
COMPLAINT0004743,ACC0011600,BRW0004407,2026-06-08 03:20:30,HARASSMENT,CRITICAL,RESOLVED,EMAIL,2026-06-12 03:20:30
COMPLAINT0004744,ACC0000528,BRW0000677,2026-06-27 03:15:52,WRONG_CONTACT,HIGH,INVESTIGATING,FIELD,2026-07-03 03:15:52
COMPLAINT0004745,ACC0014790,BRW0007173,2026-06-01 17:35:40,AGENT_BEHAVIOUR,LOW,INVESTIGATING,FIELD,2026-06-07 17:35:40
COMPLAINT0004746,ACC0024768,BRW0002148,2026-03-24 08:40:44,DND,HIGH,OPEN,CALL,2026-04-04 08:40:44
COMPLAINT0004747,ACC0022237,BRW0009879,2026-07-01 02:36:51,DND,MEDIUM,RESOLVED,EMAIL,2026-07-19 02:36:51
COMPLAINT0004748,ACC0023117,BRW0009097,2026-04-23 11:49:12,HARASSMENT,LOW,OPEN,EMAIL,2026-05-08 11:49:12
COMPLAINT0004749,ACC0026944,BRW0005314,2026-04-04 07:10:43,WRONG_CONTACT,MEDIUM,CLOSED,EMAIL,2026-04-07 07:10:43
COMPLAINT0004750,ACC0017766,BRW0003649,2026-06-10 02:55:44,AGENT_BEHAVIOUR,CRITICAL,RESOLVED,SMS,2026-06-28 02:55:44
COMPLAINT0004751,ACC0013424,BRW0007562,2026-06-08 08:52:32,PAYMENT,MEDIUM,CLOSED,WHATSAPP,2026-06-18 08:52:32
COMPLAINT0004752,ACC0000274,BRW0002444,2026-06-19 15:19:42,DND,CRITICAL,INVESTIGATING,FIELD,2026-06-28 15:19:42
COMPLAINT0004753,ACC0006758,BRW0004015,2026-01-01 00:50:37,AGENT_BEHAVIOUR,LOW,RESOLVED,WHATSAPP,2026-01-13 00:50:37
COMPLAINT0004754,ACC0024935,BRW0003184,2026-06-26 18:24:55,PRIVACY,LOW,CLOSED,FIELD,2026-07-02 18:24:55
COMPLAINT0004755,ACC0004559,BRW0001924,2026-05-02 13:00:34,DISPUTE,MEDIUM,OPEN,FIELD,2026-05-17 13:00:34
COMPLAINT0004756,ACC0007857,BRW0002998,2026-04-19 19:31:42,AGENT_BEHAVIOUR,CRITICAL,INVESTIGATING,WHATSAPP,2026-04-24 19:31:42
COMPLAINT0004757,ACC0011074,BRW0006521,2026-03-16 18:11:59,PRIVACY,HIGH,CLOSED,CALL,2026-03-25 18:11:59
COMPLAINT0004758,ACC0025586,BRW0007025,2026-02-13 19:23:05,DISPUTE,LOW,OPEN,EMAIL,2026-02-22 19:23:05
COMPLAINT0004759,ACC0011254,BRW0001761,2026-04-16 03:43:05,WRONG_CONTACT,MEDIUM,OPEN,FIELD,2026-04-23 03:43:05
COMPLAINT0004760,ACC0011578,BRW0006466,2026-03-29 14:01:13,HARASSMENT,LOW,RESOLVED,WHATSAPP,2026-04-16 14:01:13
COMPLAINT0004761,ACC0010961,BRW0003271,2026-06-02 14:34:02,AGENT_BEHAVIOUR,HIGH,OPEN,CALL,2026-06-03 14:34:02
COMPLAINT0004762,ACC0008433,BRW0001626,2026-01-11 08:02:26,PAYMENT,MEDIUM,CLOSED,CALL,2026-01-26 08:02:26
COMPLAINT0004763,ACC0000913,BRW0003631,2026-07-10 04:20:23,PRIVACY,LOW,OPEN,CALL,2026-07-16 04:20:23
COMPLAINT0004764,ACC0006618,BRW0000671,2026-05-06 09:55:38,PAYMENT,MEDIUM,OPEN,EMAIL,2026-05-22 09:55:38
COMPLAINT0004765,ACC0001880,BRW0000496,2026-06-07 18:29:59,AGENT_BEHAVIOUR,HIGH,CLOSED,SMS,2026-06-08 18:29:59
COMPLAINT0004766,ACC0023858,BRW0010288,2026-02-21 11:36:23,PAYMENT,HIGH,CLOSED,WHATSAPP,2026-03-04 11:36:23
COMPLAINT0004767,ACC0025061,BRW0000027,2026-05-04 08:07:38,AGENT_BEHAVIOUR,CRITICAL,OPEN,FIELD,2026-05-23 08:07:38
COMPLAINT0004768,ACC0010526,BRW0011325,2026-01-22 21:39:28,DISPUTE,LOW,INVESTIGATING,EMAIL,2026-02-06 21:39:28
COMPLAINT0004769,ACC0011524,BRW0011219,2026-07-13 11:46:00,HARASSMENT,LOW,RESOLVED,CALL,2026-07-28 11:46:00
COMPLAINT0004770,ACC0013287,BRW0008803,2026-04-26 16:26:25,DISPUTE,LOW,INVESTIGATING,FIELD,2026-04-27 16:26:25
COMPLAINT0004771,ACC0001369,BRW0002886,2026-06-29 17:48:37,PAYMENT,HIGH,OPEN,CALL,2026-07-14 17:48:37
COMPLAINT0004772,ACC0022098,BRW0007330,2026-06-08 22:49:40,DISPUTE,HIGH,CLOSED,CALL,2026-06-19 22:49:40
COMPLAINT0004773,ACC0026319,BRW0000818,2026-01-17 03:07:36,PAYMENT,CRITICAL,INVESTIGATING,CALL,2026-01-22 03:07:36
COMPLAINT0004774,ACC0026707,BRW0002528,2026-04-14 14:56:32,DND,HIGH,CLOSED,CALL,2026-04-17 14:56:32
COMPLAINT0004775,ACC0029962,BRW0000883,2026-02-18 04:53:17,PRIVACY,HIGH,INVESTIGATING,WHATSAPP,2026-03-06 04:53:17
COMPLAINT0004776,ACC0006994,BRW0007518,2026-01-18 09:06:37,WRONG_CONTACT,CRITICAL,OPEN,CALL,2026-01-20 09:06:37
COMPLAINT0004777,ACC0007037,BRW0002533,2026-02-23 06:26:26,PRIVACY,LOW,RESOLVED,WHATSAPP,2026-03-09 06:26:26
COMPLAINT0004778,ACC0001541,BRW0002949,2026-01-03 21:07:13,DND,HIGH,OPEN,CALL,2026-01-05 21:07:13
COMPLAINT0004779,ACC0007161,BRW0001163,2026-04-11 07:41:50,WRONG_CONTACT,MEDIUM,RESOLVED,FIELD,2026-04-13 07:41:50
COMPLAINT0004780,ACC0010379,BRW0000919,2026-05-14 17:47:01,DND,MEDIUM,INVESTIGATING,CALL,2026-05-19 17:47:01
COMPLAINT0004781,ACC0017698,BRW0003655,2026-02-07 08:29:12,AGENT_BEHAVIOUR,MEDIUM,OPEN,WHATSAPP,2026-02-23 08:29:12
COMPLAINT0004782,ACC0004340,BRW0002578,2026-03-16 06:45:29,PAYMENT,MEDIUM,CLOSED,FIELD,2026-03-26 06:45:29
COMPLAINT0004783,ACC0020707,BRW0002706,2026-02-14 22:03:04,PAYMENT,CRITICAL,INVESTIGATING,EMAIL,2026-02-25 22:03:04
COMPLAINT0004784,ACC0022639,BRW0007059,2026-02-08 20:18:01,AGENT_BEHAVIOUR,MEDIUM,RESOLVED,SMS,2026-02-10 20:18:01
COMPLAINT0004785,ACC0015411,BRW0003165,2026-05-28 17:56:15,DND,MEDIUM,OPEN,CALL,2026-06-11 17:56:15
COMPLAINT0004786,ACC0005239,BRW0002671,2026-05-25 05:03:13,AGENT_BEHAVIOUR,MEDIUM,RESOLVED,FIELD,2026-06-04 05:03:13
COMPLAINT0004787,ACC0005176,BRW0008620,2026-04-27 02:11:21,HARASSMENT,MEDIUM,OPEN,CALL,2026-05-13 02:11:21
COMPLAINT0004788,ACC0013607,BRW0002447,2026-03-01 12:09:44,DND,MEDIUM,OPEN,CALL,2026-03-12 12:09:44
COMPLAINT0004789,ACC0010256,BRW0009797,2026-06-08 10:37:27,PAYMENT,CRITICAL,CLOSED,FIELD,2026-06-24 10:37:27
COMPLAINT0004790,ACC0009350,BRW0005026,2026-03-04 11:00:10,HARASSMENT,HIGH,CLOSED,CALL,2026-03-05 11:00:10
COMPLAINT0004791,ACC0003727,BRW0001173,2026-02-20 22:20:36,HARASSMENT,MEDIUM,CLOSED,FIELD,2026-02-23 22:20:36
COMPLAINT0004792,ACC0016413,BRW0008405,2026-02-19 11:13:48,DND,LOW,RESOLVED,CALL,2026-03-04 11:13:48
COMPLAINT0004793,ACC0027174,BRW0005025,2026-04-26 14:50:58,HARASSMENT,LOW,CLOSED,SMS,2026-05-15 14:50:58
COMPLAINT0004794,ACC0011526,BRW0010038,2026-04-30 10:16:15,PRIVACY,CRITICAL,CLOSED,EMAIL,2026-05-13 10:16:15
COMPLAINT0004795,ACC0027953,BRW0004008,2026-05-26 18:42:52,HARASSMENT,CRITICAL,INVESTIGATING,EMAIL,2026-05-27 18:42:52
COMPLAINT0004796,ACC0018506,BRW0005501,2026-01-20 12:48:05,WRONG_CONTACT,HIGH,INVESTIGATING,SMS,2026-01-26 12:48:05
COMPLAINT0004797,ACC0023877,BRW0002532,2026-08-05 11:20:26,PRIVACY,MEDIUM,OPEN,EMAIL,2026-08-09 11:20:26
COMPLAINT0004798,ACC0016454,BRW0008653,2026-02-12 08:32:26,DND,HIGH,INVESTIGATING,SMS,2026-03-03 08:32:26
COMPLAINT0004799,ACC0014304,BRW0007695,2026-03-12 14:31:27,HARASSMENT,LOW,RESOLVED,WHATSAPP,2026-03-22 14:31:27
COMPLAINT0004800,ACC0008965,BRW0011747,2026-03-27 22:48:08,DND,HIGH,RESOLVED,FIELD,2026-03-29 22:48:08
COMPLAINT0004801,ACC0005950,BRW0003312,2026-01-15 18:57:43,DISPUTE,LOW,CLOSED,SMS,2026-02-01 18:57:43
COMPLAINT0004802,ACC0010493,BRW0007253,2026-02-14 03:55:57,HARASSMENT,LOW,INVESTIGATING,SMS,2026-02-28 03:55:57
COMPLAINT0004803,ACC0027288,BRW0004539,2026-02-18 19:44:24,HARASSMENT,MEDIUM,INVESTIGATING,WHATSAPP,2026-02-22 19:44:24
COMPLAINT0004804,ACC0014143,BRW0001441,2026-04-20 15:28:57,AGENT_BEHAVIOUR,LOW,CLOSED,EMAIL,2026-05-06 15:28:57
COMPLAINT0004805,ACC0015485,BRW0000484,2026-02-23 09:23:24,AGENT_BEHAVIOUR,LOW,OPEN,FIELD,2026-03-12 09:23:24
COMPLAINT0004806,ACC0013425,BRW0001342,2026-04-25 09:48:36,HARASSMENT,HIGH,CLOSED,WHATSAPP,2026-05-07 09:48:36
COMPLAINT0004807,ACC0025277,BRW0005670,2026-03-16 16:39:10,PAYMENT,HIGH,INVESTIGATING,EMAIL,2026-03-20 16:39:10
COMPLAINT0004808,ACC0029118,BRW0004221,2026-05-02 01:40:50,WRONG_CONTACT,LOW,OPEN,CALL,2026-05-20 01:40:50
COMPLAINT0004809,ACC0003837,BRW0011716,2026-04-19 05:06:31,WRONG_CONTACT,MEDIUM,CLOSED,FIELD,2026-04-21 05:06:31
COMPLAINT0004810,ACC0016089,BRW0011258,2026-05-09 14:53:40,HARASSMENT,MEDIUM,OPEN,SMS,2026-05-13 14:53:40
COMPLAINT0004811,ACC0005203,BRW0003254,2026-01-24 01:00:22,HARASSMENT,HIGH,CLOSED,WHATSAPP,2026-02-05 01:00:22
COMPLAINT0004812,ACC0008147,BRW0001455,2026-05-10 13:26:24,DISPUTE,MEDIUM,INVESTIGATING,WHATSAPP,2026-05-20 13:26:24
COMPLAINT0004813,ACC0008536,BRW0009943,2026-01-02 13:19:59,DND,CRITICAL,CLOSED,EMAIL,2026-01-09 13:19:59
COMPLAINT0004814,ACC0010526,BRW0004686,2026-01-31 16:49:07,AGENT_BEHAVIOUR,CRITICAL,CLOSED,SMS,2026-02-14 16:49:07
COMPLAINT0004815,ACC0006127,BRW0000127,2026-04-22 05:22:24,AGENT_BEHAVIOUR,HIGH,OPEN,CALL,2026-05-10 05:22:24
COMPLAINT0004816,ACC0018605,BRW0005030,2026-01-25 17:28:31,PRIVACY,MEDIUM,RESOLVED,WHATSAPP,2026-02-01 17:28:31
COMPLAINT0004817,ACC0001603,BRW0008877,2026-07-27 08:48:57,AGENT_BEHAVIOUR,CRITICAL,CLOSED,FIELD,2026-08-05 08:48:57
COMPLAINT0004818,ACC0008372,BRW0009899,2026-02-22 22:19:47,PRIVACY,MEDIUM,OPEN,CALL,2026-03-09 22:19:47
COMPLAINT0004819,ACC0015256,BRW0000503,2026-04-04 07:23:59,HARASSMENT,LOW,CLOSED,SMS,2026-04-09 07:23:59
COMPLAINT0004820,ACC0009697,BRW0001244,2026-04-12 07:15:42,PAYMENT,MEDIUM,RESOLVED,FIELD,2026-04-30 07:15:42
COMPLAINT0004821,ACC0016680,BRW0000295,2026-03-02 14:49:58,PRIVACY,HIGH,OPEN,CALL,2026-03-03 14:49:58
COMPLAINT0004822,ACC0008978,BRW0000593,2026-04-04 20:41:49,PAYMENT,MEDIUM,RESOLVED,FIELD,2026-04-08 20:41:49
COMPLAINT0004823,ACC0017805,BRW0006119,2026-07-17 03:26:52,DND,HIGH,OPEN,WHATSAPP,2026-07-24 03:26:52
COMPLAINT0004824,ACC0024321,BRW0010680,2026-07-27 23:17:34,WRONG_CONTACT,LOW,RESOLVED,FIELD,2026-07-30 23:17:34
COMPLAINT0004825,ACC0016563,BRW0002033,2026-01-02 00:30:07,AGENT_BEHAVIOUR,CRITICAL,CLOSED,EMAIL,2026-01-07 00:30:07
COMPLAINT0004826,ACC0017370,BRW0004574,2026-06-23 04:10:20,PAYMENT,CRITICAL,RESOLVED,EMAIL,2026-06-26 04:10:20
COMPLAINT0004827,ACC0022221,BRW0002697,2026-06-17 19:11:03,DISPUTE,CRITICAL,INVESTIGATING,CALL,2026-06-21 19:11:03
COMPLAINT0004828,ACC0006802,BRW0011170,2026-02-05 10:53:24,DISPUTE,LOW,RESOLVED,WHATSAPP,2026-02-12 10:53:24
COMPLAINT0004829,ACC0010726,BRW0002705,2026-01-07 09:45:05,AGENT_BEHAVIOUR,HIGH,CLOSED,WHATSAPP,2026-01-17 09:45:05
COMPLAINT0004830,ACC0021255,BRW0009877,2026-03-23 01:20:05,DISPUTE,LOW,INVESTIGATING,EMAIL,2026-04-08 01:20:05
COMPLAINT0004831,ACC0009108,BRW0005995,2026-04-09 03:20:30,AGENT_BEHAVIOUR,CRITICAL,RESOLVED,EMAIL,2026-04-20 03:20:30
COMPLAINT0004832,ACC0022188,BRW0009249,2026-03-25 01:28:01,DND,MEDIUM,RESOLVED,SMS,2026-03-30 01:28:01
COMPLAINT0004833,ACC0023656,BRW0001163,2026-02-14 00:52:51,PAYMENT,LOW,CLOSED,EMAIL,2026-02-20 00:52:51
COMPLAINT0004834,ACC0029475,BRW0000930,2026-05-26 22:07:07,DND,LOW,INVESTIGATING,CALL,2026-06-11 22:07:07
COMPLAINT0004835,ACC0025534,BRW0010993,2026-07-13 13:18:39,WRONG_CONTACT,HIGH,OPEN,FIELD,2026-07-30 13:18:39
COMPLAINT0004836,ACC0001151,BRW0011919,2026-05-14 04:41:43,WRONG_CONTACT,CRITICAL,INVESTIGATING,WHATSAPP,2026-05-15 04:41:43
COMPLAINT0004837,ACC0009414,BRW0005547,2026-08-07 02:51:08,PAYMENT,MEDIUM,CLOSED,WHATSAPP,2026-08-16 02:51:08
COMPLAINT0004838,ACC0002165,BRW0008285,2026-08-08 16:26:16,PRIVACY,CRITICAL,CLOSED,FIELD,2026-08-10 16:26:16
COMPLAINT0004839,ACC0027008,BRW0009680,2026-03-05 02:01:14,DISPUTE,LOW,OPEN,EMAIL,2026-03-06 02:01:14
COMPLAINT0004840,ACC0020112,BRW0007221,2026-06-21 03:07:47,HARASSMENT,HIGH,RESOLVED,EMAIL,2026-07-07 03:07:47
COMPLAINT0004841,ACC0019342,BRW0000561,2026-04-16 00:39:04,DISPUTE,LOW,INVESTIGATING,CALL,2026-04-28 00:39:04
COMPLAINT0004842,ACC0028409,BRW0011276,2026-02-09 14:09:08,PAYMENT,LOW,INVESTIGATING,CALL,2026-02-20 14:09:08
COMPLAINT0004843,ACC0003457,BRW0000083,2026-06-08 09:23:40,DISPUTE,HIGH,OPEN,CALL,2026-06-23 09:23:40
COMPLAINT0004844,ACC0019324,BRW0003671,2026-06-16 08:44:05,PAYMENT,MEDIUM,INVESTIGATING,SMS,2026-07-03 08:44:05
COMPLAINT0004845,ACC0014013,BRW0003820,2026-03-26 00:19:27,DISPUTE,HIGH,RESOLVED,EMAIL,2026-04-13 00:19:27
COMPLAINT0004846,ACC0024621,BRW0002316,2026-07-11 06:58:35,DND,MEDIUM,RESOLVED,EMAIL,2026-07-29 06:58:35
COMPLAINT0004847,ACC0014567,BRW0010687,2026-01-30 14:32:25,AGENT_BEHAVIOUR,CRITICAL,INVESTIGATING,FIELD,2026-02-13 14:32:25
COMPLAINT0004848,ACC0003012,BRW0001355,2026-03-20 19:04:49,DND,CRITICAL,CLOSED,SMS,2026-03-21 19:04:49
COMPLAINT0004849,ACC0019383,BRW0007524,2026-03-05 03:05:11,DISPUTE,MEDIUM,INVESTIGATING,SMS,2026-03-20 03:05:11
COMPLAINT0004850,ACC0010526,BRW0011455,2026-05-22 07:42:41,HARASSMENT,MEDIUM,CLOSED,SMS,2026-06-07 07:42:41
COMPLAINT0004851,ACC0010503,BRW0008708,2026-06-05 08:40:52,AGENT_BEHAVIOUR,LOW,OPEN,FIELD,2026-06-15 08:40:52
COMPLAINT0004852,ACC0000864,BRW0002141,2026-04-16 08:25:59,DND,HIGH,RESOLVED,FIELD,2026-04-30 08:25:59
COMPLAINT0004853,ACC0008139,BRW0000739,2026-06-02 02:33:45,DISPUTE,MEDIUM,OPEN,EMAIL,2026-06-10 02:33:45
COMPLAINT0004854,ACC0018848,BRW0003585,2026-04-20 17:26:00,AGENT_BEHAVIOUR,LOW,RESOLVED,EMAIL,2026-05-07 17:26:00
COMPLAINT0004855,ACC0017706,BRW0005279,2026-06-28 12:56:00,HARASSMENT,LOW,CLOSED,CALL,2026-07-10 12:56:00
COMPLAINT0004856,ACC0003714,BRW0006987,2026-07-17 07:51:36,PAYMENT,LOW,RESOLVED,WHATSAPP,2026-07-25 07:51:36
COMPLAINT0004857,ACC0023099,BRW0001472,2026-08-01 06:43:53,HARASSMENT,MEDIUM,RESOLVED,CALL,2026-08-13 06:43:53
COMPLAINT0004858,ACC0012232,BRW0000899,2026-01-21 20:40:57,PRIVACY,CRITICAL,CLOSED,WHATSAPP,2026-01-31 20:40:57
COMPLAINT0004859,ACC0029930,BRW0007498,2026-06-27 20:48:12,HARASSMENT,LOW,RESOLVED,FIELD,2026-07-05 20:48:12
COMPLAINT0004860,ACC0021915,BRW0003419,2026-01-27 01:32:32,WRONG_CONTACT,LOW,CLOSED,WHATSAPP,2026-02-05 01:32:32
COMPLAINT0004861,ACC0001174,BRW0001146,2026-02-19 17:11:06,WRONG_CONTACT,LOW,CLOSED,SMS,2026-03-01 17:11:06
COMPLAINT0004862,ACC0000834,BRW0011186,2026-07-05 10:26:18,DISPUTE,CRITICAL,OPEN,WHATSAPP,2026-07-14 10:26:18
COMPLAINT0004863,ACC0021540,BRW0000893,2026-04-11 13:48:28,AGENT_BEHAVIOUR,HIGH,CLOSED,FIELD,2026-04-27 13:48:28
COMPLAINT0004864,ACC0026105,BRW0005369,2026-02-01 00:38:24,WRONG_CONTACT,LOW,CLOSED,SMS,2026-02-09 00:38:24
COMPLAINT0004865,ACC0026142,BRW0010785,2026-01-03 03:57:08,DISPUTE,MEDIUM,CLOSED,WHATSAPP,2026-01-16 03:57:08
COMPLAINT0004866,ACC0017976,BRW0003982,2026-04-16 04:25:05,DND,HIGH,RESOLVED,FIELD,2026-04-23 04:25:05
COMPLAINT0004867,ACC0003671,BRW0000659,2026-05-19 06:46:22,PAYMENT,LOW,INVESTIGATING,CALL,2026-05-28 06:46:22
COMPLAINT0004868,ACC0010953,BRW0005374,2026-06-29 18:09:12,DND,LOW,CLOSED,FIELD,2026-07-15 18:09:12
COMPLAINT0004869,ACC0004097,BRW0009856,2026-07-18 04:49:30,DISPUTE,LOW,OPEN,FIELD,2026-07-23 04:49:30
COMPLAINT0004870,ACC0007319,BRW0001928,2026-07-02 21:18:15,WRONG_CONTACT,LOW,OPEN,FIELD,2026-07-21 21:18:15
COMPLAINT0004871,ACC0023812,BRW0006368,2026-02-03 14:47:06,PAYMENT,HIGH,OPEN,EMAIL,2026-02-17 14:47:06
COMPLAINT0004872,ACC0007767,BRW0000409,2026-07-31 16:17:10,HARASSMENT,HIGH,OPEN,FIELD,2026-08-05 16:17:10
COMPLAINT0004873,ACC0000025,BRW0002782,2026-06-08 01:09:16,DISPUTE,LOW,CLOSED,CALL,2026-06-22 01:09:16
COMPLAINT0004874,ACC0014883,BRW0000732,2026-05-19 20:05:07,PRIVACY,MEDIUM,OPEN,EMAIL,2026-05-29 20:05:07
COMPLAINT0004875,ACC0022660,BRW0002842,2026-04-15 10:29:36,DND,HIGH,RESOLVED,FIELD,2026-05-02 10:29:36
COMPLAINT0004876,ACC0012691,BRW0004548,2026-04-23 09:19:13,PRIVACY,LOW,OPEN,CALL,2026-04-30 09:19:13
COMPLAINT0004877,ACC0015128,BRW0004491,2026-04-15 11:52:07,HARASSMENT,HIGH,RESOLVED,SMS,2026-04-20 11:52:07
COMPLAINT0004878,ACC0005221,BRW0010106,2026-06-22 23:01:15,DISPUTE,LOW,INVESTIGATING,SMS,2026-06-23 23:01:15
COMPLAINT0004879,ACC0000270,BRW0000186,2026-02-01 22:05:26,WRONG_CONTACT,CRITICAL,RESOLVED,FIELD,2026-02-08 22:05:26
COMPLAINT0004880,ACC0018497,BRW0010878,2026-07-16 01:23:41,DND,MEDIUM,CLOSED,SMS,2026-07-17 01:23:41
COMPLAINT0004881,ACC0000090,BRW0002802,2026-07-20 19:15:10,WRONG_CONTACT,MEDIUM,OPEN,EMAIL,2026-07-26 19:15:10
COMPLAINT0004882,ACC0018791,BRW0003470,2026-07-14 13:50:14,DISPUTE,LOW,RESOLVED,WHATSAPP,2026-07-27 13:50:14
COMPLAINT0004883,ACC0007163,BRW0009684,2026-05-27 02:58:21,PRIVACY,MEDIUM,RESOLVED,FIELD,2026-06-10 02:58:21
COMPLAINT0004884,ACC0011095,BRW0005111,2026-03-10 17:35:00,WRONG_CONTACT,MEDIUM,OPEN,SMS,2026-03-25 17:35:00
COMPLAINT0004885,ACC0020007,BRW0008481,2026-01-08 04:04:55,HARASSMENT,CRITICAL,CLOSED,WHATSAPP,2026-01-24 04:04:55
COMPLAINT0004886,ACC0024045,BRW0006214,2026-04-11 00:59:38,PRIVACY,CRITICAL,CLOSED,EMAIL,2026-04-13 00:59:38
COMPLAINT0004887,ACC0027135,BRW0005778,2026-07-08 13:22:11,DND,HIGH,INVESTIGATING,WHATSAPP,2026-07-09 13:22:11
COMPLAINT0004888,ACC0002427,BRW0011979,2026-01-31 18:30:46,WRONG_CONTACT,CRITICAL,RESOLVED,CALL,2026-02-10 18:30:46
COMPLAINT0004889,ACC0001570,BRW0003983,2026-03-05 21:00:50,DND,LOW,INVESTIGATING,EMAIL,2026-03-15 21:00:50
COMPLAINT0004890,ACC0004043,BRW0003217,2026-07-06 00:01:25,HARASSMENT,MEDIUM,CLOSED,SMS,2026-07-13 00:01:25
COMPLAINT0004891,ACC0001094,BRW0006332,2026-02-14 17:09:46,AGENT_BEHAVIOUR,LOW,INVESTIGATING,FIELD,2026-03-02 17:09:46
COMPLAINT0004892,ACC0001793,BRW0000465,2026-06-25 14:46:13,PRIVACY,CRITICAL,OPEN,WHATSAPP,2026-07-03 14:46:13
COMPLAINT0004893,ACC0024047,BRW0008249,2026-07-21 06:17:12,AGENT_BEHAVIOUR,MEDIUM,CLOSED,SMS,2026-08-08 06:17:12
COMPLAINT0004894,ACC0022012,BRW0003838,2026-02-05 17:42:19,HARASSMENT,MEDIUM,OPEN,FIELD,2026-02-21 17:42:19
COMPLAINT0004895,ACC0022694,BRW0001247,2026-07-07 11:01:44,AGENT_BEHAVIOUR,HIGH,INVESTIGATING,SMS,2026-07-09 11:01:44
COMPLAINT0004896,ACC0017546,BRW0001143,2026-05-21 18:31:03,PAYMENT,LOW,CLOSED,FIELD,2026-06-05 18:31:03
COMPLAINT0004897,ACC0004859,BRW0002544,2026-06-10 06:19:56,PAYMENT,MEDIUM,INVESTIGATING,EMAIL,2026-06-15 06:19:56
COMPLAINT0004898,ACC0023510,BRW0000272,2026-03-12 11:51:54,WRONG_CONTACT,MEDIUM,OPEN,FIELD,2026-03-29 11:51:54
COMPLAINT0004899,ACC0022999,BRW0005111,2026-07-05 00:01:03,HARASSMENT,CRITICAL,OPEN,WHATSAPP,2026-07-07 00:01:03
COMPLAINT0004900,ACC0024311,BRW0004120,2026-07-18 00:26:45,HARASSMENT,LOW,INVESTIGATING,CALL,2026-07-20 00:26:45
COMPLAINT0004901,ACC0023992,BRW0001738,2026-03-03 18:30:32,PRIVACY,MEDIUM,RESOLVED,EMAIL,2026-03-21 18:30:32
COMPLAINT0004902,ACC0015996,BRW0007203,2026-01-08 16:28:35,DND,MEDIUM,CLOSED,CALL,2026-01-22 16:28:35
COMPLAINT0004903,ACC0023849,BRW0005209,2026-05-23 10:37:44,HARASSMENT,MEDIUM,INVESTIGATING,EMAIL,2026-06-03 10:37:44
COMPLAINT0004904,ACC0000249,BRW0008537,2026-02-18 17:57:13,WRONG_CONTACT,HIGH,CLOSED,WHATSAPP,2026-02-26 17:57:13
COMPLAINT0004905,ACC0004747,BRW0011719,2026-01-15 12:24:49,DND,CRITICAL,OPEN,WHATSAPP,2026-01-31 12:24:49
COMPLAINT0004906,ACC0008677,BRW0010798,2026-06-29 02:22:33,DISPUTE,MEDIUM,RESOLVED,WHATSAPP,2026-07-12 02:22:33
COMPLAINT0004907,ACC0001141,BRW0006632,2026-04-24 13:18:51,PAYMENT,HIGH,CLOSED,FIELD,2026-05-13 13:18:51
COMPLAINT0004908,ACC0001184,BRW0000690,2026-03-12 19:58:51,DND,LOW,CLOSED,WHATSAPP,2026-03-17 19:58:51
COMPLAINT0004909,ACC0015912,BRW0002648,2026-02-16 15:22:19,AGENT_BEHAVIOUR,MEDIUM,RESOLVED,SMS,2026-02-18 15:22:19
COMPLAINT0004910,ACC0029591,BRW0011441,2026-06-09 09:12:05,HARASSMENT,CRITICAL,INVESTIGATING,FIELD,2026-06-24 09:12:05
COMPLAINT0004911,ACC0020925,BRW0010651,2026-07-09 20:54:39,WRONG_CONTACT,HIGH,CLOSED,SMS,2026-07-20 20:54:39
COMPLAINT0004912,ACC0021518,BRW0008425,2026-03-04 05:00:15,WRONG_CONTACT,HIGH,OPEN,CALL,2026-03-09 05:00:15
COMPLAINT0004913,ACC0012560,BRW0003917,2026-04-01 17:09:47,PAYMENT,HIGH,CLOSED,EMAIL,2026-04-10 17:09:47
COMPLAINT0004914,ACC0002860,BRW0011023,2026-02-27 17:38:40,AGENT_BEHAVIOUR,CRITICAL,CLOSED,SMS,2026-03-16 17:38:40
COMPLAINT0004915,ACC0010155,BRW0006317,2026-06-07 15:05:04,PAYMENT,CRITICAL,CLOSED,FIELD,2026-06-20 15:05:04
COMPLAINT0004916,ACC0008340,BRW0009522,2026-04-15 03:56:46,DISPUTE,HIGH,OPEN,SMS,2026-04-22 03:56:46
COMPLAINT0004917,ACC0011205,BRW0001035,2026-07-06 07:48:55,PAYMENT,LOW,CLOSED,WHATSAPP,2026-07-16 07:48:55
COMPLAINT0004918,ACC0013247,BRW0009995,2026-05-01 17:34:34,AGENT_BEHAVIOUR,HIGH,RESOLVED,SMS,2026-05-05 17:34:34
COMPLAINT0004919,ACC0026112,BRW0006354,2026-07-16 23:46:02,PRIVACY,CRITICAL,RESOLVED,WHATSAPP,2026-07-21 23:46:02
COMPLAINT0004920,ACC0023712,BRW0010317,2026-06-12 12:38:08,DND,MEDIUM,RESOLVED,EMAIL,2026-06-27 12:38:08
COMPLAINT0004921,ACC0003317,BRW0000140,2026-01-31 05:44:32,WRONG_CONTACT,HIGH,OPEN,WHATSAPP,2026-02-15 05:44:32
COMPLAINT0004922,ACC0021800,BRW0010145,2026-01-14 21:01:42,DISPUTE,MEDIUM,OPEN,SMS,2026-01-28 21:01:42
COMPLAINT0004923,ACC0009897,BRW0008972,2026-02-28 08:13:23,PRIVACY,HIGH,OPEN,SMS,2026-03-02 08:13:23
COMPLAINT0004924,ACC0026835,BRW0001481,2026-03-25 00:33:31,PAYMENT,CRITICAL,CLOSED,FIELD,2026-03-29 00:33:31
COMPLAINT0004925,ACC0020222,BRW0009271,2026-05-12 11:04:43,AGENT_BEHAVIOUR,CRITICAL,OPEN,SMS,2026-05-26 11:04:43
COMPLAINT0004926,ACC0024179,BRW0001398,2026-06-19 08:08:44,WRONG_CONTACT,LOW,CLOSED,FIELD,2026-06-20 08:08:44
COMPLAINT0004927,ACC0020002,BRW0004538,2026-03-06 17:25:13,WRONG_CONTACT,CRITICAL,RESOLVED,FIELD,2026-03-25 17:25:13
COMPLAINT0004928,ACC0026292,BRW0002058,2026-07-07 13:15:28,AGENT_BEHAVIOUR,HIGH,INVESTIGATING,CALL,2026-07-26 13:15:28
COMPLAINT0004929,ACC0013590,BRW0001909,2026-01-18 08:39:57,DND,LOW,RESOLVED,FIELD,2026-01-27 08:39:57
COMPLAINT0004930,ACC0024671,BRW0010049,2026-02-02 23:59:35,PAYMENT,HIGH,INVESTIGATING,FIELD,2026-02-12 23:59:35
COMPLAINT0004931,ACC0003261,BRW0009231,2026-08-02 05:16:21,WRONG_CONTACT,CRITICAL,INVESTIGATING,SMS,2026-08-15 05:16:21
COMPLAINT0004932,ACC0004086,BRW0003389,2026-06-12 22:16:39,DND,MEDIUM,CLOSED,FIELD,2026-06-29 22:16:39
COMPLAINT0004933,ACC0011156,BRW0005895,2026-07-13 18:06:45,AGENT_BEHAVIOUR,CRITICAL,INVESTIGATING,CALL,2026-07-18 18:06:45
COMPLAINT0004934,ACC0016205,BRW0002884,2026-04-21 03:15:48,PAYMENT,CRITICAL,CLOSED,EMAIL,2026-05-05 03:15:48
COMPLAINT0004935,ACC0010896,BRW0004695,2026-01-16 11:16:49,PRIVACY,HIGH,OPEN,EMAIL,2026-01-22 11:16:49
COMPLAINT0004936,ACC0012247,BRW0006791,2026-03-06 11:37:05,PRIVACY,MEDIUM,OPEN,EMAIL,2026-03-08 11:37:05
COMPLAINT0004937,ACC0002335,BRW0004299,2026-06-06 01:08:55,WRONG_CONTACT,CRITICAL,CLOSED,FIELD,2026-06-24 01:08:55
COMPLAINT0004938,ACC0014693,BRW0005142,2026-04-11 21:11:35,PAYMENT,LOW,OPEN,EMAIL,2026-04-24 21:11:35
COMPLAINT0004939,ACC0016629,BRW0002362,2026-05-07 20:18:13,DND,CRITICAL,OPEN,EMAIL,2026-05-23 20:18:13
COMPLAINT0004940,ACC0005734,BRW0000126,2026-01-22 22:17:18,PRIVACY,HIGH,CLOSED,WHATSAPP,2026-01-26 22:17:18
COMPLAINT0004941,ACC0004770,BRW0005223,2026-06-29 16:09:50,PRIVACY,HIGH,RESOLVED,SMS,2026-07-01 16:09:50
COMPLAINT0004942,ACC0000286,BRW0005001,2026-02-07 23:19:52,AGENT_BEHAVIOUR,LOW,CLOSED,EMAIL,2026-02-14 23:19:52
COMPLAINT0004943,ACC0027874,BRW0001460,2026-03-13 04:27:16,PRIVACY,MEDIUM,RESOLVED,SMS,2026-03-24 04:27:16
COMPLAINT0004944,ACC0001401,BRW0002726,2026-01-18 02:21:30,HARASSMENT,MEDIUM,OPEN,CALL,2026-01-26 02:21:30
COMPLAINT0004945,ACC0026078,BRW0005278,2026-08-08 20:03:40,PRIVACY,LOW,OPEN,SMS,2026-08-25 20:03:40
COMPLAINT0004946,ACC0018979,BRW0001182,2026-04-25 06:58:17,AGENT_BEHAVIOUR,LOW,CLOSED,WHATSAPP,2026-05-07 06:58:17
COMPLAINT0004947,ACC0013534,BRW0003894,2026-06-21 15:19:48,DND,LOW,RESOLVED,SMS,2026-07-03 15:19:48
COMPLAINT0004948,ACC0025386,BRW0002497,2026-06-06 05:14:12,HARASSMENT,LOW,CLOSED,FIELD,2026-06-09 05:14:12
COMPLAINT0004949,ACC0016717,BRW0007551,2026-04-07 15:39:23,AGENT_BEHAVIOUR,CRITICAL,CLOSED,WHATSAPP,2026-04-14 15:39:23
COMPLAINT0004950,ACC0017727,BRW0002129,2026-06-20 04:55:58,PAYMENT,CRITICAL,CLOSED,EMAIL,2026-06-21 04:55:58
COMPLAINT0004951,ACC0006543,BRW0001626,2026-05-10 02:13:51,PAYMENT,CRITICAL,INVESTIGATING,SMS,2026-05-15 02:13:51
COMPLAINT0004952,ACC0003679,BRW0005877,2026-01-26 17:29:49,HARASSMENT,CRITICAL,CLOSED,FIELD,2026-01-28 17:29:49
COMPLAINT0004953,ACC0020308,BRW0004915,2026-03-07 20:54:02,HARASSMENT,HIGH,CLOSED,EMAIL,2026-03-17 20:54:02
COMPLAINT0004954,ACC0005946,BRW0008735,2026-05-25 17:49:53,HARASSMENT,HIGH,INVESTIGATING,CALL,2026-06-05 17:49:53
COMPLAINT0004955,ACC0023772,BRW0000494,2026-02-03 20:35:10,PRIVACY,MEDIUM,INVESTIGATING,FIELD,2026-02-04 20:35:10
COMPLAINT0004956,ACC0014400,BRW0004695,2026-03-03 19:06:27,PAYMENT,MEDIUM,OPEN,FIELD,2026-03-10 19:06:27
COMPLAINT0004957,ACC0011323,BRW0002865,2026-04-02 08:31:18,HARASSMENT,HIGH,INVESTIGATING,EMAIL,2026-04-06 08:31:18
COMPLAINT0004958,ACC0021669,BRW0010942,2026-01-20 06:23:23,PAYMENT,LOW,RESOLVED,EMAIL,2026-01-23 06:23:23
COMPLAINT0004959,ACC0022102,BRW0005315,2026-06-09 21:37:04,AGENT_BEHAVIOUR,HIGH,INVESTIGATING,FIELD,2026-06-20 21:37:04
COMPLAINT0004960,ACC0023966,BRW0004866,2026-06-11 04:59:15,AGENT_BEHAVIOUR,LOW,OPEN,FIELD,2026-06-15 04:59:15
COMPLAINT0004961,ACC0029407,BRW0001655,2026-05-22 03:35:13,WRONG_CONTACT,HIGH,INVESTIGATING,SMS,2026-05-27 03:35:13
COMPLAINT0004962,ACC0010702,BRW0000210,2026-07-02 21:00:15,AGENT_BEHAVIOUR,CRITICAL,RESOLVED,CALL,2026-07-15 21:00:15
COMPLAINT0004963,ACC0012422,BRW0008874,2026-07-17 17:52:17,AGENT_BEHAVIOUR,LOW,RESOLVED,EMAIL,2026-08-02 17:52:17
COMPLAINT0004964,ACC0000024,BRW0008376,2026-06-16 09:43:10,DND,LOW,RESOLVED,CALL,2026-06-30 09:43:10
COMPLAINT0004965,ACC0014317,BRW0011903,2026-04-16 15:02:06,DISPUTE,LOW,RESOLVED,FIELD,2026-04-28 15:02:06
COMPLAINT0004966,ACC0014745,BRW0002559,2026-06-29 21:34:24,AGENT_BEHAVIOUR,HIGH,CLOSED,SMS,2026-07-10 21:34:24
COMPLAINT0004967,ACC0013977,BRW0011220,2026-05-23 22:48:03,DND,MEDIUM,RESOLVED,EMAIL,2026-05-25 22:48:03
COMPLAINT0004968,ACC0029980,BRW0003199,2026-02-26 05:36:59,PRIVACY,MEDIUM,INVESTIGATING,EMAIL,2026-03-14 05:36:59
COMPLAINT0004969,ACC0004896,BRW0009034,2026-05-22 08:24:46,PAYMENT,MEDIUM,INVESTIGATING,SMS,2026-06-03 08:24:46
COMPLAINT0004970,ACC0005214,BRW0006888,2026-06-17 00:43:36,PAYMENT,LOW,CLOSED,SMS,2026-06-20 00:43:36
COMPLAINT0004971,ACC0028433,BRW0002826,2026-06-07 18:59:32,DISPUTE,CRITICAL,CLOSED,WHATSAPP,2026-06-26 18:59:32
COMPLAINT0004972,ACC0023419,BRW0001126,2026-03-11 18:36:08,PAYMENT,MEDIUM,CLOSED,WHATSAPP,2026-03-27 18:36:08
COMPLAINT0004973,ACC0020955,BRW0007414,2026-04-12 11:00:11,PRIVACY,MEDIUM,INVESTIGATING,FIELD,2026-04-24 11:00:11
COMPLAINT0004974,ACC0025509,BRW0005022,2026-01-10 18:25:34,AGENT_BEHAVIOUR,CRITICAL,OPEN,WHATSAPP,2026-01-11 18:25:34
COMPLAINT0004975,ACC0001717,BRW0002815,2026-04-26 17:02:58,PRIVACY,HIGH,RESOLVED,EMAIL,2026-04-30 17:02:58
COMPLAINT0004976,ACC0021723,BRW0008057,2026-06-20 22:31:44,AGENT_BEHAVIOUR,MEDIUM,OPEN,FIELD,2026-07-04 22:31:44
COMPLAINT0004977,ACC0020983,BRW0009361,2026-01-16 13:45:33,DND,CRITICAL,INVESTIGATING,FIELD,2026-01-22 13:45:33
COMPLAINT0004978,ACC0008459,BRW0003455,2026-06-14 12:52:59,PAYMENT,MEDIUM,RESOLVED,EMAIL,2026-06-24 12:52:59
COMPLAINT0004979,ACC0011390,BRW0007543,2026-04-13 16:06:37,DISPUTE,LOW,RESOLVED,FIELD,2026-04-27 16:06:37
COMPLAINT0004980,ACC0022648,BRW0005144,2026-08-06 21:57:30,DND,MEDIUM,INVESTIGATING,WHATSAPP,2026-08-18 21:57:30
COMPLAINT0004981,ACC0023977,BRW0003020,2026-05-17 13:19:46,PAYMENT,LOW,RESOLVED,CALL,2026-05-30 13:19:46
COMPLAINT0004982,ACC0003645,BRW0009244,2026-02-26 01:22:52,HARASSMENT,MEDIUM,OPEN,FIELD,2026-03-01 01:22:52
COMPLAINT0004983,ACC0009991,BRW0010444,2026-07-06 16:25:11,PRIVACY,LOW,RESOLVED,FIELD,2026-07-25 16:25:11
COMPLAINT0004984,ACC0027704,BRW0002991,2026-04-04 12:45:40,AGENT_BEHAVIOUR,LOW,INVESTIGATING,FIELD,2026-04-08 12:45:40
COMPLAINT0004985,ACC0005934,BRW0004689,2026-04-22 04:38:14,AGENT_BEHAVIOUR,CRITICAL,CLOSED,CALL,2026-04-27 04:38:14
COMPLAINT0004986,ACC0007351,BRW0005013,2026-03-17 01:07:13,PRIVACY,MEDIUM,OPEN,FIELD,2026-03-30 01:07:13
COMPLAINT0004987,ACC0022579,BRW0009692,2026-07-23 12:52:28,PAYMENT,CRITICAL,OPEN,EMAIL,2026-07-31 12:52:28
COMPLAINT0004988,ACC0003265,BRW0002699,2026-05-20 01:19:56,AGENT_BEHAVIOUR,HIGH,OPEN,SMS,2026-06-01 01:19:56
COMPLAINT0004989,ACC0011816,BRW0007661,2026-07-02 09:11:56,PRIVACY,HIGH,INVESTIGATING,EMAIL,2026-07-11 09:11:56
COMPLAINT0004990,ACC0012291,BRW0002385,2026-02-09 00:37:57,PRIVACY,CRITICAL,INVESTIGATING,WHATSAPP,2026-02-26 00:37:57
COMPLAINT0004991,ACC0000571,BRW0008789,2026-07-23 13:57:48,PAYMENT,LOW,CLOSED,EMAIL,2026-08-02 13:57:48
COMPLAINT0004992,ACC0005706,BRW0003624,2026-08-04 06:31:27,DISPUTE,MEDIUM,INVESTIGATING,SMS,2026-08-23 06:31:27
COMPLAINT0004993,ACC0003458,BRW0002236,2026-02-18 01:14:33,WRONG_CONTACT,CRITICAL,CLOSED,WHATSAPP,2026-02-23 01:14:33
COMPLAINT0004994,ACC0011073,BRW0006619,2026-07-19 23:38:57,PAYMENT,LOW,CLOSED,CALL,2026-07-24 23:38:57
COMPLAINT0004995,ACC0006671,BRW0001356,2026-07-09 18:27:34,PAYMENT,HIGH,CLOSED,FIELD,2026-07-19 18:27:34
COMPLAINT0004996,ACC0001235,BRW0009135,2026-06-04 13:46:20,PRIVACY,CRITICAL,CLOSED,WHATSAPP,2026-06-07 13:46:20
COMPLAINT0004997,ACC0028634,BRW0007773,2026-05-09 04:07:36,PAYMENT,CRITICAL,CLOSED,CALL,2026-05-24 04:07:36
COMPLAINT0004998,ACC0019274,BRW0003621,2026-07-11 00:37:43,DND,CRITICAL,INVESTIGATING,EMAIL,2026-07-19 00:37:43
COMPLAINT0004999,ACC0027941,BRW0002301,2026-05-10 15:12:33,DISPUTE,HIGH,INVESTIGATING,FIELD,2026-05-20 15:12:33
COMPLAINT0005000,ACC0028044,BRW0003670,2026-05-17 15:20:57,DND,HIGH,RESOLVED,WHATSAPP,2026-05-28 15:20:57
COMPLAINT0005001,ACC0005589,BRW0003118,2026-07-29 03:25:33,PRIVACY,MEDIUM,CLOSED,EMAIL,2026-08-08 03:25:33
COMPLAINT0005002,ACC0005065,BRW0003926,2026-01-10 02:49:56,PAYMENT,LOW,OPEN,EMAIL,2026-01-20 02:49:56
COMPLAINT0005003,ACC0002527,BRW0001863,2026-03-11 10:34:41,DND,LOW,CLOSED,FIELD,2026-03-28 10:34:41
COMPLAINT0005004,ACC0016267,BRW0009817,2026-07-12 03:47:53,PAYMENT,CRITICAL,CLOSED,SMS,2026-07-29 03:47:53
COMPLAINT0005005,ACC0000042,BRW0001154,2026-04-24 19:34:40,WRONG_CONTACT,LOW,CLOSED,FIELD,2026-05-11 19:34:40
COMPLAINT0005006,ACC0011306,BRW0011974,2026-01-24 10:36:52,PRIVACY,MEDIUM,RESOLVED,FIELD,2026-01-25 10:36:52
COMPLAINT0005007,ACC0005543,BRW0008900,2026-02-17 12:37:09,HARASSMENT,CRITICAL,CLOSED,SMS,2026-03-03 12:37:09
COMPLAINT0005008,ACC0004224,BRW0007751,2026-03-27 15:14:22,WRONG_CONTACT,MEDIUM,RESOLVED,FIELD,2026-04-10 15:14:22
COMPLAINT0005009,ACC0022654,BRW0001373,2026-03-04 05:13:17,PAYMENT,HIGH,INVESTIGATING,CALL,2026-03-05 05:13:17
COMPLAINT0005010,ACC0020428,BRW0005428,2026-03-19 20:50:53,DISPUTE,MEDIUM,RESOLVED,SMS,2026-04-01 20:50:53
COMPLAINT0005011,ACC0025378,BRW0005194,2026-01-16 02:39:03,PAYMENT,CRITICAL,RESOLVED,SMS,2026-01-19 02:39:03
COMPLAINT0005012,ACC0001352,BRW0003590,2026-07-11 15:47:35,WRONG_CONTACT,MEDIUM,RESOLVED,FIELD,2026-07-15 15:47:35
COMPLAINT0005013,ACC0025805,BRW0001718,2026-07-24 13:45:45,DND,HIGH,INVESTIGATING,EMAIL,2026-07-26 13:45:45
COMPLAINT0005014,ACC0017010,BRW0011500,2026-04-24 00:20:23,HARASSMENT,HIGH,OPEN,EMAIL,2026-05-02 00:20:23
COMPLAINT0005015,ACC0019590,BRW0007935,2026-01-30 04:25:49,WRONG_CONTACT,LOW,OPEN,SMS,2026-02-16 04:25:49
COMPLAINT0005016,ACC0002658,BRW0009966,2026-05-09 02:42:28,PRIVACY,CRITICAL,CLOSED,EMAIL,2026-05-15 02:42:28
COMPLAINT0005017,ACC0008148,BRW0002455,2026-01-07 04:39:47,PAYMENT,MEDIUM,RESOLVED,WHATSAPP,2026-01-21 04:39:47
COMPLAINT0005018,ACC0008828,BRW0008154,2026-02-13 14:59:25,HARASSMENT,CRITICAL,INVESTIGATING,EMAIL,2026-02-23 14:59:25
COMPLAINT0005019,ACC0024536,BRW0007391,2026-01-01 01:18:38,HARASSMENT,LOW,OPEN,FIELD,2026-01-06 01:18:38
COMPLAINT0005020,ACC0025669,BRW0000338,2026-02-05 17:35:39,DND,LOW,OPEN,EMAIL,2026-02-08 17:35:39
COMPLAINT0005021,ACC0008195,BRW0003278,2026-05-17 13:02:53,WRONG_CONTACT,MEDIUM,INVESTIGATING,CALL,2026-06-03 13:02:53
COMPLAINT0005022,ACC0004876,BRW0010196,2026-01-20 16:08:47,DND,HIGH,CLOSED,WHATSAPP,2026-02-05 16:08:47
COMPLAINT0005023,ACC0000147,BRW0007451,2026-04-26 13:33:27,DND,LOW,CLOSED,FIELD,2026-05-08 13:33:27
COMPLAINT0005024,ACC0013326,BRW0003093,2026-02-17 09:42:20,PAYMENT,HIGH,INVESTIGATING,CALL,2026-03-03 09:42:20
COMPLAINT0005025,ACC0005112,BRW0001392,2026-03-17 19:37:36,DND,CRITICAL,OPEN,CALL,2026-03-19 19:37:36
COMPLAINT0005026,ACC0021764,BRW0006477,2026-01-07 13:09:40,PRIVACY,HIGH,OPEN,WHATSAPP,2026-01-18 13:09:40
COMPLAINT0005027,ACC0008260,BRW0004127,2026-05-12 12:28:09,DND,CRITICAL,OPEN,EMAIL,2026-05-21 12:28:09
COMPLAINT0005028,ACC0016204,BRW0005999,2026-04-04 20:16:58,PAYMENT,LOW,OPEN,FIELD,2026-04-15 20:16:58
COMPLAINT0005029,ACC0012205,BRW0006518,2026-01-23 14:41:58,DISPUTE,MEDIUM,CLOSED,WHATSAPP,2026-02-11 14:41:58
COMPLAINT0005030,ACC0022002,BRW0006541,2026-07-25 01:13:13,DISPUTE,CRITICAL,OPEN,SMS,2026-08-11 01:13:13
COMPLAINT0005031,ACC0008160,BRW0000987,2026-07-04 17:52:07,AGENT_BEHAVIOUR,LOW,CLOSED,CALL,2026-07-13 17:52:07
COMPLAINT0005032,ACC0014844,BRW0005613,2026-06-17 21:35:03,PRIVACY,LOW,INVESTIGATING,EMAIL,2026-06-26 21:35:03
COMPLAINT0005033,ACC0018288,BRW0006300,2026-06-16 20:20:32,DND,HIGH,INVESTIGATING,FIELD,2026-06-26 20:20:32
COMPLAINT0005034,ACC0019601,BRW0000740,2026-07-14 09:07:26,PRIVACY,MEDIUM,RESOLVED,SMS,2026-07-27 09:07:26
COMPLAINT0005035,ACC0009528,BRW0000527,2026-01-13 17:21:52,WRONG_CONTACT,HIGH,RESOLVED,EMAIL,2026-01-18 17:21:52
COMPLAINT0005036,ACC0007703,BRW0002583,2026-07-13 19:25:55,DISPUTE,MEDIUM,RESOLVED,SMS,2026-07-28 19:25:55
COMPLAINT0005037,ACC0011143,BRW0000560,2026-02-23 19:43:59,HARASSMENT,HIGH,OPEN,EMAIL,2026-03-03 19:43:59
COMPLAINT0005038,ACC0003800,BRW0002294,2026-01-28 00:42:26,PRIVACY,HIGH,INVESTIGATING,EMAIL,2026-02-10 00:42:26
COMPLAINT0005039,ACC0021947,BRW0000643,2026-04-15 15:14:13,WRONG_CONTACT,HIGH,OPEN,WHATSAPP,2026-04-22 15:14:13
COMPLAINT0005040,ACC0014985,BRW0007963,2026-01-08 11:13:53,PRIVACY,MEDIUM,INVESTIGATING,CALL,2026-01-18 11:13:53
COMPLAINT0005041,ACC0013361,BRW0006931,2026-06-11 12:25:50,DND,MEDIUM,RESOLVED,FIELD,2026-06-20 12:25:50
COMPLAINT0005042,ACC0011895,BRW0003935,2026-05-27 16:51:54,PRIVACY,CRITICAL,CLOSED,SMS,2026-05-28 16:51:54
COMPLAINT0005043,ACC0021836,BRW0007468,2026-03-14 08:26:34,WRONG_CONTACT,LOW,RESOLVED,SMS,2026-03-26 08:26:34
COMPLAINT0005044,ACC0023880,BRW0007734,2026-03-15 17:41:08,HARASSMENT,HIGH,OPEN,CALL,2026-04-01 17:41:08
COMPLAINT0005045,ACC0026044,BRW0009587,2026-04-30 18:18:40,HARASSMENT,HIGH,OPEN,SMS,2026-05-09 18:18:40
COMPLAINT0005046,ACC0000682,BRW0007940,2026-03-22 05:58:08,AGENT_BEHAVIOUR,LOW,INVESTIGATING,EMAIL,2026-03-26 05:58:08
COMPLAINT0005047,ACC0006667,BRW0006794,2026-01-11 17:12:38,DISPUTE,LOW,OPEN,CALL,2026-01-12 17:12:38
COMPLAINT0005048,ACC0028994,BRW0007588,2026-03-12 02:05:16,DND,CRITICAL,CLOSED,EMAIL,2026-03-23 02:05:16
COMPLAINT0005049,ACC0009428,BRW0001659,2026-04-06 13:32:55,HARASSMENT,LOW,OPEN,CALL,2026-04-19 13:32:55
COMPLAINT0005050,ACC0022710,BRW0008077,2026-02-13 20:46:25,DISPUTE,HIGH,CLOSED,FIELD,2026-02-14 20:46:25
COMPLAINT0005051,ACC0001369,BRW0002015,2026-01-26 18:41:50,AGENT_BEHAVIOUR,MEDIUM,CLOSED,CALL,2026-02-13 18:41:50
COMPLAINT0005052,ACC0023769,BRW0004495,2026-01-14 18:53:08,PAYMENT,LOW,OPEN,FIELD,2026-01-27 18:53:08
COMPLAINT0005053,ACC0024685,BRW0008002,2026-03-14 01:36:45,DISPUTE,MEDIUM,RESOLVED,CALL,2026-03-28 01:36:45
COMPLAINT0005054,ACC0008221,BRW0006435,2026-01-09 23:31:02,AGENT_BEHAVIOUR,CRITICAL,OPEN,EMAIL,2026-01-26 23:31:02
COMPLAINT0005055,ACC0013391,BRW0002938,2026-01-26 05:20:17,DND,CRITICAL,OPEN,CALL,2026-02-08 05:20:17
COMPLAINT0005056,ACC0010835,BRW0009857,2026-05-05 12:51:12,WRONG_CONTACT,MEDIUM,INVESTIGATING,WHATSAPP,2026-05-09 12:51:12
COMPLAINT0005057,ACC0029604,BRW0003141,2026-04-28 14:55:47,DND,MEDIUM,RESOLVED,CALL,2026-05-01 14:55:47
COMPLAINT0005058,ACC0022997,BRW0004925,2026-06-28 07:39:49,AGENT_BEHAVIOUR,HIGH,INVESTIGATING,EMAIL,2026-07-06 07:39:49
COMPLAINT0005059,ACC0023160,BRW0005348,2026-06-04 01:57:26,PRIVACY,CRITICAL,INVESTIGATING,FIELD,2026-06-15 01:57:26
COMPLAINT0005060,ACC0012656,BRW0010246,2026-01-18 19:18:58,PAYMENT,MEDIUM,INVESTIGATING,FIELD,2026-01-29 19:18:58
COMPLAINT0005061,ACC0026409,BRW0006945,2026-02-17 04:22:22,DND,LOW,CLOSED,FIELD,2026-02-21 04:22:22
COMPLAINT0005062,ACC0028075,BRW0009620,2026-02-05 06:27:10,WRONG_CONTACT,CRITICAL,INVESTIGATING,CALL,2026-02-12 06:27:10
COMPLAINT0005063,ACC0018804,BRW0001392,2026-02-05 12:20:38,AGENT_BEHAVIOUR,HIGH,RESOLVED,EMAIL,2026-02-13 12:20:38
COMPLAINT0005064,ACC0014379,BRW0000795,2026-03-14 18:37:24,DISPUTE,LOW,OPEN,FIELD,2026-03-23 18:37:24
COMPLAINT0005065,ACC0015678,BRW0010597,2026-01-06 02:42:15,HARASSMENT,LOW,RESOLVED,SMS,2026-01-23 02:42:15
COMPLAINT0005066,ACC0004563,BRW0010150,2026-07-02 21:03:30,DISPUTE,MEDIUM,INVESTIGATING,SMS,2026-07-17 21:03:30
COMPLAINT0005067,ACC0012550,BRW0007948,2026-08-04 01:08:16,WRONG_CONTACT,CRITICAL,OPEN,WHATSAPP,2026-08-10 01:08:16
COMPLAINT0005068,ACC0002336,BRW0009612,2026-08-06 13:38:59,DISPUTE,HIGH,CLOSED,WHATSAPP,2026-08-15 13:38:59
COMPLAINT0005069,ACC0005635,BRW0000157,2026-01-25 02:55:00,DISPUTE,MEDIUM,RESOLVED,EMAIL,2026-02-07 02:55:00
COMPLAINT0005070,ACC0008225,BRW0004387,2026-06-21 01:14:08,PRIVACY,CRITICAL,RESOLVED,EMAIL,2026-06-25 01:14:08
COMPLAINT0005071,ACC0008014,BRW0003844,2026-05-16 07:51:13,DND,MEDIUM,CLOSED,CALL,2026-05-27 07:51:13
COMPLAINT0005072,ACC0002173,BRW0006228,2026-03-05 11:56:40,WRONG_CONTACT,LOW,CLOSED,EMAIL,2026-03-13 11:56:40
COMPLAINT0005073,ACC0014688,BRW0007376,2026-02-04 06:14:25,PRIVACY,CRITICAL,OPEN,WHATSAPP,2026-02-22 06:14:25
COMPLAINT0005074,ACC0029486,BRW0003985,2026-07-23 13:31:52,HARASSMENT,CRITICAL,RESOLVED,WHATSAPP,2026-07-26 13:31:52
COMPLAINT0005075,ACC0003922,BRW0007213,2026-03-08 02:29:52,PRIVACY,MEDIUM,OPEN,SMS,2026-03-17 02:29:52
COMPLAINT0005076,ACC0016040,BRW0008182,2026-05-02 02:31:03,AGENT_BEHAVIOUR,MEDIUM,OPEN,SMS,2026-05-15 02:31:03
COMPLAINT0005077,ACC0003014,BRW0003632,2026-04-20 19:44:46,HARASSMENT,MEDIUM,OPEN,WHATSAPP,2026-04-25 19:44:46
COMPLAINT0005078,ACC0019032,BRW0006352,2026-06-02 03:39:03,HARASSMENT,MEDIUM,OPEN,WHATSAPP,2026-06-04 03:39:03
COMPLAINT0005079,ACC0013752,BRW0008165,2026-01-26 22:59:24,DND,MEDIUM,OPEN,CALL,2026-02-12 22:59:24
COMPLAINT0005080,ACC0027030,BRW0008774,2026-01-02 12:23:09,DISPUTE,MEDIUM,OPEN,CALL,2026-01-08 12:23:09
COMPLAINT0005081,ACC0004074,BRW0008631,2026-03-29 13:45:34,DND,HIGH,INVESTIGATING,CALL,2026-04-17 13:45:34
COMPLAINT0005082,ACC0004506,BRW0007939,2026-04-17 12:22:13,AGENT_BEHAVIOUR,HIGH,CLOSED,WHATSAPP,2026-05-01 12:22:13
COMPLAINT0005083,ACC0004051,BRW0006210,2026-04-06 01:48:48,PRIVACY,MEDIUM,OPEN,FIELD,2026-04-09 01:48:48
COMPLAINT0005084,ACC0017351,BRW0006959,2026-01-28 23:38:31,WRONG_CONTACT,CRITICAL,INVESTIGATING,WHATSAPP,2026-02-03 23:38:31
COMPLAINT0005085,ACC0023882,BRW0006588,2026-05-22 03:15:17,PRIVACY,LOW,RESOLVED,FIELD,2026-05-29 03:15:17
COMPLAINT0005086,ACC0019047,BRW0004913,2026-07-21 14:59:08,PAYMENT,HIGH,CLOSED,FIELD,2026-08-03 14:59:08
COMPLAINT0005087,ACC0000850,BRW0004887,2026-03-26 15:41:40,AGENT_BEHAVIOUR,CRITICAL,INVESTIGATING,EMAIL,2026-04-12 15:41:40
COMPLAINT0005088,ACC0007991,BRW0006041,2026-05-20 00:35:20,WRONG_CONTACT,MEDIUM,INVESTIGATING,WHATSAPP,2026-05-31 00:35:20
COMPLAINT0005089,ACC0005605,BRW0005227,2026-01-07 20:53:49,AGENT_BEHAVIOUR,HIGH,CLOSED,FIELD,2026-01-13 20:53:49
COMPLAINT0005090,ACC0021472,BRW0008505,2026-02-02 07:43:02,PAYMENT,HIGH,INVESTIGATING,CALL,2026-02-10 07:43:02
COMPLAINT0005091,ACC0002440,BRW0007033,2026-02-16 09:05:32,PAYMENT,MEDIUM,RESOLVED,SMS,2026-02-20 09:05:32
COMPLAINT0005092,ACC0029411,BRW0000384,2026-04-13 16:36:11,AGENT_BEHAVIOUR,HIGH,RESOLVED,FIELD,2026-05-01 16:36:11
COMPLAINT0005093,ACC0002987,BRW0006360,2026-04-11 09:04:10,HARASSMENT,MEDIUM,OPEN,CALL,2026-04-20 09:04:10
COMPLAINT0005094,ACC0025818,BRW0010245,2026-07-03 06:48:36,DND,HIGH,OPEN,WHATSAPP,2026-07-13 06:48:36
COMPLAINT0005095,ACC0002732,BRW0006916,2026-07-03 21:13:40,AGENT_BEHAVIOUR,CRITICAL,RESOLVED,WHATSAPP,2026-07-11 21:13:40
COMPLAINT0005096,ACC0002642,BRW0005161,2026-04-22 20:35:35,AGENT_BEHAVIOUR,MEDIUM,INVESTIGATING,FIELD,2026-04-26 20:35:35
COMPLAINT0005097,ACC0011729,BRW0004476,2026-06-22 01:10:21,WRONG_CONTACT,MEDIUM,INVESTIGATING,FIELD,2026-06-26 01:10:21
COMPLAINT0005098,ACC0018977,BRW0005647,2026-03-27 16:32:27,PRIVACY,LOW,OPEN,WHATSAPP,2026-04-11 16:32:27
COMPLAINT0005099,ACC0012660,BRW0001842,2026-07-18 23:02:51,PAYMENT,MEDIUM,CLOSED,SMS,2026-08-03 23:02:51
COMPLAINT0005100,ACC0007884,BRW0005380,2026-04-08 02:23:49,DND,CRITICAL,INVESTIGATING,WHATSAPP,2026-04-10 02:23:49
COMPLAINT0005101,ACC0024741,BRW0002052,2026-05-13 08:33:43,DISPUTE,MEDIUM,CLOSED,CALL,2026-05-31 08:33:43
COMPLAINT0005102,ACC0010700,BRW0004926,2026-04-24 17:58:52,DISPUTE,LOW,RESOLVED,WHATSAPP,2026-05-10 17:58:52
COMPLAINT0005103,ACC0028440,BRW0007558,2026-04-08 16:34:48,DISPUTE,CRITICAL,INVESTIGATING,SMS,2026-04-10 16:34:48
COMPLAINT0005104,ACC0028009,BRW0007371,2026-02-06 21:46:56,DND,LOW,RESOLVED,WHATSAPP,2026-02-16 21:46:56
COMPLAINT0005105,ACC0026628,BRW0001286,2026-04-29 12:31:21,AGENT_BEHAVIOUR,HIGH,RESOLVED,WHATSAPP,2026-05-12 12:31:21
COMPLAINT0005106,ACC0023820,BRW0007015,2026-07-09 03:58:06,DND,HIGH,CLOSED,EMAIL,2026-07-16 03:58:06
COMPLAINT0005107,ACC0020512,BRW0005011,2026-04-09 21:13:35,PRIVACY,MEDIUM,OPEN,CALL,2026-04-12 21:13:35
COMPLAINT0005108,ACC0025294,BRW0011195,2026-02-22 07:24:20,DISPUTE,LOW,OPEN,WHATSAPP,2026-03-10 07:24:20
COMPLAINT0005109,ACC0003617,BRW0007974,2026-06-23 12:55:42,WRONG_CONTACT,MEDIUM,OPEN,FIELD,2026-07-06 12:55:42
COMPLAINT0005110,ACC0026755,BRW0008874,2026-05-02 06:22:18,WRONG_CONTACT,LOW,INVESTIGATING,SMS,2026-05-18 06:22:18
COMPLAINT0005111,ACC0012737,BRW0009614,2026-04-19 08:30:43,DISPUTE,MEDIUM,CLOSED,WHATSAPP,2026-04-22 08:30:43
COMPLAINT0005112,ACC0017448,BRW0008476,2026-06-19 21:18:56,DND,CRITICAL,CLOSED,EMAIL,2026-06-25 21:18:56
COMPLAINT0005113,ACC0012757,BRW0004296,2026-08-01 19:10:01,WRONG_CONTACT,CRITICAL,OPEN,FIELD,2026-08-03 19:10:01
COMPLAINT0005114,ACC0000461,BRW0008667,2026-04-23 01:18:04,HARASSMENT,LOW,OPEN,EMAIL,2026-04-28 01:18:04
COMPLAINT0005115,ACC0023331,BRW0005698,2026-01-01 16:03:02,DISPUTE,MEDIUM,OPEN,FIELD,2026-01-09 16:03:02
COMPLAINT0005116,ACC0026123,BRW0010399,2026-05-29 21:55:49,DND,CRITICAL,OPEN,SMS,2026-06-17 21:55:49
COMPLAINT0005117,ACC0019482,BRW0009964,2026-05-29 21:10:33,HARASSMENT,CRITICAL,INVESTIGATING,WHATSAPP,2026-06-06 21:10:33
COMPLAINT0005118,ACC0009302,BRW0007176,2026-07-13 23:53:15,PRIVACY,LOW,INVESTIGATING,FIELD,2026-07-19 23:53:15
COMPLAINT0005119,ACC0008010,BRW0002586,2026-07-05 10:38:05,DND,MEDIUM,CLOSED,CALL,2026-07-07 10:38:05
COMPLAINT0005120,ACC0007536,BRW0010099,2026-07-09 10:44:07,DND,MEDIUM,INVESTIGATING,WHATSAPP,2026-07-23 10:44:07
COMPLAINT0005121,ACC0019544,BRW0002835,2026-05-12 10:06:30,WRONG_CONTACT,MEDIUM,CLOSED,FIELD,2026-05-31 10:06:30
COMPLAINT0005122,ACC0002306,BRW0005867,2026-01-18 04:08:28,HARASSMENT,CRITICAL,OPEN,FIELD,2026-02-05 04:08:28
COMPLAINT0005123,ACC0000514,BRW0000235,2026-03-24 11:25:31,DISPUTE,HIGH,CLOSED,CALL,2026-03-27 11:25:31
COMPLAINT0005124,ACC0022147,BRW0003343,2026-04-07 02:12:43,PRIVACY,CRITICAL,INVESTIGATING,EMAIL,2026-04-22 02:12:43
COMPLAINT0005125,ACC0013492,BRW0005574,2026-01-30 22:17:09,PRIVACY,CRITICAL,INVESTIGATING,FIELD,2026-02-03 22:17:09
COMPLAINT0005126,ACC0019634,BRW0004959,2026-08-07 08:34:42,PAYMENT,LOW,RESOLVED,WHATSAPP,2026-08-22 08:34:42
COMPLAINT0005127,ACC0007164,BRW0007611,2026-04-24 05:07:22,WRONG_CONTACT,HIGH,OPEN,SMS,2026-04-29 05:07:22
COMPLAINT0005128,ACC0000840,BRW0006283,2026-03-12 17:16:18,HARASSMENT,CRITICAL,RESOLVED,WHATSAPP,2026-03-16 17:16:18
COMPLAINT0005129,ACC0010832,BRW0002248,2026-02-21 04:49:16,WRONG_CONTACT,LOW,CLOSED,CALL,2026-03-03 04:49:16
COMPLAINT0005130,ACC0016814,BRW0006827,2026-04-23 00:06:41,PAYMENT,HIGH,CLOSED,FIELD,2026-05-11 00:06:41
COMPLAINT0005131,ACC0024222,BRW0001079,2026-05-24 16:33:43,AGENT_BEHAVIOUR,HIGH,CLOSED,SMS,2026-05-27 16:33:43
COMPLAINT0005132,ACC0013030,BRW0000693,2026-03-07 11:41:14,AGENT_BEHAVIOUR,LOW,OPEN,SMS,2026-03-13 11:41:14
COMPLAINT0005133,ACC0024733,BRW0000649,2026-03-07 08:47:38,DISPUTE,HIGH,RESOLVED,SMS,2026-03-15 08:47:38
COMPLAINT0005134,ACC0000475,BRW0011666,2026-04-01 16:01:57,DND,MEDIUM,CLOSED,FIELD,2026-04-04 16:01:57
COMPLAINT0005135,ACC0011229,BRW0010728,2026-06-17 15:04:55,HARASSMENT,MEDIUM,INVESTIGATING,EMAIL,2026-06-24 15:04:55
COMPLAINT0005136,ACC0022356,BRW0006824,2026-08-03 05:22:27,DISPUTE,MEDIUM,OPEN,FIELD,2026-08-22 05:22:27
COMPLAINT0005137,ACC0010129,BRW0007011,2026-02-24 11:00:17,DND,HIGH,INVESTIGATING,WHATSAPP,2026-03-05 11:00:17
COMPLAINT0005138,ACC0018051,BRW0006246,2026-07-25 23:31:58,AGENT_BEHAVIOUR,MEDIUM,OPEN,WHATSAPP,2026-07-26 23:31:58
COMPLAINT0005139,ACC0025627,BRW0011581,2026-02-14 06:50:17,DND,LOW,INVESTIGATING,WHATSAPP,2026-02-23 06:50:17
COMPLAINT0005140,ACC0028914,BRW0006365,2026-06-11 20:33:33,DISPUTE,HIGH,OPEN,WHATSAPP,2026-06-16 20:33:33
COMPLAINT0005141,ACC0005499,BRW0000200,2026-06-15 18:24:18,PRIVACY,MEDIUM,RESOLVED,SMS,2026-06-19 18:24:18
COMPLAINT0005142,ACC0029731,BRW0011814,2026-06-03 01:14:46,PAYMENT,HIGH,OPEN,FIELD,2026-06-04 01:14:46
COMPLAINT0005143,ACC0021854,BRW0007779,2026-01-10 00:58:26,DISPUTE,LOW,INVESTIGATING,WHATSAPP,2026-01-22 00:58:26
COMPLAINT0005144,ACC0010910,BRW0011321,2026-02-21 21:09:09,HARASSMENT,HIGH,OPEN,SMS,2026-03-12 21:09:09
COMPLAINT0005145,ACC0018102,BRW0002935,2026-03-03 16:22:20,AGENT_BEHAVIOUR,CRITICAL,RESOLVED,EMAIL,2026-03-08 16:22:20
COMPLAINT0005146,ACC0029540,BRW0005748,2026-02-24 10:41:36,PAYMENT,CRITICAL,INVESTIGATING,EMAIL,2026-03-09 10:41:36
COMPLAINT0005147,ACC0000354,BRW0002109,2026-04-15 11:56:02,DND,CRITICAL,RESOLVED,FIELD,2026-05-02 11:56:02
COMPLAINT0005148,ACC0016873,BRW0002206,2026-06-08 02:39:01,PRIVACY,CRITICAL,OPEN,WHATSAPP,2026-06-16 02:39:01
COMPLAINT0005149,ACC0019472,BRW0011333,2026-08-05 12:29:32,AGENT_BEHAVIOUR,CRITICAL,RESOLVED,WHATSAPP,2026-08-22 12:29:32
COMPLAINT0005150,ACC0016937,BRW0006096,2026-01-08 20:28:06,HARASSMENT,HIGH,OPEN,WHATSAPP,2026-01-21 20:28:06
COMPLAINT0005151,ACC0027668,BRW0008824,2026-03-15 02:06:44,HARASSMENT,MEDIUM,CLOSED,FIELD,2026-03-24 02:06:44
COMPLAINT0005152,ACC0018995,BRW0006021,2026-03-16 11:27:59,WRONG_CONTACT,MEDIUM,INVESTIGATING,WHATSAPP,2026-03-26 11:27:59
COMPLAINT0005153,ACC0002237,BRW0006479,2026-05-18 07:52:17,PRIVACY,CRITICAL,CLOSED,EMAIL,2026-05-22 07:52:17
COMPLAINT0005154,ACC0025209,BRW0007431,2026-04-14 12:32:41,WRONG_CONTACT,CRITICAL,CLOSED,CALL,2026-04-30 12:32:41
COMPLAINT0005155,ACC0023384,BRW0005199,2026-06-26 19:32:09,PAYMENT,CRITICAL,RESOLVED,FIELD,2026-07-05 19:32:09
COMPLAINT0005156,ACC0014295,BRW0001629,2026-01-04 05:16:27,WRONG_CONTACT,MEDIUM,OPEN,SMS,2026-01-12 05:16:27
COMPLAINT0005157,ACC0001198,BRW0002341,2026-02-07 08:13:57,DISPUTE,LOW,RESOLVED,SMS,2026-02-25 08:13:57
COMPLAINT0005158,ACC0017365,BRW0010978,2026-02-10 17:15:35,PRIVACY,CRITICAL,OPEN,SMS,2026-02-20 17:15:35
COMPLAINT0005159,ACC0001965,BRW0002980,2026-03-11 19:25:21,HARASSMENT,LOW,OPEN,CALL,2026-03-29 19:25:21
COMPLAINT0005160,ACC0012658,BRW0006086,2026-07-30 17:44:49,PAYMENT,CRITICAL,OPEN,CALL,2026-08-15 17:44:49
COMPLAINT0005161,ACC0015254,BRW0006337,2026-01-15 09:07:28,DISPUTE,MEDIUM,RESOLVED,CALL,2026-01-22 09:07:28
COMPLAINT0005162,ACC0015220,BRW0008810,2026-03-09 17:37:23,HARASSMENT,CRITICAL,RESOLVED,FIELD,2026-03-27 17:37:23
COMPLAINT0005163,ACC0002238,BRW0010872,2026-07-15 13:30:31,HARASSMENT,MEDIUM,OPEN,WHATSAPP,2026-07-28 13:30:31
COMPLAINT0005164,ACC0001866,BRW0006108,2026-07-11 09:31:28,WRONG_CONTACT,CRITICAL,RESOLVED,EMAIL,2026-07-13 09:31:28
COMPLAINT0005165,ACC0008184,BRW0001215,2026-07-24 08:50:30,WRONG_CONTACT,HIGH,RESOLVED,FIELD,2026-08-07 08:50:30
COMPLAINT0005166,ACC0029102,BRW0008882,2026-02-27 19:54:07,HARASSMENT,LOW,CLOSED,EMAIL,2026-03-04 19:54:07
COMPLAINT0005167,ACC0025044,BRW0002338,2026-03-18 05:07:53,PAYMENT,CRITICAL,CLOSED,CALL,2026-03-29 05:07:53
COMPLAINT0005168,ACC0010193,BRW0007458,2026-01-29 10:51:19,PRIVACY,HIGH,CLOSED,FIELD,2026-02-14 10:51:19
COMPLAINT0005169,ACC0020562,BRW0008757,2026-02-06 16:40:19,PAYMENT,HIGH,CLOSED,CALL,2026-02-16 16:40:19
COMPLAINT0005170,ACC0009364,BRW0001487,2026-06-07 08:55:51,HARASSMENT,CRITICAL,OPEN,WHATSAPP,2026-06-19 08:55:51
COMPLAINT0005171,ACC0005730,BRW0002849,2026-03-20 09:36:11,PAYMENT,LOW,RESOLVED,FIELD,2026-04-04 09:36:11
COMPLAINT0005172,ACC0021700,BRW0007189,2026-06-19 06:16:11,AGENT_BEHAVIOUR,LOW,INVESTIGATING,FIELD,2026-06-24 06:16:11
COMPLAINT0005173,ACC0007775,BRW0008621,2026-03-01 16:52:20,WRONG_CONTACT,HIGH,RESOLVED,EMAIL,2026-03-15 16:52:20
COMPLAINT0005174,ACC0017987,BRW0008760,2026-07-09 19:23:24,WRONG_CONTACT,CRITICAL,CLOSED,EMAIL,2026-07-13 19:23:24
COMPLAINT0005175,ACC0020969,BRW0008870,2026-04-15 04:40:59,DND,CRITICAL,INVESTIGATING,EMAIL,2026-04-26 04:40:59
COMPLAINT0005176,ACC0010440,BRW0008790,2026-06-19 09:15:14,DND,HIGH,RESOLVED,CALL,2026-06-24 09:15:14
COMPLAINT0005177,ACC0012500,BRW0005599,2026-05-31 21:48:03,PAYMENT,CRITICAL,INVESTIGATING,EMAIL,2026-06-16 21:48:03
COMPLAINT0005178,ACC0006735,BRW0010838,2026-03-13 07:21:31,DISPUTE,LOW,INVESTIGATING,FIELD,2026-03-20 07:21:31
COMPLAINT0005179,ACC0026071,BRW0009910,2026-01-07 09:04:56,PAYMENT,CRITICAL,INVESTIGATING,EMAIL,2026-01-12 09:04:56
COMPLAINT0005180,ACC0004913,BRW0009985,2026-01-15 07:18:24,PRIVACY,LOW,RESOLVED,CALL,2026-01-29 07:18:24
COMPLAINT0005181,ACC0003843,BRW0003280,2026-07-14 00:17:57,AGENT_BEHAVIOUR,LOW,RESOLVED,FIELD,2026-08-01 00:17:57
COMPLAINT0005182,ACC0004957,BRW0002283,2026-02-25 16:19:17,HARASSMENT,LOW,INVESTIGATING,EMAIL,2026-03-15 16:19:17
COMPLAINT0005183,ACC0019930,BRW0006225,2026-05-11 06:41:43,HARASSMENT,CRITICAL,INVESTIGATING,SMS,2026-05-24 06:41:43
COMPLAINT0005184,ACC0004749,BRW0006360,2026-06-11 01:23:29,WRONG_CONTACT,MEDIUM,RESOLVED,CALL,2026-06-21 01:23:29
COMPLAINT0005185,ACC0011791,BRW0011478,2026-02-26 16:21:26,AGENT_BEHAVIOUR,MEDIUM,RESOLVED,EMAIL,2026-03-13 16:21:26
COMPLAINT0005186,ACC0028904,BRW0009701,2026-05-31 20:54:43,PRIVACY,CRITICAL,OPEN,CALL,2026-06-13 20:54:43
COMPLAINT0005187,ACC0027625,BRW0002844,2026-06-09 22:09:52,PAYMENT,MEDIUM,INVESTIGATING,SMS,2026-06-17 22:09:52
COMPLAINT0005188,ACC0016015,BRW0008708,2026-01-09 11:04:08,DND,LOW,INVESTIGATING,EMAIL,2026-01-13 11:04:08
COMPLAINT0005189,ACC0015237,BRW0000579,2026-04-05 02:53:54,DISPUTE,LOW,INVESTIGATING,FIELD,2026-04-07 02:53:54
COMPLAINT0005190,ACC0000610,BRW0001284,2026-07-13 14:36:22,AGENT_BEHAVIOUR,LOW,OPEN,CALL,2026-07-24 14:36:22
COMPLAINT0005191,ACC0010392,BRW0007977,2026-05-23 22:32:53,DND,CRITICAL,INVESTIGATING,WHATSAPP,2026-05-30 22:32:53
COMPLAINT0005192,ACC0026700,BRW0003552,2026-07-08 23:09:29,AGENT_BEHAVIOUR,LOW,RESOLVED,WHATSAPP,2026-07-24 23:09:29
COMPLAINT0005193,ACC0008187,BRW0006743,2026-02-12 11:20:13,DND,CRITICAL,OPEN,WHATSAPP,2026-02-27 11:20:13
COMPLAINT0005194,ACC0027478,BRW0011466,2026-03-13 04:10:18,AGENT_BEHAVIOUR,CRITICAL,CLOSED,EMAIL,2026-03-31 04:10:18
COMPLAINT0005195,ACC0008157,BRW0003387,2026-03-05 07:18:58,PAYMENT,HIGH,OPEN,SMS,2026-03-06 07:18:58
COMPLAINT0005196,ACC0015411,BRW0004179,2026-07-05 07:11:50,DND,LOW,CLOSED,EMAIL,2026-07-21 07:11:50
COMPLAINT0005197,ACC0006112,BRW0000165,2026-05-18 22:48:33,DISPUTE,LOW,OPEN,SMS,2026-05-31 22:48:33
COMPLAINT0005198,ACC0005717,BRW0004845,2026-03-07 07:43:21,PAYMENT,CRITICAL,CLOSED,WHATSAPP,2026-03-08 07:43:21
COMPLAINT0005199,ACC0008029,BRW0011525,2026-06-01 11:21:53,DND,HIGH,CLOSED,EMAIL,2026-06-17 11:21:53
COMPLAINT0005200,ACC0021336,BRW0000571,2026-05-26 05:59:59,DISPUTE,LOW,CLOSED,EMAIL,2026-05-27 05:59:59
COMPLAINT0005201,ACC0027533,BRW0006649,2026-05-16 03:36:16,DISPUTE,HIGH,INVESTIGATING,WHATSAPP,2026-05-31 03:36:16
COMPLAINT0005202,ACC0004729,BRW0004975,2026-07-11 10:14:20,HARASSMENT,LOW,CLOSED,EMAIL,2026-07-13 10:14:20
COMPLAINT0005203,ACC0022549,BRW0011958,2026-07-16 23:11:19,HARASSMENT,MEDIUM,INVESTIGATING,CALL,2026-07-30 23:11:19
COMPLAINT0005204,ACC0020615,BRW0004073,2026-06-15 14:36:37,PRIVACY,HIGH,INVESTIGATING,CALL,2026-07-04 14:36:37
COMPLAINT0005205,ACC0006144,BRW0005266,2026-05-02 15:16:28,AGENT_BEHAVIOUR,MEDIUM,RESOLVED,WHATSAPP,2026-05-18 15:16:28
COMPLAINT0005206,ACC0011512,BRW0000072,2026-03-22 08:16:52,HARASSMENT,HIGH,RESOLVED,CALL,2026-03-31 08:16:52
COMPLAINT0005207,ACC0008815,BRW0010922,2026-07-14 10:21:19,WRONG_CONTACT,MEDIUM,CLOSED,SMS,2026-07-19 10:21:19
COMPLAINT0005208,ACC0016834,BRW0007962,2026-01-25 07:26:03,HARASSMENT,CRITICAL,OPEN,FIELD,2026-01-28 07:26:03
COMPLAINT0005209,ACC0018105,BRW0008063,2026-03-22 05:22:24,PRIVACY,HIGH,INVESTIGATING,WHATSAPP,2026-03-31 05:22:24
COMPLAINT0005210,ACC0020991,BRW0001639,2026-07-25 06:31:16,WRONG_CONTACT,LOW,OPEN,CALL,2026-08-02 06:31:16
COMPLAINT0005211,ACC0025462,BRW0001483,2026-04-11 15:47:08,DND,HIGH,INVESTIGATING,FIELD,2026-04-20 15:47:08
COMPLAINT0005212,ACC0014648,BRW0002703,2026-04-14 21:51:09,PRIVACY,HIGH,OPEN,EMAIL,2026-04-30 21:51:09
COMPLAINT0005213,ACC0021227,BRW0009647,2026-04-17 04:47:42,PAYMENT,HIGH,RESOLVED,EMAIL,2026-04-30 04:47:42
COMPLAINT0005214,ACC0015681,BRW0009344,2026-05-12 10:36:19,WRONG_CONTACT,CRITICAL,OPEN,FIELD,2026-05-16 10:36:19
COMPLAINT0005215,ACC0010650,BRW0009092,2026-06-30 19:46:52,PRIVACY,MEDIUM,INVESTIGATING,CALL,2026-07-09 19:46:52
COMPLAINT0005216,ACC0014028,BRW0002151,2026-04-11 18:29:42,PAYMENT,LOW,INVESTIGATING,SMS,2026-04-25 18:29:42
COMPLAINT0005217,ACC0020236,BRW0011511,2026-04-12 23:46:38,DISPUTE,HIGH,CLOSED,CALL,2026-04-18 23:46:38
COMPLAINT0005218,ACC0029940,BRW0007266,2026-02-17 09:59:51,PRIVACY,CRITICAL,CLOSED,SMS,2026-03-06 09:59:51
COMPLAINT0005219,ACC0004719,BRW0011994,2026-01-29 23:35:18,DISPUTE,HIGH,OPEN,EMAIL,2026-02-17 23:35:18
COMPLAINT0005220,ACC0019404,BRW0000593,2026-04-14 05:37:10,AGENT_BEHAVIOUR,LOW,RESOLVED,EMAIL,2026-05-02 05:37:10
COMPLAINT0005221,ACC0019351,BRW0006903,2026-06-01 04:01:16,PAYMENT,HIGH,INVESTIGATING,SMS,2026-06-07 04:01:16
COMPLAINT0005222,ACC0023815,BRW0005700,2026-02-18 08:14:12,PRIVACY,CRITICAL,CLOSED,SMS,2026-02-22 08:14:12
COMPLAINT0005223,ACC0029458,BRW0010961,2026-04-17 15:40:35,DND,CRITICAL,RESOLVED,EMAIL,2026-05-06 15:40:35
COMPLAINT0005224,ACC0028247,BRW0001748,2026-04-02 14:29:47,PAYMENT,CRITICAL,CLOSED,SMS,2026-04-10 14:29:47
COMPLAINT0005225,ACC0023573,BRW0007891,2026-08-05 01:38:45,PRIVACY,LOW,OPEN,SMS,2026-08-18 01:38:45
COMPLAINT0005226,ACC0002332,BRW0006296,2026-06-22 14:23:15,WRONG_CONTACT,HIGH,RESOLVED,FIELD,2026-07-05 14:23:15
COMPLAINT0005227,ACC0027444,BRW0008504,2026-08-03 11:24:30,WRONG_CONTACT,MEDIUM,OPEN,FIELD,2026-08-07 11:24:30
COMPLAINT0005228,ACC0010844,BRW0009348,2026-01-28 12:43:11,HARASSMENT,HIGH,INVESTIGATING,CALL,2026-02-15 12:43:11
COMPLAINT0005229,ACC0028822,BRW0010243,2026-03-20 05:18:43,AGENT_BEHAVIOUR,LOW,CLOSED,SMS,2026-04-04 05:18:43
COMPLAINT0005230,ACC0006547,BRW0010728,2026-03-10 11:08:49,HARASSMENT,MEDIUM,OPEN,CALL,2026-03-11 11:08:49
COMPLAINT0005231,ACC0020820,BRW0003176,2026-01-05 17:08:25,DND,CRITICAL,RESOLVED,CALL,2026-01-21 17:08:25
COMPLAINT0005232,ACC0010397,BRW0011387,2026-04-26 13:21:23,PAYMENT,CRITICAL,OPEN,WHATSAPP,2026-05-08 13:21:23
COMPLAINT0005233,ACC0010645,BRW0006976,2026-03-10 09:59:09,AGENT_BEHAVIOUR,HIGH,INVESTIGATING,WHATSAPP,2026-03-15 09:59:09
COMPLAINT0005234,ACC0013415,BRW0000018,2026-06-07 19:45:35,DISPUTE,HIGH,CLOSED,FIELD,2026-06-18 19:45:35
COMPLAINT0005235,ACC0015776,BRW0006700,2026-03-16 22:34:25,WRONG_CONTACT,MEDIUM,INVESTIGATING,EMAIL,2026-03-24 22:34:25
COMPLAINT0005236,ACC0006916,BRW0009359,2026-08-07 10:32:24,DND,CRITICAL,CLOSED,EMAIL,2026-08-26 10:32:24
COMPLAINT0005237,ACC0008212,BRW0009435,2026-04-25 15:03:49,AGENT_BEHAVIOUR,MEDIUM,CLOSED,WHATSAPP,2026-05-09 15:03:49
COMPLAINT0005238,ACC0024648,BRW0011225,2026-02-28 11:55:59,HARASSMENT,HIGH,CLOSED,EMAIL,2026-03-04 11:55:59
COMPLAINT0005239,ACC0008297,BRW0007719,2026-07-25 02:29:40,AGENT_BEHAVIOUR,MEDIUM,RESOLVED,CALL,2026-07-26 02:29:40
COMPLAINT0005240,ACC0025300,BRW0009503,2026-06-19 23:01:54,WRONG_CONTACT,LOW,CLOSED,CALL,2026-06-24 23:01:54
COMPLAINT0005241,ACC0009489,BRW0004054,2026-06-06 04:03:48,PAYMENT,CRITICAL,OPEN,CALL,2026-06-25 04:03:48
COMPLAINT0005242,ACC0000347,BRW0008985,2026-05-22 06:40:53,WRONG_CONTACT,HIGH,INVESTIGATING,CALL,2026-06-09 06:40:53
COMPLAINT0005243,ACC0026615,BRW0011070,2026-03-15 17:20:37,DISPUTE,MEDIUM,CLOSED,WHATSAPP,2026-03-21 17:20:37
COMPLAINT0005244,ACC0006701,BRW0003990,2026-04-27 01:34:04,PAYMENT,LOW,OPEN,EMAIL,2026-05-02 01:34:04
COMPLAINT0005245,ACC0026641,BRW0001068,2026-01-27 07:38:45,PRIVACY,LOW,CLOSED,SMS,2026-01-29 07:38:45
COMPLAINT0005246,ACC0018259,BRW0004308,2026-07-17 03:05:20,AGENT_BEHAVIOUR,LOW,INVESTIGATING,SMS,2026-08-04 03:05:20
COMPLAINT0005247,ACC0026539,BRW0007750,2026-03-09 10:07:25,DISPUTE,LOW,OPEN,FIELD,2026-03-14 10:07:25
COMPLAINT0005248,ACC0010494,BRW0009190,2026-05-15 08:14:49,HARASSMENT,LOW,OPEN,SMS,2026-05-25 08:14:49
COMPLAINT0005249,ACC0018016,BRW0002331,2026-06-12 04:43:26,PAYMENT,HIGH,CLOSED,CALL,2026-06-16 04:43:26
COMPLAINT0005250,ACC0007963,BRW0005575,2026-06-29 08:08:07,WRONG_CONTACT,MEDIUM,INVESTIGATING,SMS,2026-07-14 08:08:07
COMPLAINT0005251,ACC0003862,BRW0001347,2026-06-16 09:42:57,HARASSMENT,HIGH,INVESTIGATING,EMAIL,2026-06-22 09:42:57
COMPLAINT0005252,ACC0020016,BRW0011338,2026-06-04 15:36:36,AGENT_BEHAVIOUR,MEDIUM,OPEN,SMS,2026-06-09 15:36:36
COMPLAINT0005253,ACC0020707,BRW0006918,2026-08-06 17:04:22,AGENT_BEHAVIOUR,CRITICAL,OPEN,WHATSAPP,2026-08-25 17:04:22
COMPLAINT0005254,ACC0013079,BRW0007161,2026-05-26 18:34:19,HARASSMENT,MEDIUM,CLOSED,SMS,2026-06-09 18:34:19
COMPLAINT0005255,ACC0018023,BRW0000325,2026-03-10 12:34:20,PRIVACY,HIGH,CLOSED,SMS,2026-03-22 12:34:20
COMPLAINT0005256,ACC0019456,BRW0007939,2026-06-28 19:47:02,WRONG_CONTACT,HIGH,INVESTIGATING,WHATSAPP,2026-07-07 19:47:02
COMPLAINT0005257,ACC0029532,BRW0007512,2026-06-15 06:32:03,WRONG_CONTACT,HIGH,CLOSED,CALL,2026-06-18 06:32:03
COMPLAINT0005258,ACC0027151,BRW0001073,2026-04-28 07:12:27,HARASSMENT,MEDIUM,CLOSED,WHATSAPP,2026-04-29 07:12:27
COMPLAINT0005259,ACC0026414,BRW0003256,2026-01-31 08:19:47,PAYMENT,HIGH,INVESTIGATING,FIELD,2026-02-01 08:19:47
COMPLAINT0005260,ACC0000484,BRW0003518,2026-05-26 11:05:41,HARASSMENT,HIGH,OPEN,EMAIL,2026-06-08 11:05:41
COMPLAINT0005261,ACC0029354,BRW0009671,2026-02-08 01:27:54,PRIVACY,HIGH,OPEN,CALL,2026-02-26 01:27:54
COMPLAINT0005262,ACC0028405,BRW0011396,2026-04-25 10:50:28,PAYMENT,LOW,RESOLVED,SMS,2026-05-06 10:50:28
COMPLAINT0005263,ACC0000166,BRW0000819,2026-04-27 18:30:43,HARASSMENT,CRITICAL,OPEN,SMS,2026-05-01 18:30:43
COMPLAINT0005264,ACC0007045,BRW0004173,2026-04-09 15:39:14,PRIVACY,LOW,INVESTIGATING,EMAIL,2026-04-13 15:39:14
COMPLAINT0005265,ACC0023119,BRW0000417,2026-01-20 22:17:02,PAYMENT,MEDIUM,INVESTIGATING,FIELD,2026-02-07 22:17:02
COMPLAINT0005266,ACC0025748,BRW0009838,2026-03-26 22:08:58,DISPUTE,HIGH,CLOSED,CALL,2026-04-04 22:08:58
COMPLAINT0005267,ACC0026028,BRW0008114,2026-05-26 02:57:44,PAYMENT,LOW,RESOLVED,SMS,2026-06-13 02:57:44
COMPLAINT0005268,ACC0023522,BRW0003405,2026-05-14 21:44:13,HARASSMENT,MEDIUM,INVESTIGATING,WHATSAPP,2026-05-30 21:44:13
COMPLAINT0005269,ACC0003790,BRW0010479,2026-03-24 10:41:26,AGENT_BEHAVIOUR,HIGH,OPEN,CALL,2026-04-07 10:41:26
COMPLAINT0005270,ACC0007620,BRW0003489,2026-06-26 16:00:22,PAYMENT,MEDIUM,OPEN,WHATSAPP,2026-07-08 16:00:22
COMPLAINT0005271,ACC0029455,BRW0006022,2026-07-14 17:50:26,DND,CRITICAL,CLOSED,WHATSAPP,2026-07-23 17:50:26
COMPLAINT0005272,ACC0000142,BRW0009760,2026-04-14 07:28:21,HARASSMENT,CRITICAL,OPEN,SMS,2026-04-27 07:28:21
COMPLAINT0005273,ACC0014855,BRW0006663,2026-06-21 12:09:38,PAYMENT,CRITICAL,CLOSED,WHATSAPP,2026-06-26 12:09:38
COMPLAINT0005274,ACC0023283,BRW0009898,2026-02-19 15:04:46,PAYMENT,MEDIUM,OPEN,SMS,2026-03-07 15:04:46
COMPLAINT0005275,ACC0029382,BRW0010372,2026-05-06 20:40:52,WRONG_CONTACT,CRITICAL,OPEN,WHATSAPP,2026-05-08 20:40:52
COMPLAINT0005276,ACC0010820,BRW0008889,2026-02-23 01:44:25,AGENT_BEHAVIOUR,CRITICAL,RESOLVED,SMS,2026-03-09 01:44:25
COMPLAINT0005277,ACC0016308,BRW0007977,2026-07-03 09:15:17,PRIVACY,MEDIUM,INVESTIGATING,EMAIL,2026-07-16 09:15:17
COMPLAINT0005278,ACC0017475,BRW0007542,2026-05-06 11:30:23,WRONG_CONTACT,HIGH,RESOLVED,WHATSAPP,2026-05-11 11:30:23
COMPLAINT0005279,ACC0020754,BRW0009851,2026-03-21 07:07:17,AGENT_BEHAVIOUR,CRITICAL,RESOLVED,SMS,2026-04-09 07:07:17
COMPLAINT0005280,ACC0015186,BRW0001899,2026-02-03 12:23:00,HARASSMENT,MEDIUM,RESOLVED,CALL,2026-02-17 12:23:00
COMPLAINT0005281,ACC0010077,BRW0002666,2026-06-01 16:10:30,AGENT_BEHAVIOUR,LOW,RESOLVED,EMAIL,2026-06-04 16:10:30
COMPLAINT0005282,ACC0001903,BRW0003736,2026-05-02 21:32:15,WRONG_CONTACT,LOW,OPEN,FIELD,2026-05-11 21:32:15
COMPLAINT0005283,ACC0026734,BRW0002004,2026-01-02 13:07:42,AGENT_BEHAVIOUR,CRITICAL,CLOSED,EMAIL,2026-01-14 13:07:42
COMPLAINT0005284,ACC0027271,BRW0001943,2026-03-04 01:03:23,HARASSMENT,HIGH,INVESTIGATING,EMAIL,2026-03-12 01:03:23
COMPLAINT0005285,ACC0008571,BRW0009063,2026-01-18 22:29:09,DISPUTE,LOW,RESOLVED,CALL,2026-02-01 22:29:09
COMPLAINT0005286,ACC0013479,BRW0010529,2026-03-08 14:25:34,DND,LOW,RESOLVED,FIELD,2026-03-14 14:25:34
COMPLAINT0005287,ACC0028965,BRW0000076,2026-02-02 10:11:31,AGENT_BEHAVIOUR,LOW,RESOLVED,FIELD,2026-02-18 10:11:31
COMPLAINT0005288,ACC0022226,BRW0007028,2026-05-16 14:07:01,PAYMENT,MEDIUM,INVESTIGATING,FIELD,2026-05-21 14:07:01
COMPLAINT0005289,ACC0016742,BRW0003946,2026-06-30 04:14:04,PAYMENT,LOW,CLOSED,WHATSAPP,2026-07-17 04:14:04
COMPLAINT0005290,ACC0028040,BRW0008196,2026-01-21 06:26:32,DND,MEDIUM,RESOLVED,EMAIL,2026-02-03 06:26:32
COMPLAINT0005291,ACC0006254,BRW0005920,2026-03-25 09:19:04,AGENT_BEHAVIOUR,CRITICAL,OPEN,WHATSAPP,2026-04-01 09:19:04
COMPLAINT0005292,ACC0006025,BRW0006914,2026-05-03 17:22:23,PAYMENT,HIGH,INVESTIGATING,WHATSAPP,2026-05-08 17:22:23
COMPLAINT0005293,ACC0015991,BRW0002852,2026-05-30 01:54:18,AGENT_BEHAVIOUR,HIGH,OPEN,EMAIL,2026-06-01 01:54:18
COMPLAINT0005294,ACC0010215,BRW0004110,2026-01-04 23:33:45,PAYMENT,LOW,OPEN,EMAIL,2026-01-19 23:33:45
COMPLAINT0005295,ACC0008554,BRW0001475,2026-06-24 22:34:21,PRIVACY,MEDIUM,RESOLVED,FIELD,2026-06-29 22:34:21
COMPLAINT0005296,ACC0000049,BRW0004586,2026-05-14 20:27:10,DISPUTE,LOW,RESOLVED,CALL,2026-05-28 20:27:10
COMPLAINT0005297,ACC0022896,BRW0008840,2026-07-22 21:11:23,WRONG_CONTACT,LOW,INVESTIGATING,FIELD,2026-07-26 21:11:23
COMPLAINT0005298,ACC0026936,BRW0003421,2026-03-12 08:02:24,PRIVACY,MEDIUM,OPEN,SMS,2026-03-20 08:02:24
COMPLAINT0005299,ACC0002422,BRW0004171,2026-05-15 05:23:36,PRIVACY,MEDIUM,RESOLVED,SMS,2026-06-02 05:23:36
COMPLAINT0005300,ACC0024955,BRW0007347,2026-06-20 06:55:25,WRONG_CONTACT,MEDIUM,OPEN,WHATSAPP,2026-06-27 06:55:25
COMPLAINT0005301,ACC0024704,BRW0011249,2026-02-03 05:01:12,DND,HIGH,INVESTIGATING,CALL,2026-02-08 05:01:12
COMPLAINT0005302,ACC0011562,BRW0001786,2026-04-07 01:15:54,PAYMENT,CRITICAL,RESOLVED,WHATSAPP,2026-04-11 01:15:54
COMPLAINT0005303,ACC0015103,BRW0005552,2026-01-30 06:55:50,DISPUTE,CRITICAL,RESOLVED,WHATSAPP,2026-02-08 06:55:50
COMPLAINT0005304,ACC0010814,BRW0005632,2026-05-17 11:08:25,PRIVACY,MEDIUM,OPEN,SMS,2026-06-01 11:08:25
COMPLAINT0005305,ACC0000194,BRW0002616,2026-02-17 20:16:05,AGENT_BEHAVIOUR,CRITICAL,OPEN,CALL,2026-02-25 20:16:05
COMPLAINT0005306,ACC0007731,BRW0000585,2026-01-06 07:55:18,WRONG_CONTACT,CRITICAL,CLOSED,SMS,2026-01-20 07:55:18
COMPLAINT0005307,ACC0022405,BRW0011021,2026-02-14 00:43:24,DISPUTE,CRITICAL,CLOSED,WHATSAPP,2026-03-05 00:43:24
COMPLAINT0005308,ACC0020275,BRW0011236,2026-07-26 19:51:23,DND,HIGH,CLOSED,EMAIL,2026-08-11 19:51:23
COMPLAINT0005309,ACC0006751,BRW0009802,2026-07-16 22:31:20,WRONG_CONTACT,CRITICAL,OPEN,FIELD,2026-08-03 22:31:20
COMPLAINT0005310,ACC0020317,BRW0004156,2026-07-11 23:38:25,HARASSMENT,HIGH,INVESTIGATING,EMAIL,2026-07-23 23:38:25
COMPLAINT0005311,ACC0028369,BRW0003640,2026-04-02 22:14:07,PAYMENT,LOW,CLOSED,EMAIL,2026-04-05 22:14:07
COMPLAINT0005312,ACC0025813,BRW0002093,2026-02-18 10:39:42,AGENT_BEHAVIOUR,HIGH,INVESTIGATING,CALL,2026-03-07 10:39:42
COMPLAINT0005313,ACC0005622,BRW0011005,2026-07-08 12:37:23,PRIVACY,CRITICAL,INVESTIGATING,EMAIL,2026-07-15 12:37:23
COMPLAINT0005314,ACC0011988,BRW0000069,2026-04-23 11:59:11,PRIVACY,LOW,INVESTIGATING,WHATSAPP,2026-05-01 11:59:11
COMPLAINT0005315,ACC0023724,BRW0005265,2026-03-23 14:54:39,PRIVACY,HIGH,RESOLVED,EMAIL,2026-04-02 14:54:39
COMPLAINT0005316,ACC0001341,BRW0010065,2026-05-27 20:06:08,AGENT_BEHAVIOUR,LOW,INVESTIGATING,FIELD,2026-05-29 20:06:08
COMPLAINT0005317,ACC0011023,BRW0007064,2026-02-17 20:54:19,DISPUTE,CRITICAL,OPEN,EMAIL,2026-02-27 20:54:19
COMPLAINT0005318,ACC0014210,BRW0008657,2026-05-31 12:56:31,DISPUTE,CRITICAL,INVESTIGATING,CALL,2026-06-16 12:56:31
COMPLAINT0005319,ACC0015726,BRW0011598,2026-01-09 23:25:02,AGENT_BEHAVIOUR,CRITICAL,CLOSED,EMAIL,2026-01-19 23:25:02
COMPLAINT0005320,ACC0028461,BRW0011668,2026-05-30 04:20:57,DND,MEDIUM,INVESTIGATING,FIELD,2026-06-15 04:20:57
COMPLAINT0005321,ACC0012498,BRW0005439,2026-06-28 00:15:06,DISPUTE,MEDIUM,CLOSED,SMS,2026-06-30 00:15:06
COMPLAINT0005322,ACC0013661,BRW0006927,2026-05-04 09:55:49,AGENT_BEHAVIOUR,HIGH,INVESTIGATING,WHATSAPP,2026-05-17 09:55:49
COMPLAINT0005323,ACC0008819,BRW0008351,2026-02-28 00:09:20,PRIVACY,HIGH,INVESTIGATING,CALL,2026-03-08 00:09:20
COMPLAINT0005324,ACC0012523,BRW0005108,2026-02-04 11:33:04,DND,LOW,INVESTIGATING,SMS,2026-02-06 11:33:04
COMPLAINT0005325,ACC0002426,BRW0005883,2026-04-14 17:53:40,PRIVACY,CRITICAL,INVESTIGATING,CALL,2026-04-23 17:53:40
COMPLAINT0005326,ACC0019476,BRW0011557,2026-04-07 18:01:47,PRIVACY,MEDIUM,CLOSED,WHATSAPP,2026-04-20 18:01:47
COMPLAINT0005327,ACC0017390,BRW0000837,2026-07-08 23:32:17,HARASSMENT,CRITICAL,RESOLVED,EMAIL,2026-07-26 23:32:17
COMPLAINT0005328,ACC0013238,BRW0011447,2026-07-22 16:50:30,HARASSMENT,HIGH,OPEN,WHATSAPP,2026-07-28 16:50:30
COMPLAINT0005329,ACC0016669,BRW0002954,2026-06-26 20:18:10,DISPUTE,HIGH,RESOLVED,SMS,2026-07-14 20:18:10
COMPLAINT0005330,ACC0014085,BRW0004322,2026-01-24 03:16:15,PRIVACY,LOW,OPEN,FIELD,2026-01-30 03:16:15
COMPLAINT0005331,ACC0001019,BRW0004186,2026-01-01 05:55:49,WRONG_CONTACT,MEDIUM,OPEN,CALL,2026-01-16 05:55:49
COMPLAINT0005332,ACC0003871,BRW0006777,2026-06-04 20:45:21,AGENT_BEHAVIOUR,LOW,CLOSED,EMAIL,2026-06-13 20:45:21
COMPLAINT0005333,ACC0008977,BRW0011678,2026-05-21 08:41:22,HARASSMENT,CRITICAL,OPEN,FIELD,2026-06-02 08:41:22
COMPLAINT0005334,ACC0022273,BRW0004032,2026-01-21 18:47:39,PRIVACY,MEDIUM,INVESTIGATING,WHATSAPP,2026-01-28 18:47:39
COMPLAINT0005335,ACC0002468,BRW0008088,2026-04-30 02:49:29,DND,HIGH,CLOSED,SMS,2026-05-12 02:49:29
COMPLAINT0005336,ACC0001726,BRW0011755,2026-01-23 16:24:33,PAYMENT,HIGH,RESOLVED,EMAIL,2026-01-27 16:24:33
COMPLAINT0005337,ACC0019608,BRW0010484,2026-01-13 23:19:43,AGENT_BEHAVIOUR,MEDIUM,OPEN,WHATSAPP,2026-01-23 23:19:43
COMPLAINT0005338,ACC0014162,BRW0003365,2026-05-21 11:52:42,WRONG_CONTACT,MEDIUM,INVESTIGATING,SMS,2026-06-06 11:52:42
COMPLAINT0005339,ACC0026604,BRW0000276,2026-06-10 02:46:04,PAYMENT,MEDIUM,INVESTIGATING,FIELD,2026-06-23 02:46:04
COMPLAINT0005340,ACC0008133,BRW0004175,2026-02-21 23:28:56,DND,CRITICAL,OPEN,WHATSAPP,2026-02-28 23:28:56
COMPLAINT0005341,ACC0017207,BRW0002401,2026-08-03 18:54:15,AGENT_BEHAVIOUR,HIGH,OPEN,FIELD,2026-08-21 18:54:15
COMPLAINT0005342,ACC0023022,BRW0005491,2026-02-26 21:35:24,HARASSMENT,HIGH,RESOLVED,EMAIL,2026-03-07 21:35:24
COMPLAINT0005343,ACC0024012,BRW0004203,2026-03-25 11:12:24,WRONG_CONTACT,CRITICAL,RESOLVED,EMAIL,2026-04-05 11:12:24
COMPLAINT0005344,ACC0016413,BRW0001695,2026-05-30 08:53:52,DISPUTE,LOW,RESOLVED,SMS,2026-06-07 08:53:52
COMPLAINT0005345,ACC0008495,BRW0008728,2026-04-13 19:20:17,HARASSMENT,LOW,RESOLVED,EMAIL,2026-04-14 19:20:17
COMPLAINT0005346,ACC0003831,BRW0004146,2026-04-11 23:10:00,DISPUTE,CRITICAL,RESOLVED,EMAIL,2026-04-29 23:10:00
COMPLAINT0005347,ACC0018676,BRW0000543,2026-05-03 00:24:26,HARASSMENT,CRITICAL,OPEN,CALL,2026-05-21 00:24:26
COMPLAINT0005348,ACC0004308,BRW0011094,2026-02-13 09:15:24,HARASSMENT,LOW,INVESTIGATING,EMAIL,2026-02-24 09:15:24
COMPLAINT0005349,ACC0017035,BRW0010912,2026-06-30 17:25:09,DND,CRITICAL,INVESTIGATING,SMS,2026-07-07 17:25:09
COMPLAINT0005350,ACC0016728,BRW0007039,2026-01-21 02:39:03,DISPUTE,CRITICAL,RESOLVED,SMS,2026-02-02 02:39:03
COMPLAINT0005351,ACC0004353,BRW0010394,2026-05-07 02:21:02,HARASSMENT,CRITICAL,RESOLVED,FIELD,2026-05-11 02:21:02
COMPLAINT0005352,ACC0006755,BRW0002723,2026-05-13 20:30:13,DISPUTE,HIGH,INVESTIGATING,WHATSAPP,2026-05-25 20:30:13
COMPLAINT0005353,ACC0011633,BRW0008690,2026-03-01 23:16:53,WRONG_CONTACT,CRITICAL,OPEN,WHATSAPP,2026-03-10 23:16:53
COMPLAINT0005354,ACC0002144,BRW0007166,2026-01-25 13:47:22,WRONG_CONTACT,LOW,CLOSED,FIELD,2026-02-06 13:47:22
COMPLAINT0005355,ACC0002492,BRW0005697,2026-04-20 03:07:05,PAYMENT,HIGH,INVESTIGATING,SMS,2026-04-29 03:07:05
COMPLAINT0005356,ACC0016761,BRW0007206,2026-04-03 05:11:54,PAYMENT,LOW,RESOLVED,EMAIL,2026-04-21 05:11:54
COMPLAINT0005357,ACC0014830,BRW0007848,2026-02-12 06:53:34,DISPUTE,CRITICAL,RESOLVED,WHATSAPP,2026-02-17 06:53:34
COMPLAINT0005358,ACC0002605,BRW0006505,2026-03-29 11:30:01,DND,CRITICAL,OPEN,WHATSAPP,2026-03-30 11:30:01
COMPLAINT0005359,ACC0006510,BRW0007934,2026-05-17 04:51:30,HARASSMENT,HIGH,OPEN,SMS,2026-05-31 04:51:30
COMPLAINT0005360,ACC0027670,BRW0003171,2026-06-04 02:14:05,DISPUTE,LOW,OPEN,FIELD,2026-06-18 02:14:05
COMPLAINT0005361,ACC0028989,BRW0004268,2026-04-19 22:29:17,PRIVACY,HIGH,RESOLVED,WHATSAPP,2026-04-30 22:29:17
COMPLAINT0005362,ACC0014630,BRW0003046,2026-01-06 18:15:55,HARASSMENT,HIGH,CLOSED,SMS,2026-01-07 18:15:55
COMPLAINT0005363,ACC0028662,BRW0004638,2026-02-09 10:36:39,DISPUTE,MEDIUM,INVESTIGATING,CALL,2026-02-18 10:36:39
COMPLAINT0005364,ACC0018463,BRW0010159,2026-02-27 17:55:29,AGENT_BEHAVIOUR,CRITICAL,CLOSED,EMAIL,2026-03-07 17:55:29
COMPLAINT0005365,ACC0029812,BRW0001622,2026-06-25 20:29:52,PRIVACY,MEDIUM,INVESTIGATING,FIELD,2026-07-08 20:29:52
COMPLAINT0005366,ACC0004308,BRW0011095,2026-07-25 05:15:31,DISPUTE,LOW,OPEN,WHATSAPP,2026-08-01 05:15:31
COMPLAINT0005367,ACC0019190,BRW0000424,2026-02-13 01:33:49,DND,LOW,OPEN,SMS,2026-02-14 01:33:49
COMPLAINT0005368,ACC0001940,BRW0004378,2026-02-21 07:14:18,HARASSMENT,MEDIUM,CLOSED,SMS,2026-03-11 07:14:18
COMPLAINT0005369,ACC0002723,BRW0004199,2026-05-19 12:58:29,DISPUTE,LOW,INVESTIGATING,EMAIL,2026-06-04 12:58:29
COMPLAINT0005370,ACC0025529,BRW0006282,2026-03-19 16:11:18,DND,CRITICAL,OPEN,FIELD,2026-03-24 16:11:18
COMPLAINT0005371,ACC0012345,BRW0006384,2026-07-14 16:20:25,WRONG_CONTACT,CRITICAL,INVESTIGATING,EMAIL,2026-07-19 16:20:25
COMPLAINT0005372,ACC0007070,BRW0002010,2026-03-14 18:43:26,PAYMENT,HIGH,INVESTIGATING,EMAIL,2026-03-27 18:43:26
COMPLAINT0005373,ACC0028270,BRW0006265,2026-04-07 08:56:32,PAYMENT,LOW,OPEN,EMAIL,2026-04-15 08:56:32
COMPLAINT0005374,ACC0005835,BRW0008072,2026-04-25 15:58:06,AGENT_BEHAVIOUR,LOW,OPEN,CALL,2026-05-03 15:58:06
COMPLAINT0005375,ACC0028818,BRW0003927,2026-05-25 23:17:51,HARASSMENT,LOW,RESOLVED,FIELD,2026-06-01 23:17:51
COMPLAINT0005376,ACC0012567,BRW0008818,2026-07-11 05:11:54,PRIVACY,CRITICAL,OPEN,FIELD,2026-07-20 05:11:54
COMPLAINT0005377,ACC0015661,BRW0003822,2026-07-18 15:20:54,AGENT_BEHAVIOUR,HIGH,OPEN,SMS,2026-07-30 15:20:54
COMPLAINT0005378,ACC0000863,BRW0010381,2026-03-29 18:46:20,AGENT_BEHAVIOUR,HIGH,INVESTIGATING,CALL,2026-04-09 18:46:20
COMPLAINT0005379,ACC0021708,BRW0005197,2026-05-24 23:50:11,AGENT_BEHAVIOUR,LOW,OPEN,FIELD,2026-05-30 23:50:11
COMPLAINT0005380,ACC0018805,BRW0004500,2026-03-04 17:55:03,AGENT_BEHAVIOUR,LOW,OPEN,SMS,2026-03-13 17:55:03
COMPLAINT0005381,ACC0018761,BRW0004213,2026-05-31 00:52:36,DISPUTE,LOW,RESOLVED,WHATSAPP,2026-06-12 00:52:36
COMPLAINT0005382,ACC0029397,BRW0008400,2026-04-09 19:35:09,DISPUTE,HIGH,CLOSED,CALL,2026-04-20 19:35:09
COMPLAINT0005383,ACC0002336,BRW0005617,2026-03-12 23:55:30,WRONG_CONTACT,LOW,OPEN,WHATSAPP,2026-03-20 23:55:30
COMPLAINT0005384,ACC0004549,BRW0005806,2026-05-04 16:12:37,PAYMENT,MEDIUM,CLOSED,FIELD,2026-05-20 16:12:37
COMPLAINT0005385,ACC0018693,BRW0008890,2026-01-15 11:13:35,HARASSMENT,HIGH,OPEN,CALL,2026-01-21 11:13:35
COMPLAINT0005386,ACC0004913,BRW0008088,2026-05-07 15:37:52,PAYMENT,MEDIUM,OPEN,EMAIL,2026-05-13 15:37:52
COMPLAINT0005387,ACC0009437,BRW0006512,2026-03-20 17:49:35,PRIVACY,LOW,OPEN,FIELD,2026-03-30 17:49:35
COMPLAINT0005388,ACC0027142,BRW0001458,2026-05-27 07:50:03,PRIVACY,MEDIUM,RESOLVED,EMAIL,2026-06-12 07:50:03
COMPLAINT0005389,ACC0007023,BRW0011601,2026-03-06 00:52:29,AGENT_BEHAVIOUR,MEDIUM,CLOSED,EMAIL,2026-03-08 00:52:29
COMPLAINT0005390,ACC0023662,BRW0006939,2026-08-04 14:11:39,PRIVACY,MEDIUM,CLOSED,EMAIL,2026-08-22 14:11:39
COMPLAINT0005391,ACC0014354,BRW0007834,2026-06-12 16:07:44,WRONG_CONTACT,HIGH,INVESTIGATING,SMS,2026-06-22 16:07:44
COMPLAINT0005392,ACC0003789,BRW0001440,2026-08-04 14:33:46,PRIVACY,HIGH,RESOLVED,SMS,2026-08-07 14:33:46
COMPLAINT0005393,ACC0019073,BRW0007854,2026-06-15 18:37:25,DND,CRITICAL,RESOLVED,SMS,2026-06-26 18:37:25
COMPLAINT0005394,ACC0024683,BRW0003801,2026-01-11 07:07:14,DISPUTE,CRITICAL,CLOSED,CALL,2026-01-18 07:07:14
COMPLAINT0005395,ACC0018839,BRW0011791,2026-01-15 00:08:59,AGENT_BEHAVIOUR,HIGH,OPEN,CALL,2026-01-30 00:08:59
COMPLAINT0005396,ACC0004877,BRW0001756,2026-06-14 15:24:03,PRIVACY,CRITICAL,INVESTIGATING,EMAIL,2026-07-01 15:24:03
COMPLAINT0005397,ACC0015575,BRW0008057,2026-02-24 00:35:50,DND,HIGH,CLOSED,EMAIL,2026-03-09 00:35:50
COMPLAINT0005398,ACC0004756,BRW0009623,2026-02-20 14:31:38,DISPUTE,MEDIUM,OPEN,EMAIL,2026-02-25 14:31:38
COMPLAINT0005399,ACC0025434,BRW0011157,2026-05-22 15:43:52,WRONG_CONTACT,LOW,INVESTIGATING,CALL,2026-05-23 15:43:52
COMPLAINT0005400,ACC0009201,BRW0003215,2026-03-22 12:10:30,DND,HIGH,CLOSED,CALL,2026-04-04 12:10:30
COMPLAINT0005401,ACC0010489,BRW0005638,2026-07-07 03:57:30,DND,LOW,OPEN,WHATSAPP,2026-07-18 03:57:30
COMPLAINT0005402,ACC0022864,BRW0000640,2026-03-11 04:05:21,PRIVACY,LOW,RESOLVED,EMAIL,2026-03-22 04:05:21
COMPLAINT0005403,ACC0011678,BRW0000042,2026-01-25 03:22:12,AGENT_BEHAVIOUR,LOW,INVESTIGATING,FIELD,2026-02-05 03:22:12
COMPLAINT0005404,ACC0029856,BRW0005862,2026-03-30 17:24:21,PAYMENT,CRITICAL,RESOLVED,SMS,2026-04-11 17:24:21
COMPLAINT0005405,ACC0008749,BRW0000485,2026-07-07 08:38:46,PAYMENT,CRITICAL,INVESTIGATING,CALL,2026-07-19 08:38:46
COMPLAINT0005406,ACC0016569,BRW0011064,2026-03-22 09:35:32,DND,MEDIUM,RESOLVED,SMS,2026-04-05 09:35:32
COMPLAINT0005407,ACC0028688,BRW0009213,2026-02-14 05:19:02,DISPUTE,MEDIUM,RESOLVED,SMS,2026-02-22 05:19:02
COMPLAINT0005408,ACC0026481,BRW0003566,2026-07-30 23:39:10,DISPUTE,LOW,OPEN,WHATSAPP,2026-08-04 23:39:10
COMPLAINT0005409,ACC0014104,BRW0001560,2026-01-12 07:08:54,DISPUTE,CRITICAL,INVESTIGATING,WHATSAPP,2026-01-14 07:08:54
COMPLAINT0005410,ACC0022294,BRW0006276,2026-04-09 03:05:56,AGENT_BEHAVIOUR,MEDIUM,INVESTIGATING,FIELD,2026-04-23 03:05:56
COMPLAINT0005411,ACC0002127,BRW0000200,2026-04-08 11:18:45,DISPUTE,MEDIUM,OPEN,WHATSAPP,2026-04-11 11:18:45
COMPLAINT0005412,ACC0017600,BRW0007538,2026-07-26 00:21:26,DND,MEDIUM,INVESTIGATING,WHATSAPP,2026-08-07 00:21:26
COMPLAINT0005413,ACC0020643,BRW0002192,2026-01-31 16:21:25,DISPUTE,HIGH,RESOLVED,WHATSAPP,2026-02-11 16:21:25
COMPLAINT0005414,ACC0013035,BRW0005665,2026-03-12 09:33:08,HARASSMENT,CRITICAL,CLOSED,CALL,2026-03-16 09:33:08
COMPLAINT0005415,ACC0000511,BRW0007846,2026-04-01 07:03:51,PAYMENT,CRITICAL,CLOSED,WHATSAPP,2026-04-15 07:03:51
COMPLAINT0005416,ACC0028025,BRW0010233,2026-04-24 15:16:26,HARASSMENT,HIGH,RESOLVED,FIELD,2026-05-06 15:16:26
COMPLAINT0005417,ACC0023342,BRW0001040,2026-02-10 08:20:05,AGENT_BEHAVIOUR,MEDIUM,INVESTIGATING,EMAIL,2026-02-27 08:20:05
COMPLAINT0005418,ACC0018823,BRW0002412,2026-04-03 05:51:01,DISPUTE,HIGH,CLOSED,CALL,2026-04-18 05:51:01
COMPLAINT0005419,ACC0005473,BRW0003189,2026-05-21 05:15:50,DND,CRITICAL,INVESTIGATING,FIELD,2026-05-25 05:15:50
COMPLAINT0005420,ACC0003914,BRW0006778,2026-05-06 21:46:34,PRIVACY,LOW,INVESTIGATING,CALL,2026-05-24 21:46:34
COMPLAINT0005421,ACC0002196,BRW0006256,2026-07-07 05:57:26,PRIVACY,LOW,RESOLVED,SMS,2026-07-14 05:57:26
COMPLAINT0005422,ACC0022744,BRW0009020,2026-07-21 07:05:31,DND,MEDIUM,INVESTIGATING,FIELD,2026-08-02 07:05:31
COMPLAINT0005423,ACC0015747,BRW0011741,2026-07-06 00:51:43,HARASSMENT,MEDIUM,INVESTIGATING,WHATSAPP,2026-07-09 00:51:43
COMPLAINT0005424,ACC0014119,BRW0005305,2026-01-12 13:02:01,PAYMENT,HIGH,INVESTIGATING,CALL,2026-01-19 13:02:01
COMPLAINT0005425,ACC0027760,BRW0011266,2026-07-16 02:08:21,AGENT_BEHAVIOUR,HIGH,RESOLVED,WHATSAPP,2026-07-17 02:08:21
COMPLAINT0005426,ACC0018532,BRW0003945,2026-03-16 08:41:57,AGENT_BEHAVIOUR,MEDIUM,RESOLVED,SMS,2026-03-25 08:41:57
COMPLAINT0005427,ACC0009030,BRW0007412,2026-05-06 17:18:58,HARASSMENT,LOW,OPEN,FIELD,2026-05-16 17:18:58
COMPLAINT0005428,ACC0008197,BRW0005226,2026-07-11 10:01:54,HARASSMENT,CRITICAL,OPEN,EMAIL,2026-07-18 10:01:54
COMPLAINT0005429,ACC0014447,BRW0009726,2026-04-06 03:10:29,HARASSMENT,CRITICAL,RESOLVED,FIELD,2026-04-17 03:10:29
COMPLAINT0005430,ACC0029514,BRW0008483,2026-02-16 01:22:50,PAYMENT,CRITICAL,CLOSED,EMAIL,2026-02-23 01:22:50
COMPLAINT0005431,ACC0010438,BRW0004366,2026-04-22 05:44:01,DISPUTE,CRITICAL,RESOLVED,CALL,2026-05-03 05:44:01
COMPLAINT0005432,ACC0017888,BRW0002852,2026-03-13 03:08:29,DISPUTE,CRITICAL,OPEN,WHATSAPP,2026-03-15 03:08:29
COMPLAINT0005433,ACC0002324,BRW0001315,2026-03-24 21:46:58,PAYMENT,HIGH,RESOLVED,CALL,2026-03-25 21:46:58
COMPLAINT0005434,ACC0010860,BRW0007589,2026-03-16 23:35:15,PRIVACY,LOW,CLOSED,EMAIL,2026-04-02 23:35:15
COMPLAINT0005435,ACC0013633,BRW0006938,2026-01-21 05:38:54,WRONG_CONTACT,HIGH,CLOSED,EMAIL,2026-02-08 05:38:54
COMPLAINT0005436,ACC0020235,BRW0005139,2026-01-01 19:19:24,AGENT_BEHAVIOUR,LOW,RESOLVED,CALL,2026-01-17 19:19:24
COMPLAINT0005437,ACC0003093,BRW0000278,2026-07-16 13:49:44,AGENT_BEHAVIOUR,HIGH,OPEN,WHATSAPP,2026-08-04 13:49:44
COMPLAINT0005438,ACC0021094,BRW0005279,2026-05-29 03:45:28,AGENT_BEHAVIOUR,CRITICAL,OPEN,CALL,2026-06-14 03:45:28
COMPLAINT0005439,ACC0000200,BRW0011283,2026-06-27 03:21:00,WRONG_CONTACT,MEDIUM,CLOSED,EMAIL,2026-06-29 03:21:00
COMPLAINT0005440,ACC0012130,BRW0005106,2026-05-09 17:13:15,DND,HIGH,OPEN,WHATSAPP,2026-05-18 17:13:15
COMPLAINT0005441,ACC0017115,BRW0001715,2026-03-24 01:52:45,PAYMENT,LOW,INVESTIGATING,FIELD,2026-04-09 01:52:45
COMPLAINT0005442,ACC0014000,BRW0003985,2026-05-29 07:12:31,AGENT_BEHAVIOUR,HIGH,OPEN,CALL,2026-06-10 07:12:31
COMPLAINT0005443,ACC0028407,BRW0008946,2026-04-09 04:23:39,AGENT_BEHAVIOUR,HIGH,INVESTIGATING,WHATSAPP,2026-04-22 04:23:39
COMPLAINT0005444,ACC0004420,BRW0009855,2026-03-03 01:31:40,DND,HIGH,CLOSED,WHATSAPP,2026-03-08 01:31:40
COMPLAINT0005445,ACC0023850,BRW0004223,2026-06-29 20:06:27,WRONG_CONTACT,LOW,OPEN,SMS,2026-07-02 20:06:27
COMPLAINT0005446,ACC0027828,BRW0004054,2026-03-17 10:34:03,AGENT_BEHAVIOUR,LOW,RESOLVED,SMS,2026-03-30 10:34:03
COMPLAINT0005447,ACC0024715,BRW0003504,2026-01-08 10:37:47,DND,LOW,OPEN,EMAIL,2026-01-20 10:37:47
COMPLAINT0005448,ACC0019613,BRW0009828,2026-01-21 13:09:34,DISPUTE,CRITICAL,CLOSED,FIELD,2026-02-08 13:09:34
COMPLAINT0005449,ACC0011176,BRW0007943,2026-02-15 03:56:48,AGENT_BEHAVIOUR,MEDIUM,CLOSED,FIELD,2026-02-22 03:56:48
COMPLAINT0005450,ACC0026273,BRW0007501,2026-02-14 18:18:40,PRIVACY,CRITICAL,RESOLVED,SMS,2026-02-25 18:18:40
COMPLAINT0005451,ACC0015961,BRW0004033,2026-02-03 01:01:46,HARASSMENT,LOW,INVESTIGATING,FIELD,2026-02-04 01:01:46
COMPLAINT0005452,ACC0000136,BRW0008503,2026-06-09 16:49:56,PAYMENT,LOW,RESOLVED,EMAIL,2026-06-28 16:49:56
COMPLAINT0005453,ACC0009468,BRW0010180,2026-05-01 15:02:34,PAYMENT,LOW,RESOLVED,FIELD,2026-05-13 15:02:34
COMPLAINT0005454,ACC0023923,BRW0007319,2026-08-07 11:46:18,DND,HIGH,RESOLVED,SMS,2026-08-18 11:46:18
COMPLAINT0005455,ACC0018188,BRW0003807,2026-02-28 15:48:48,AGENT_BEHAVIOUR,HIGH,INVESTIGATING,EMAIL,2026-03-11 15:48:48
COMPLAINT0005456,ACC0029253,BRW0006613,2026-02-12 09:14:19,AGENT_BEHAVIOUR,MEDIUM,OPEN,SMS,2026-02-13 09:14:19
COMPLAINT0005457,ACC0009425,BRW0003101,2026-04-30 17:06:46,AGENT_BEHAVIOUR,HIGH,CLOSED,WHATSAPP,2026-05-10 17:06:46
COMPLAINT0005458,ACC0001725,BRW0006772,2026-03-01 08:13:49,DND,HIGH,OPEN,FIELD,2026-03-18 08:13:49
COMPLAINT0005459,ACC0012102,BRW0000661,2026-05-05 16:36:40,PRIVACY,MEDIUM,CLOSED,SMS,2026-05-14 16:36:40
COMPLAINT0005460,ACC0008996,BRW0009595,2026-02-24 01:28:01,WRONG_CONTACT,LOW,INVESTIGATING,SMS,2026-03-01 01:28:01
COMPLAINT0005461,ACC0023298,BRW0010476,2026-06-01 17:48:11,HARASSMENT,CRITICAL,OPEN,SMS,2026-06-14 17:48:11
COMPLAINT0005462,ACC0015059,BRW0003963,2026-02-26 00:38:42,WRONG_CONTACT,LOW,INVESTIGATING,FIELD,2026-03-02 00:38:42
COMPLAINT0005463,ACC0013186,BRW0005251,2026-03-28 09:35:32,DISPUTE,LOW,INVESTIGATING,CALL,2026-04-11 09:35:32
COMPLAINT0005464,ACC0024382,BRW0009533,2026-02-08 20:27:18,PRIVACY,CRITICAL,RESOLVED,FIELD,2026-02-21 20:27:18
COMPLAINT0005465,ACC0020504,BRW0009687,2026-02-10 14:19:13,DND,MEDIUM,INVESTIGATING,WHATSAPP,2026-02-21 14:19:13
COMPLAINT0005466,ACC0011482,BRW0000724,2026-03-10 20:45:40,PAYMENT,MEDIUM,RESOLVED,FIELD,2026-03-25 20:45:40
COMPLAINT0005467,ACC0025969,BRW0011157,2026-04-14 12:33:16,WRONG_CONTACT,MEDIUM,INVESTIGATING,CALL,2026-05-03 12:33:16
COMPLAINT0005468,ACC0023502,BRW0004046,2026-01-30 04:29:34,PRIVACY,HIGH,OPEN,CALL,2026-02-18 04:29:34
COMPLAINT0005469,ACC0024330,BRW0005366,2026-05-16 04:40:29,PRIVACY,LOW,RESOLVED,EMAIL,2026-05-31 04:40:29
COMPLAINT0005470,ACC0029375,BRW0005833,2026-01-05 09:28:14,PRIVACY,CRITICAL,OPEN,SMS,2026-01-17 09:28:14
COMPLAINT0005471,ACC0028287,BRW0002564,2026-04-11 17:17:36,AGENT_BEHAVIOUR,HIGH,RESOLVED,WHATSAPP,2026-04-28 17:17:36
COMPLAINT0005472,ACC0011461,BRW0008802,2026-06-23 11:41:16,WRONG_CONTACT,HIGH,CLOSED,FIELD,2026-07-01 11:41:16
COMPLAINT0005473,ACC0005032,BRW0001854,2026-04-22 15:08:39,PRIVACY,LOW,OPEN,EMAIL,2026-04-30 15:08:39
COMPLAINT0005474,ACC0021002,BRW0000489,2026-02-14 17:22:32,PRIVACY,LOW,RESOLVED,SMS,2026-02-25 17:22:32
COMPLAINT0005475,ACC0015218,BRW0001171,2026-05-02 14:12:08,DND,MEDIUM,CLOSED,FIELD,2026-05-15 14:12:08
COMPLAINT0005476,ACC0003436,BRW0008937,2026-07-22 13:51:30,HARASSMENT,CRITICAL,INVESTIGATING,SMS,2026-07-27 13:51:30
COMPLAINT0005477,ACC0000486,BRW0005406,2026-03-30 14:27:46,WRONG_CONTACT,HIGH,CLOSED,SMS,2026-04-02 14:27:46
COMPLAINT0005478,ACC0026517,BRW0002461,2026-03-13 20:40:32,WRONG_CONTACT,LOW,INVESTIGATING,FIELD,2026-03-26 20:40:32
COMPLAINT0005479,ACC0022098,BRW0000733,2026-03-26 15:07:57,AGENT_BEHAVIOUR,CRITICAL,CLOSED,CALL,2026-04-01 15:07:57
COMPLAINT0005480,ACC0001061,BRW0008777,2026-01-08 05:25:49,HARASSMENT,CRITICAL,OPEN,FIELD,2026-01-10 05:25:49
COMPLAINT0005481,ACC0008825,BRW0001463,2026-06-26 17:15:01,HARASSMENT,MEDIUM,INVESTIGATING,SMS,2026-07-02 17:15:01
COMPLAINT0005482,ACC0021171,BRW0009453,2026-05-26 02:05:30,DISPUTE,LOW,OPEN,CALL,2026-06-04 02:05:30
COMPLAINT0005483,ACC0014424,BRW0011838,2026-06-17 14:03:49,DISPUTE,MEDIUM,RESOLVED,SMS,2026-07-05 14:03:49
COMPLAINT0005484,ACC0010684,BRW0008174,2026-07-23 10:45:35,DND,LOW,INVESTIGATING,EMAIL,2026-08-04 10:45:35
COMPLAINT0005485,ACC0023446,BRW0011507,2026-05-31 23:51:51,WRONG_CONTACT,HIGH,OPEN,WHATSAPP,2026-06-11 23:51:51
COMPLAINT0005486,ACC0002508,BRW0003414,2026-08-06 06:10:52,AGENT_BEHAVIOUR,HIGH,INVESTIGATING,WHATSAPP,2026-08-24 06:10:52
COMPLAINT0005487,ACC0015887,BRW0009598,2026-05-16 08:23:42,DND,CRITICAL,OPEN,CALL,2026-05-21 08:23:42
COMPLAINT0005488,ACC0014293,BRW0008528,2026-07-20 19:35:13,PRIVACY,CRITICAL,CLOSED,CALL,2026-07-28 19:35:13
COMPLAINT0005489,ACC0010977,BRW0006858,2026-03-28 00:36:51,DND,HIGH,RESOLVED,EMAIL,2026-04-04 00:36:51
COMPLAINT0005490,ACC0013888,BRW0008164,2026-07-30 09:28:04,WRONG_CONTACT,HIGH,OPEN,FIELD,2026-08-01 09:28:04
COMPLAINT0005491,ACC0024491,BRW0002999,2026-06-28 06:16:09,AGENT_BEHAVIOUR,HIGH,INVESTIGATING,FIELD,2026-07-09 06:16:09
COMPLAINT0005492,ACC0010480,BRW0010374,2026-02-02 09:19:41,WRONG_CONTACT,CRITICAL,INVESTIGATING,WHATSAPP,2026-02-07 09:19:41
COMPLAINT0005493,ACC0021472,BRW0005429,2026-06-17 16:57:28,DND,LOW,INVESTIGATING,WHATSAPP,2026-07-05 16:57:28
COMPLAINT0005494,ACC0014960,BRW0008892,2026-08-02 18:37:57,AGENT_BEHAVIOUR,MEDIUM,OPEN,WHATSAPP,2026-08-12 18:37:57
COMPLAINT0005495,ACC0002483,BRW0008550,2026-04-04 00:33:03,AGENT_BEHAVIOUR,CRITICAL,OPEN,FIELD,2026-04-23 00:33:03
COMPLAINT0005496,ACC0000358,BRW0011475,2026-05-01 12:44:19,DISPUTE,MEDIUM,CLOSED,EMAIL,2026-05-08 12:44:19
COMPLAINT0005497,ACC0018372,BRW0000779,2026-04-12 23:46:43,AGENT_BEHAVIOUR,MEDIUM,OPEN,FIELD,2026-04-13 23:46:43
COMPLAINT0005498,ACC0003762,BRW0010088,2026-06-29 14:03:14,DND,MEDIUM,OPEN,CALL,2026-07-13 14:03:14
COMPLAINT0005499,ACC0015680,BRW0001166,2026-06-29 10:11:49,PRIVACY,MEDIUM,OPEN,EMAIL,2026-07-02 10:11:49
COMPLAINT0005500,ACC0027875,BRW0010544,2026-04-23 02:54:24,HARASSMENT,CRITICAL,RESOLVED,WHATSAPP,2026-04-24 02:54:24
COMPLAINT0005501,ACC0000780,BRW0006704,2026-07-26 18:51:22,DISPUTE,MEDIUM,OPEN,SMS,2026-07-31 18:51:22
COMPLAINT0005502,ACC0012490,BRW0000058,2026-04-10 19:54:07,PAYMENT,HIGH,CLOSED,CALL,2026-04-13 19:54:07
COMPLAINT0005503,ACC0021346,BRW0003110,2026-01-25 19:30:35,DISPUTE,MEDIUM,OPEN,EMAIL,2026-01-27 19:30:35
COMPLAINT0005504,ACC0018864,BRW0004164,2026-07-22 12:42:13,AGENT_BEHAVIOUR,LOW,CLOSED,WHATSAPP,2026-08-05 12:42:13
COMPLAINT0005505,ACC0029537,BRW0004943,2026-03-17 09:14:57,WRONG_CONTACT,HIGH,CLOSED,EMAIL,2026-03-20 09:14:57
COMPLAINT0005506,ACC0006361,BRW0004441,2026-03-26 18:22:39,HARASSMENT,MEDIUM,CLOSED,WHATSAPP,2026-04-11 18:22:39
COMPLAINT0005507,ACC0010496,BRW0004713,2026-05-09 13:01:45,DISPUTE,CRITICAL,INVESTIGATING,CALL,2026-05-27 13:01:45
COMPLAINT0005508,ACC0009493,BRW0009379,2026-02-14 07:29:26,AGENT_BEHAVIOUR,MEDIUM,CLOSED,WHATSAPP,2026-02-15 07:29:26
COMPLAINT0005509,ACC0001727,BRW0003560,2026-06-01 12:51:51,DND,HIGH,INVESTIGATING,SMS,2026-06-11 12:51:51
COMPLAINT0005510,ACC0003059,BRW0004248,2026-06-27 22:35:57,AGENT_BEHAVIOUR,LOW,CLOSED,EMAIL,2026-07-04 22:35:57
COMPLAINT0005511,ACC0017690,BRW0008706,2026-01-30 17:19:57,HARASSMENT,CRITICAL,INVESTIGATING,EMAIL,2026-02-02 17:19:57
COMPLAINT0005512,ACC0014333,BRW0011419,2026-01-28 10:35:42,PAYMENT,HIGH,CLOSED,CALL,2026-02-14 10:35:42
COMPLAINT0005513,ACC0002270,BRW0008384,2026-03-07 10:01:21,DND,MEDIUM,INVESTIGATING,WHATSAPP,2026-03-10 10:01:21
COMPLAINT0005514,ACC0007383,BRW0000907,2026-07-23 17:52:34,DND,MEDIUM,RESOLVED,CALL,2026-08-08 17:52:34
COMPLAINT0005515,ACC0018177,BRW0004241,2026-05-15 09:22:44,AGENT_BEHAVIOUR,HIGH,OPEN,CALL,2026-05-31 09:22:44
COMPLAINT0005516,ACC0011547,BRW0008510,2026-04-10 06:33:23,PRIVACY,HIGH,OPEN,WHATSAPP,2026-04-27 06:33:23
COMPLAINT0005517,ACC0025531,BRW0008255,2026-02-20 07:31:49,DISPUTE,HIGH,RESOLVED,FIELD,2026-03-11 07:31:49
COMPLAINT0005518,ACC0008634,BRW0002817,2026-06-25 21:52:15,PAYMENT,LOW,INVESTIGATING,CALL,2026-07-13 21:52:15
COMPLAINT0005519,ACC0002392,BRW0002479,2026-05-25 02:07:02,DND,HIGH,OPEN,WHATSAPP,2026-06-04 02:07:02
COMPLAINT0005520,ACC0011294,BRW0009072,2026-03-19 07:09:24,WRONG_CONTACT,MEDIUM,INVESTIGATING,FIELD,2026-04-03 07:09:24
COMPLAINT0005521,ACC0018697,BRW0004388,2026-07-06 08:56:04,AGENT_BEHAVIOUR,MEDIUM,OPEN,CALL,2026-07-15 08:56:04
COMPLAINT0005522,ACC0001480,BRW0011610,2026-01-02 20:22:58,AGENT_BEHAVIOUR,CRITICAL,INVESTIGATING,SMS,2026-01-06 20:22:58
COMPLAINT0005523,ACC0011727,BRW0011051,2026-05-15 09:00:24,AGENT_BEHAVIOUR,LOW,OPEN,FIELD,2026-05-30 09:00:24
COMPLAINT0005524,ACC0015173,BRW0010445,2026-03-31 10:35:09,AGENT_BEHAVIOUR,CRITICAL,CLOSED,SMS,2026-04-17 10:35:09
COMPLAINT0005525,ACC0013281,BRW0007824,2026-04-07 20:29:50,HARASSMENT,LOW,RESOLVED,EMAIL,2026-04-14 20:29:50
COMPLAINT0005526,ACC0027867,BRW0001766,2026-01-05 09:55:58,AGENT_BEHAVIOUR,LOW,INVESTIGATING,FIELD,2026-01-18 09:55:58
COMPLAINT0005527,ACC0027181,BRW0003999,2026-01-04 22:57:57,AGENT_BEHAVIOUR,LOW,CLOSED,WHATSAPP,2026-01-15 22:57:57
COMPLAINT0005528,ACC0002628,BRW0010753,2026-05-07 15:59:53,DISPUTE,LOW,OPEN,SMS,2026-05-15 15:59:53
COMPLAINT0005529,ACC0010733,BRW0005870,2026-03-13 06:52:53,AGENT_BEHAVIOUR,MEDIUM,RESOLVED,EMAIL,2026-03-28 06:52:53
COMPLAINT0005530,ACC0017314,BRW0003437,2026-02-08 16:58:05,PAYMENT,LOW,INVESTIGATING,WHATSAPP,2026-02-19 16:58:05
COMPLAINT0005531,ACC0004092,BRW0000656,2026-07-10 22:38:37,HARASSMENT,LOW,RESOLVED,FIELD,2026-07-19 22:38:37
COMPLAINT0005532,ACC0024596,BRW0000946,2026-04-10 10:20:07,PRIVACY,CRITICAL,CLOSED,CALL,2026-04-18 10:20:07
COMPLAINT0005533,ACC0014350,BRW0010420,2026-01-25 23:00:49,DND,CRITICAL,RESOLVED,WHATSAPP,2026-02-05 23:00:49
COMPLAINT0005534,ACC0006925,BRW0003725,2026-03-19 06:20:22,PRIVACY,LOW,INVESTIGATING,EMAIL,2026-03-26 06:20:22
COMPLAINT0005535,ACC0009399,BRW0003775,2026-01-12 18:35:31,PAYMENT,MEDIUM,OPEN,EMAIL,2026-01-13 18:35:31
COMPLAINT0005536,ACC0018281,BRW0003773,2026-01-19 08:11:51,AGENT_BEHAVIOUR,HIGH,OPEN,FIELD,2026-01-26 08:11:51
COMPLAINT0005537,ACC0014564,BRW0002909,2026-08-06 01:09:35,AGENT_BEHAVIOUR,CRITICAL,INVESTIGATING,FIELD,2026-08-17 01:09:35
COMPLAINT0005538,ACC0023946,BRW0002487,2026-05-16 20:22:19,PRIVACY,CRITICAL,RESOLVED,EMAIL,2026-05-26 20:22:19
COMPLAINT0005539,ACC0014895,BRW0003658,2026-07-04 12:23:11,WRONG_CONTACT,HIGH,RESOLVED,WHATSAPP,2026-07-14 12:23:11
COMPLAINT0005540,ACC0016504,BRW0009609,2026-01-01 10:28:57,PRIVACY,LOW,RESOLVED,FIELD,2026-01-14 10:28:57
COMPLAINT0005541,ACC0020737,BRW0008617,2026-05-15 05:58:20,PAYMENT,MEDIUM,INVESTIGATING,WHATSAPP,2026-05-31 05:58:20
COMPLAINT0005542,ACC0013629,BRW0009904,2026-02-13 10:09:59,DND,LOW,OPEN,WHATSAPP,2026-02-27 10:09:59
COMPLAINT0005543,ACC0007697,BRW0005094,2026-06-29 12:50:50,PAYMENT,HIGH,CLOSED,FIELD,2026-07-17 12:50:50
COMPLAINT0005544,ACC0019360,BRW0002088,2026-02-12 12:47:17,DND,LOW,OPEN,EMAIL,2026-02-16 12:47:17
COMPLAINT0005545,ACC0012869,BRW0007439,2026-05-02 08:58:13,WRONG_CONTACT,CRITICAL,INVESTIGATING,WHATSAPP,2026-05-13 08:58:13
COMPLAINT0005546,ACC0018026,BRW0011192,2026-06-11 17:43:19,DND,MEDIUM,INVESTIGATING,SMS,2026-06-30 17:43:19
COMPLAINT0005547,ACC0001569,BRW0008924,2026-05-05 21:31:21,AGENT_BEHAVIOUR,CRITICAL,OPEN,EMAIL,2026-05-10 21:31:21
COMPLAINT0005548,ACC0008160,BRW0008913,2026-07-26 22:45:26,AGENT_BEHAVIOUR,HIGH,RESOLVED,WHATSAPP,2026-08-12 22:45:26
COMPLAINT0005549,ACC0024892,BRW0009884,2026-04-30 18:57:06,PAYMENT,LOW,RESOLVED,EMAIL,2026-05-01 18:57:06
COMPLAINT0005550,ACC0014305,BRW0006450,2026-06-10 13:33:43,WRONG_CONTACT,HIGH,INVESTIGATING,EMAIL,2026-06-23 13:33:43
COMPLAINT0005551,ACC0020850,BRW0011099,2026-06-07 16:28:47,HARASSMENT,LOW,RESOLVED,CALL,2026-06-11 16:28:47
COMPLAINT0005552,ACC0002670,BRW0008543,2026-04-06 22:40:16,WRONG_CONTACT,HIGH,RESOLVED,WHATSAPP,2026-04-13 22:40:16
COMPLAINT0005553,ACC0015804,BRW0003325,2026-03-17 14:41:39,PRIVACY,LOW,CLOSED,FIELD,2026-03-24 14:41:39
COMPLAINT0005554,ACC0006163,BRW0001968,2026-03-19 17:11:33,HARASSMENT,HIGH,RESOLVED,EMAIL,2026-03-22 17:11:33
COMPLAINT0005555,ACC0019513,BRW0011398,2026-03-15 22:21:21,PAYMENT,LOW,INVESTIGATING,CALL,2026-03-25 22:21:21
COMPLAINT0005556,ACC0007320,BRW0005762,2026-01-10 06:21:09,DND,CRITICAL,CLOSED,FIELD,2026-01-17 06:21:09
COMPLAINT0005557,ACC0013308,BRW0008522,2026-07-26 19:19:15,PAYMENT,LOW,CLOSED,WHATSAPP,2026-08-03 19:19:15
COMPLAINT0005558,ACC0011209,BRW0011763,2026-07-15 09:18:08,PAYMENT,HIGH,INVESTIGATING,FIELD,2026-07-29 09:18:08
COMPLAINT0005559,ACC0004371,BRW0002735,2026-04-27 23:06:49,WRONG_CONTACT,MEDIUM,CLOSED,WHATSAPP,2026-05-08 23:06:49
COMPLAINT0005560,ACC0013168,BRW0004388,2026-06-25 00:46:38,WRONG_CONTACT,LOW,INVESTIGATING,FIELD,2026-07-09 00:46:38
COMPLAINT0005561,ACC0001163,BRW0009246,2026-07-11 01:02:47,DISPUTE,CRITICAL,RESOLVED,FIELD,2026-07-23 01:02:47
COMPLAINT0005562,ACC0000645,BRW0011938,2026-05-10 09:36:56,AGENT_BEHAVIOUR,LOW,CLOSED,SMS,2026-05-24 09:36:56
COMPLAINT0005563,ACC0018869,BRW0008803,2026-06-11 09:38:09,HARASSMENT,MEDIUM,RESOLVED,SMS,2026-06-13 09:38:09
COMPLAINT0005564,ACC0007636,BRW0009171,2026-07-13 13:38:05,AGENT_BEHAVIOUR,CRITICAL,OPEN,CALL,2026-07-17 13:38:05
COMPLAINT0005565,ACC0022945,BRW0006097,2026-06-24 19:33:23,AGENT_BEHAVIOUR,CRITICAL,OPEN,EMAIL,2026-07-04 19:33:23
COMPLAINT0005566,ACC0006850,BRW0001676,2026-02-24 03:09:15,WRONG_CONTACT,MEDIUM,OPEN,WHATSAPP,2026-03-11 03:09:15
COMPLAINT0005567,ACC0001117,BRW0005103,2026-02-19 06:57:39,DISPUTE,CRITICAL,RESOLVED,WHATSAPP,2026-02-24 06:57:39
COMPLAINT0005568,ACC0022674,BRW0009518,2026-06-05 11:57:36,PRIVACY,LOW,OPEN,FIELD,2026-06-21 11:57:36
COMPLAINT0005569,ACC0006080,BRW0008028,2026-05-09 21:25:19,PAYMENT,HIGH,OPEN,WHATSAPP,2026-05-23 21:25:19
COMPLAINT0005570,ACC0011320,BRW0011547,2026-03-16 12:37:53,PRIVACY,HIGH,INVESTIGATING,SMS,2026-04-01 12:37:53
COMPLAINT0005571,ACC0000433,BRW0006619,2026-05-12 07:38:01,HARASSMENT,CRITICAL,OPEN,FIELD,2026-05-31 07:38:01
COMPLAINT0005572,ACC0004434,BRW0000979,2026-03-11 20:17:28,DISPUTE,CRITICAL,OPEN,CALL,2026-03-13 20:17:28
COMPLAINT0005573,ACC0021879,BRW0001358,2026-07-20 20:13:11,HARASSMENT,HIGH,OPEN,WHATSAPP,2026-07-23 20:13:11
COMPLAINT0005574,ACC0025507,BRW0008708,2026-05-21 15:06:14,DISPUTE,HIGH,INVESTIGATING,WHATSAPP,2026-06-04 15:06:14
COMPLAINT0005575,ACC0020091,BRW0005668,2026-03-14 08:25:32,DND,HIGH,OPEN,SMS,2026-03-23 08:25:32
COMPLAINT0005576,ACC0025022,BRW0003535,2026-06-29 14:13:24,DISPUTE,LOW,INVESTIGATING,WHATSAPP,2026-07-18 14:13:24
COMPLAINT0005577,ACC0016051,BRW0003355,2026-02-16 11:40:12,HARASSMENT,CRITICAL,INVESTIGATING,FIELD,2026-02-25 11:40:12
COMPLAINT0005578,ACC0013416,BRW0008273,2026-02-08 00:50:51,AGENT_BEHAVIOUR,LOW,RESOLVED,WHATSAPP,2026-02-19 00:50:51
COMPLAINT0005579,ACC0002956,BRW0004524,2026-05-03 08:19:22,AGENT_BEHAVIOUR,CRITICAL,OPEN,EMAIL,2026-05-18 08:19:22
COMPLAINT0005580,ACC0025254,BRW0008278,2026-04-03 00:07:59,WRONG_CONTACT,CRITICAL,INVESTIGATING,CALL,2026-04-18 00:07:59
COMPLAINT0005581,ACC0019550,BRW0006068,2026-03-19 09:28:22,PAYMENT,LOW,OPEN,SMS,2026-03-20 09:28:22
COMPLAINT0005582,ACC0027068,BRW0000909,2026-02-18 22:45:04,WRONG_CONTACT,MEDIUM,CLOSED,WHATSAPP,2026-02-24 22:45:04
COMPLAINT0005583,ACC0003752,BRW0011283,2026-07-15 13:16:01,DND,CRITICAL,CLOSED,FIELD,2026-07-27 13:16:01
COMPLAINT0005584,ACC0006195,BRW0005338,2026-06-21 07:03:11,PRIVACY,HIGH,RESOLVED,FIELD,2026-06-24 07:03:11
COMPLAINT0005585,ACC0025407,BRW0000284,2026-05-14 02:58:17,PAYMENT,CRITICAL,INVESTIGATING,FIELD,2026-05-15 02:58:17
COMPLAINT0005586,ACC0024240,BRW0003776,2026-03-26 14:09:13,DND,MEDIUM,CLOSED,SMS,2026-04-13 14:09:13
COMPLAINT0005587,ACC0007857,BRW0008079,2026-05-02 08:37:09,DND,MEDIUM,OPEN,SMS,2026-05-11 08:37:09
COMPLAINT0005588,ACC0023479,BRW0008020,2026-02-05 03:50:25,AGENT_BEHAVIOUR,CRITICAL,OPEN,FIELD,2026-02-23 03:50:25
COMPLAINT0005589,ACC0000009,BRW0004026,2026-01-21 07:39:23,HARASSMENT,LOW,CLOSED,WHATSAPP,2026-02-03 07:39:23
COMPLAINT0005590,ACC0004422,BRW0010608,2026-01-27 22:06:51,PAYMENT,LOW,RESOLVED,FIELD,2026-02-05 22:06:51
COMPLAINT0005591,ACC0017660,BRW0005855,2026-01-08 02:11:50,AGENT_BEHAVIOUR,HIGH,CLOSED,WHATSAPP,2026-01-10 02:11:50
COMPLAINT0005592,ACC0029352,BRW0004520,2026-02-07 08:05:27,DISPUTE,HIGH,INVESTIGATING,CALL,2026-02-10 08:05:27
COMPLAINT0005593,ACC0000215,BRW0008979,2026-06-08 16:43:31,WRONG_CONTACT,LOW,OPEN,SMS,2026-06-16 16:43:31
COMPLAINT0005594,ACC0000734,BRW0009354,2026-01-15 19:43:23,WRONG_CONTACT,HIGH,CLOSED,SMS,2026-01-24 19:43:23
COMPLAINT0005595,ACC0006537,BRW0007437,2026-04-19 10:50:50,WRONG_CONTACT,LOW,RESOLVED,CALL,2026-05-03 10:50:50
COMPLAINT0005596,ACC0000643,BRW0005485,2026-02-23 23:07:03,HARASSMENT,HIGH,INVESTIGATING,WHATSAPP,2026-03-06 23:07:03
COMPLAINT0005597,ACC0022599,BRW0010518,2026-06-03 14:06:17,HARASSMENT,HIGH,OPEN,FIELD,2026-06-19 14:06:17
COMPLAINT0005598,ACC0001899,BRW0000130,2026-04-27 07:31:10,AGENT_BEHAVIOUR,HIGH,CLOSED,FIELD,2026-05-09 07:31:10
COMPLAINT0005599,ACC0023103,BRW0000078,2026-03-15 17:21:43,WRONG_CONTACT,CRITICAL,RESOLVED,EMAIL,2026-03-17 17:21:43
COMPLAINT0005600,ACC0007497,BRW0002347,2026-02-24 23:32:43,PRIVACY,HIGH,INVESTIGATING,SMS,2026-03-11 23:32:43
COMPLAINT0005601,ACC0002279,BRW0007430,2026-02-06 17:20:03,HARASSMENT,LOW,RESOLVED,EMAIL,2026-02-10 17:20:03
COMPLAINT0005602,ACC0005812,BRW0004261,2026-06-26 14:52:55,DISPUTE,HIGH,INVESTIGATING,CALL,2026-07-06 14:52:55
COMPLAINT0005603,ACC0000015,BRW0009723,2026-01-08 03:58:41,WRONG_CONTACT,MEDIUM,INVESTIGATING,WHATSAPP,2026-01-10 03:58:41
COMPLAINT0005604,ACC0023441,BRW0009298,2026-03-20 00:12:28,AGENT_BEHAVIOUR,CRITICAL,OPEN,SMS,2026-03-26 00:12:28
COMPLAINT0005605,ACC0006123,BRW0009859,2026-06-29 03:47:55,PRIVACY,MEDIUM,OPEN,SMS,2026-07-10 03:47:55
COMPLAINT0005606,ACC0001610,BRW0000491,2026-01-25 16:25:34,DND,LOW,CLOSED,SMS,2026-02-08 16:25:34
COMPLAINT0005607,ACC0008109,BRW0006053,2026-02-03 13:03:24,PAYMENT,LOW,OPEN,SMS,2026-02-05 13:03:24
COMPLAINT0005608,ACC0011589,BRW0002654,2026-05-15 00:35:02,DISPUTE,HIGH,INVESTIGATING,SMS,2026-05-16 00:35:02
COMPLAINT0005609,ACC0004020,BRW0005772,2026-04-30 10:03:58,PRIVACY,MEDIUM,CLOSED,FIELD,2026-05-19 10:03:58
COMPLAINT0005610,ACC0022980,BRW0001031,2026-08-01 06:49:59,HARASSMENT,HIGH,CLOSED,WHATSAPP,2026-08-09 06:49:59
COMPLAINT0005611,ACC0002167,BRW0001011,2026-07-06 09:19:32,DISPUTE,LOW,RESOLVED,CALL,2026-07-14 09:19:32
COMPLAINT0005612,ACC0013319,BRW0006353,2026-08-03 16:37:28,PRIVACY,CRITICAL,INVESTIGATING,SMS,2026-08-21 16:37:28
COMPLAINT0005613,ACC0010902,BRW0008842,2026-05-19 07:30:51,PRIVACY,LOW,OPEN,FIELD,2026-06-03 07:30:51
COMPLAINT0005614,ACC0015131,BRW0009498,2026-03-23 20:16:31,PRIVACY,HIGH,RESOLVED,WHATSAPP,2026-03-24 20:16:31
COMPLAINT0005615,ACC0014021,BRW0005601,2026-01-13 18:51:07,HARASSMENT,CRITICAL,INVESTIGATING,EMAIL,2026-01-17 18:51:07
COMPLAINT0005616,ACC0013349,BRW0011068,2026-05-05 02:49:09,WRONG_CONTACT,CRITICAL,RESOLVED,EMAIL,2026-05-09 02:49:09
COMPLAINT0005617,ACC0002150,BRW0003805,2026-05-04 04:16:35,DND,HIGH,INVESTIGATING,FIELD,2026-05-06 04:16:35
COMPLAINT0005618,ACC0026435,BRW0006536,2026-02-13 02:49:10,AGENT_BEHAVIOUR,MEDIUM,OPEN,EMAIL,2026-02-24 02:49:10
COMPLAINT0005619,ACC0018798,BRW0011742,2026-02-02 17:53:46,HARASSMENT,HIGH,CLOSED,EMAIL,2026-02-08 17:53:46
COMPLAINT0005620,ACC0014943,BRW0007800,2026-02-03 23:23:51,DND,HIGH,CLOSED,CALL,2026-02-22 23:23:51
COMPLAINT0005621,ACC0022923,BRW0010997,2026-07-12 05:31:53,HARASSMENT,HIGH,INVESTIGATING,SMS,2026-07-29 05:31:53
COMPLAINT0005622,ACC0001258,BRW0003403,2026-02-12 16:41:51,DND,MEDIUM,CLOSED,EMAIL,2026-02-27 16:41:51
COMPLAINT0005623,ACC0003443,BRW0010206,2026-05-13 18:38:42,PAYMENT,MEDIUM,RESOLVED,EMAIL,2026-05-30 18:38:42
COMPLAINT0005624,ACC0011307,BRW0008207,2026-02-04 21:31:30,PAYMENT,MEDIUM,CLOSED,SMS,2026-02-22 21:31:30
COMPLAINT0005625,ACC0009813,BRW0010869,2026-01-17 15:42:46,HARASSMENT,LOW,CLOSED,SMS,2026-01-26 15:42:46
COMPLAINT0005626,ACC0019505,BRW0004681,2026-01-30 01:18:12,AGENT_BEHAVIOUR,MEDIUM,RESOLVED,WHATSAPP,2026-02-15 01:18:12
COMPLAINT0005627,ACC0014300,BRW0001896,2026-05-11 16:10:55,PRIVACY,LOW,CLOSED,FIELD,2026-05-19 16:10:55
COMPLAINT0005628,ACC0018049,BRW0009598,2026-01-11 14:29:54,DND,HIGH,INVESTIGATING,SMS,2026-01-21 14:29:54
COMPLAINT0005629,ACC0017315,BRW0003159,2026-07-30 05:48:31,DISPUTE,LOW,RESOLVED,CALL,2026-08-14 05:48:31
COMPLAINT0005630,ACC0025594,BRW0003296,2026-07-18 18:41:49,DISPUTE,HIGH,INVESTIGATING,EMAIL,2026-07-20 18:41:49
COMPLAINT0005631,ACC0013303,BRW0006337,2026-03-02 13:01:11,HARASSMENT,MEDIUM,CLOSED,CALL,2026-03-19 13:01:11
COMPLAINT0005632,ACC0008002,BRW0009207,2026-01-29 20:31:21,DISPUTE,HIGH,OPEN,EMAIL,2026-02-02 20:31:21
COMPLAINT0005633,ACC0000752,BRW0009964,2026-03-19 07:35:07,PRIVACY,MEDIUM,INVESTIGATING,CALL,2026-04-07 07:35:07
COMPLAINT0005634,ACC0022690,BRW0010682,2026-03-25 16:02:05,DISPUTE,CRITICAL,OPEN,WHATSAPP,2026-04-07 16:02:05
COMPLAINT0005635,ACC0012646,BRW0005068,2026-06-06 13:43:40,PRIVACY,MEDIUM,CLOSED,EMAIL,2026-06-18 13:43:40
COMPLAINT0005636,ACC0029865,BRW0009298,2026-08-01 01:57:07,WRONG_CONTACT,CRITICAL,INVESTIGATING,SMS,2026-08-17 01:57:07
COMPLAINT0005637,ACC0029357,BRW0003560,2026-07-25 13:40:03,PRIVACY,LOW,OPEN,EMAIL,2026-08-10 13:40:03
COMPLAINT0005638,ACC0019964,BRW0007687,2026-01-22 01:02:15,PRIVACY,LOW,RESOLVED,WHATSAPP,2026-01-26 01:02:15
COMPLAINT0005639,ACC0011278,BRW0006143,2026-08-04 11:45:20,AGENT_BEHAVIOUR,HIGH,CLOSED,SMS,2026-08-11 11:45:20
COMPLAINT0005640,ACC0006236,BRW0008625,2026-03-06 18:55:51,WRONG_CONTACT,CRITICAL,OPEN,EMAIL,2026-03-23 18:55:51
COMPLAINT0005641,ACC0017761,BRW0005390,2026-07-28 19:13:23,DND,LOW,OPEN,WHATSAPP,2026-08-11 19:13:23
COMPLAINT0005642,ACC0009345,BRW0002945,2026-08-06 19:40:07,PAYMENT,MEDIUM,OPEN,CALL,2026-08-12 19:40:07
COMPLAINT0005643,ACC0006675,BRW0003824,2026-04-06 11:53:03,PAYMENT,CRITICAL,CLOSED,SMS,2026-04-14 11:53:03
COMPLAINT0005644,ACC0012016,BRW0002104,2026-04-14 21:55:52,WRONG_CONTACT,MEDIUM,OPEN,CALL,2026-04-21 21:55:52
COMPLAINT0005645,ACC0010427,BRW0009390,2026-07-13 18:51:48,HARASSMENT,HIGH,CLOSED,CALL,2026-07-23 18:51:48
COMPLAINT0005646,ACC0006513,BRW0001688,2026-04-20 15:56:59,AGENT_BEHAVIOUR,HIGH,CLOSED,EMAIL,2026-05-09 15:56:59
COMPLAINT0005647,ACC0029449,BRW0001567,2026-07-29 16:31:04,WRONG_CONTACT,HIGH,CLOSED,FIELD,2026-08-09 16:31:04
COMPLAINT0005648,ACC0022514,BRW0005235,2026-05-31 18:14:28,WRONG_CONTACT,MEDIUM,CLOSED,SMS,2026-06-02 18:14:28
COMPLAINT0005649,ACC0021809,BRW0011080,2026-02-08 16:07:26,HARASSMENT,CRITICAL,OPEN,WHATSAPP,2026-02-18 16:07:26
COMPLAINT0005650,ACC0010010,BRW0008775,2026-07-03 17:46:03,PRIVACY,MEDIUM,INVESTIGATING,CALL,2026-07-04 17:46:03
COMPLAINT0005651,ACC0010417,BRW0007308,2026-01-16 11:47:45,PRIVACY,HIGH,OPEN,WHATSAPP,2026-01-28 11:47:45
COMPLAINT0005652,ACC0007727,BRW0009498,2026-05-17 14:39:30,AGENT_BEHAVIOUR,HIGH,INVESTIGATING,CALL,2026-06-05 14:39:30
COMPLAINT0005653,ACC0005444,BRW0009514,2026-07-22 04:02:59,HARASSMENT,LOW,CLOSED,EMAIL,2026-08-06 04:02:59
COMPLAINT0005654,ACC0000077,BRW0006877,2026-02-21 16:04:24,DISPUTE,CRITICAL,RESOLVED,FIELD,2026-02-28 16:04:24
COMPLAINT0005655,ACC0009178,BRW0002346,2026-04-02 15:56:38,DND,LOW,OPEN,WHATSAPP,2026-04-03 15:56:38
COMPLAINT0005656,ACC0023676,BRW0009559,2026-07-02 14:18:42,AGENT_BEHAVIOUR,HIGH,RESOLVED,SMS,2026-07-03 14:18:42
COMPLAINT0005657,ACC0017793,BRW0007429,2026-06-13 20:06:50,HARASSMENT,CRITICAL,RESOLVED,SMS,2026-06-28 20:06:50
COMPLAINT0005658,ACC0001037,BRW0011941,2026-01-26 15:27:44,PAYMENT,CRITICAL,RESOLVED,EMAIL,2026-01-31 15:27:44
COMPLAINT0005659,ACC0022477,BRW0006439,2026-02-12 01:29:28,DND,MEDIUM,RESOLVED,CALL,2026-02-26 01:29:28
COMPLAINT0005660,ACC0011560,BRW0004493,2026-02-10 07:00:04,HARASSMENT,LOW,RESOLVED,EMAIL,2026-02-17 07:00:04
COMPLAINT0005661,ACC0013880,BRW0001803,2026-02-22 03:55:38,DND,LOW,CLOSED,EMAIL,2026-03-12 03:55:38
COMPLAINT0005662,ACC0005243,BRW0010840,2026-01-10 10:11:08,PAYMENT,LOW,CLOSED,FIELD,2026-01-21 10:11:08
COMPLAINT0005663,ACC0015863,BRW0000812,2026-05-09 02:57:30,HARASSMENT,CRITICAL,RESOLVED,WHATSAPP,2026-05-22 02:57:30
COMPLAINT0005664,ACC0028329,BRW0011607,2026-05-04 13:52:22,WRONG_CONTACT,MEDIUM,OPEN,EMAIL,2026-05-16 13:52:22
COMPLAINT0005665,ACC0015887,BRW0004750,2026-04-08 03:31:39,DISPUTE,HIGH,CLOSED,WHATSAPP,2026-04-22 03:31:39
COMPLAINT0005666,ACC0014435,BRW0005806,2026-02-08 04:35:32,HARASSMENT,LOW,RESOLVED,EMAIL,2026-02-24 04:35:32
COMPLAINT0005667,ACC0025007,BRW0009360,2026-01-25 07:52:45,AGENT_BEHAVIOUR,MEDIUM,RESOLVED,SMS,2026-01-28 07:52:45
COMPLAINT0005668,ACC0028745,BRW0009288,2026-02-19 15:26:19,WRONG_CONTACT,LOW,RESOLVED,EMAIL,2026-02-27 15:26:19
COMPLAINT0005669,ACC0019113,BRW0010802,2026-05-27 01:17:53,AGENT_BEHAVIOUR,MEDIUM,RESOLVED,WHATSAPP,2026-06-01 01:17:53
COMPLAINT0005670,ACC0012516,BRW0008007,2026-06-07 13:44:16,PAYMENT,CRITICAL,OPEN,FIELD,2026-06-12 13:44:16
COMPLAINT0005671,ACC0016214,BRW0010360,2026-03-14 05:30:01,DISPUTE,MEDIUM,OPEN,EMAIL,2026-03-19 05:30:01
COMPLAINT0005672,ACC0013369,BRW0007749,2026-07-16 06:28:05,WRONG_CONTACT,LOW,INVESTIGATING,EMAIL,2026-07-26 06:28:05
COMPLAINT0005673,ACC0019092,BRW0005114,2026-06-03 08:58:23,DND,HIGH,CLOSED,FIELD,2026-06-06 08:58:23
COMPLAINT0005674,ACC0021110,BRW0008524,2026-01-10 10:06:59,HARASSMENT,HIGH,INVESTIGATING,WHATSAPP,2026-01-15 10:06:59
COMPLAINT0005675,ACC0020242,BRW0002046,2026-05-01 14:36:13,DND,CRITICAL,RESOLVED,EMAIL,2026-05-15 14:36:13
COMPLAINT0005676,ACC0020572,BRW0007038,2026-07-13 13:33:16,DISPUTE,MEDIUM,RESOLVED,EMAIL,2026-07-28 13:33:16
COMPLAINT0005677,ACC0001463,BRW0006648,2026-07-04 22:23:47,DND,HIGH,OPEN,WHATSAPP,2026-07-14 22:23:47
COMPLAINT0005678,ACC0016918,BRW0006211,2026-01-01 17:49:00,HARASSMENT,HIGH,OPEN,SMS,2026-01-14 17:49:00
COMPLAINT0005679,ACC0024509,BRW0004043,2026-02-02 23:55:52,HARASSMENT,MEDIUM,INVESTIGATING,FIELD,2026-02-10 23:55:52
COMPLAINT0005680,ACC0013338,BRW0004710,2026-04-19 15:56:30,DND,HIGH,INVESTIGATING,FIELD,2026-04-29 15:56:30
COMPLAINT0005681,ACC0009668,BRW0000562,2026-03-13 10:16:33,DISPUTE,LOW,INVESTIGATING,FIELD,2026-03-23 10:16:33
COMPLAINT0005682,ACC0019811,BRW0009600,2026-02-20 14:51:22,WRONG_CONTACT,MEDIUM,CLOSED,SMS,2026-03-07 14:51:22
COMPLAINT0005683,ACC0003975,BRW0006001,2026-05-29 02:02:51,PAYMENT,CRITICAL,INVESTIGATING,EMAIL,2026-06-01 02:02:51
COMPLAINT0005684,ACC0019402,BRW0002882,2026-04-11 13:32:56,DISPUTE,CRITICAL,CLOSED,EMAIL,2026-04-21 13:32:56
COMPLAINT0005685,ACC0019700,BRW0011839,2026-02-08 20:57:56,AGENT_BEHAVIOUR,HIGH,OPEN,WHATSAPP,2026-02-27 20:57:56
COMPLAINT0005686,ACC0022300,BRW0001431,2026-03-18 17:39:46,PAYMENT,CRITICAL,CLOSED,CALL,2026-03-23 17:39:46
COMPLAINT0005687,ACC0028572,BRW0002792,2026-07-06 08:30:37,HARASSMENT,LOW,INVESTIGATING,SMS,2026-07-09 08:30:37
COMPLAINT0005688,ACC0007341,BRW0006473,2026-04-19 22:42:41,HARASSMENT,CRITICAL,OPEN,WHATSAPP,2026-04-24 22:42:41
COMPLAINT0005689,ACC0012567,BRW0000174,2026-02-28 23:05:37,PRIVACY,HIGH,INVESTIGATING,WHATSAPP,2026-03-17 23:05:37
COMPLAINT0005690,ACC0022426,BRW0008627,2026-06-11 02:18:06,PAYMENT,LOW,RESOLVED,WHATSAPP,2026-06-14 02:18:06
COMPLAINT0005691,ACC0024728,BRW0011389,2026-03-12 18:29:44,PRIVACY,CRITICAL,RESOLVED,WHATSAPP,2026-03-29 18:29:44
COMPLAINT0005692,ACC0024982,BRW0007058,2026-02-21 06:14:05,DISPUTE,MEDIUM,CLOSED,EMAIL,2026-03-01 06:14:05
COMPLAINT0005693,ACC0021373,BRW0005990,2026-04-15 05:50:13,DND,LOW,OPEN,SMS,2026-04-23 05:50:13
COMPLAINT0005694,ACC0022436,BRW0009054,2026-03-15 18:13:16,DND,CRITICAL,RESOLVED,EMAIL,2026-04-02 18:13:16
COMPLAINT0005695,ACC0016955,BRW0000934,2026-03-14 16:55:09,PAYMENT,MEDIUM,INVESTIGATING,CALL,2026-03-23 16:55:09
COMPLAINT0005696,ACC0026434,BRW0011096,2026-02-14 01:09:29,DISPUTE,HIGH,RESOLVED,CALL,2026-02-17 01:09:29
COMPLAINT0005697,ACC0013628,BRW0003227,2026-03-19 14:28:59,PAYMENT,LOW,INVESTIGATING,SMS,2026-04-07 14:28:59
COMPLAINT0005698,ACC0015244,BRW0005471,2026-02-15 19:36:00,DND,HIGH,OPEN,WHATSAPP,2026-02-22 19:36:00
COMPLAINT0005699,ACC0028052,BRW0005852,2026-05-12 11:08:32,DND,MEDIUM,OPEN,CALL,2026-05-24 11:08:32
COMPLAINT0005700,ACC0024137,BRW0004931,2026-01-27 14:54:29,WRONG_CONTACT,LOW,CLOSED,SMS,2026-02-14 14:54:29
COMPLAINT0005701,ACC0003746,BRW0010231,2026-07-28 23:14:56,HARASSMENT,HIGH,RESOLVED,FIELD,2026-08-02 23:14:56
COMPLAINT0005702,ACC0023282,BRW0009576,2026-07-05 22:39:42,DND,MEDIUM,INVESTIGATING,FIELD,2026-07-24 22:39:42
COMPLAINT0005703,ACC0020127,BRW0003715,2026-05-27 15:04:56,HARASSMENT,MEDIUM,RESOLVED,WHATSAPP,2026-06-11 15:04:56
COMPLAINT0005704,ACC0005038,BRW0004841,2026-02-19 21:14:45,AGENT_BEHAVIOUR,LOW,OPEN,CALL,2026-02-24 21:14:45
COMPLAINT0005705,ACC0010201,BRW0003335,2026-04-22 21:37:17,AGENT_BEHAVIOUR,CRITICAL,INVESTIGATING,WHATSAPP,2026-04-29 21:37:17
COMPLAINT0005706,ACC0022941,BRW0011966,2026-01-29 04:39:52,WRONG_CONTACT,CRITICAL,OPEN,EMAIL,2026-01-30 04:39:52
COMPLAINT0005707,ACC0015048,BRW0009312,2026-06-10 09:50:39,WRONG_CONTACT,LOW,RESOLVED,FIELD,2026-06-24 09:50:39
COMPLAINT0005708,ACC0001302,BRW0005507,2026-02-28 14:41:48,PAYMENT,HIGH,OPEN,FIELD,2026-03-09 14:41:48
COMPLAINT0005709,ACC0022155,BRW0004666,2026-07-09 20:50:08,HARASSMENT,HIGH,INVESTIGATING,FIELD,2026-07-22 20:50:08
COMPLAINT0005710,ACC0017032,BRW0008019,2026-04-01 17:59:00,PAYMENT,HIGH,RESOLVED,CALL,2026-04-19 17:59:00
COMPLAINT0005711,ACC0013814,BRW0011505,2026-02-03 16:12:19,AGENT_BEHAVIOUR,MEDIUM,CLOSED,FIELD,2026-02-09 16:12:19
COMPLAINT0005712,ACC0018824,BRW0002294,2026-03-05 07:44:49,HARASSMENT,MEDIUM,INVESTIGATING,FIELD,2026-03-11 07:44:49
COMPLAINT0005713,ACC0028884,BRW0005251,2026-01-15 05:34:03,HARASSMENT,HIGH,OPEN,WHATSAPP,2026-01-26 05:34:03
COMPLAINT0005714,ACC0005685,BRW0004621,2026-04-25 13:28:59,DND,MEDIUM,CLOSED,WHATSAPP,2026-05-08 13:28:59
COMPLAINT0005715,ACC0012449,BRW0001046,2026-03-15 10:14:38,PAYMENT,CRITICAL,OPEN,FIELD,2026-04-03 10:14:38
COMPLAINT0005716,ACC0018918,BRW0000631,2026-04-08 16:22:57,DND,LOW,RESOLVED,CALL,2026-04-23 16:22:57
COMPLAINT0005717,ACC0009154,BRW0000773,2026-07-08 15:05:58,WRONG_CONTACT,MEDIUM,OPEN,CALL,2026-07-23 15:05:58
COMPLAINT0005718,ACC0002532,BRW0006110,2026-03-30 02:18:21,PRIVACY,CRITICAL,OPEN,WHATSAPP,2026-04-12 02:18:21
COMPLAINT0005719,ACC0002440,BRW0011837,2026-06-17 09:51:51,HARASSMENT,MEDIUM,RESOLVED,WHATSAPP,2026-06-22 09:51:51
COMPLAINT0005720,ACC0023677,BRW0009455,2026-07-28 16:05:58,AGENT_BEHAVIOUR,HIGH,RESOLVED,CALL,2026-08-01 16:05:58
COMPLAINT0005721,ACC0018368,BRW0008703,2026-04-27 20:11:00,DND,MEDIUM,RESOLVED,CALL,2026-05-12 20:11:00
COMPLAINT0005722,ACC0009349,BRW0006099,2026-03-01 13:28:32,HARASSMENT,CRITICAL,RESOLVED,SMS,2026-03-17 13:28:32
COMPLAINT0005723,ACC0006561,BRW0009949,2026-05-12 11:20:06,WRONG_CONTACT,LOW,RESOLVED,SMS,2026-05-28 11:20:06
COMPLAINT0005724,ACC0026000,BRW0002708,2026-06-30 03:16:05,AGENT_BEHAVIOUR,CRITICAL,CLOSED,WHATSAPP,2026-07-16 03:16:05
COMPLAINT0005725,ACC0014716,BRW0002829,2026-01-07 20:15:33,DISPUTE,CRITICAL,RESOLVED,CALL,2026-01-21 20:15:33
COMPLAINT0005726,ACC0015428,BRW0007609,2026-02-10 07:59:27,HARASSMENT,CRITICAL,RESOLVED,EMAIL,2026-02-21 07:59:27
COMPLAINT0005727,ACC0022163,BRW0001355,2026-02-25 21:18:28,PRIVACY,MEDIUM,OPEN,FIELD,2026-03-03 21:18:28
COMPLAINT0005728,ACC0001807,BRW0003381,2026-07-10 10:52:01,DND,LOW,OPEN,FIELD,2026-07-15 10:52:01
COMPLAINT0005729,ACC0020597,BRW0007822,2026-01-22 17:12:31,PRIVACY,LOW,OPEN,CALL,2026-02-03 17:12:31
COMPLAINT0005730,ACC0020000,BRW0009842,2026-04-25 19:19:07,PAYMENT,LOW,CLOSED,WHATSAPP,2026-04-26 19:19:07
COMPLAINT0005731,ACC0019216,BRW0007015,2026-04-19 13:11:13,PRIVACY,MEDIUM,RESOLVED,WHATSAPP,2026-04-21 13:11:13
COMPLAINT0005732,ACC0007834,BRW0008654,2026-02-16 03:32:01,PRIVACY,LOW,RESOLVED,WHATSAPP,2026-02-27 03:32:01
COMPLAINT0005733,ACC0010076,BRW0000537,2026-03-11 13:56:13,PAYMENT,MEDIUM,CLOSED,EMAIL,2026-03-12 13:56:13
COMPLAINT0005734,ACC0011333,BRW0006759,2026-03-01 09:49:44,WRONG_CONTACT,LOW,CLOSED,CALL,2026-03-10 09:49:44
COMPLAINT0005735,ACC0012889,BRW0006710,2026-03-08 19:25:39,DND,HIGH,INVESTIGATING,SMS,2026-03-26 19:25:39
COMPLAINT0005736,ACC0027557,BRW0000709,2026-04-29 02:20:28,PAYMENT,HIGH,CLOSED,SMS,2026-05-15 02:20:28
COMPLAINT0005737,ACC0005706,BRW0000295,2026-06-05 08:23:51,PRIVACY,MEDIUM,INVESTIGATING,FIELD,2026-06-06 08:23:51
COMPLAINT0005738,ACC0002230,BRW0010787,2026-03-06 03:48:20,WRONG_CONTACT,LOW,CLOSED,FIELD,2026-03-23 03:48:20
COMPLAINT0005739,ACC0019538,BRW0011750,2026-06-01 12:06:22,PRIVACY,MEDIUM,RESOLVED,EMAIL,2026-06-14 12:06:22
COMPLAINT0005740,ACC0020143,BRW0009426,2026-01-15 06:03:08,PRIVACY,LOW,INVESTIGATING,EMAIL,2026-01-31 06:03:08
COMPLAINT0005741,ACC0029850,BRW0005761,2026-05-15 05:41:12,DND,CRITICAL,RESOLVED,WHATSAPP,2026-06-01 05:41:12
COMPLAINT0005742,ACC0021889,BRW0005901,2026-05-27 19:59:02,DISPUTE,MEDIUM,RESOLVED,CALL,2026-06-03 19:59:02
COMPLAINT0005743,ACC0028604,BRW0006523,2026-07-17 02:14:14,DISPUTE,HIGH,CLOSED,SMS,2026-08-03 02:14:14
COMPLAINT0005744,ACC0012637,BRW0005857,2026-08-04 18:30:16,PRIVACY,MEDIUM,RESOLVED,CALL,2026-08-16 18:30:16
COMPLAINT0005745,ACC0027419,BRW0010287,2026-02-03 23:06:27,DND,CRITICAL,OPEN,WHATSAPP,2026-02-17 23:06:27
COMPLAINT0005746,ACC0023803,BRW0002007,2026-01-05 04:15:54,WRONG_CONTACT,MEDIUM,OPEN,WHATSAPP,2026-01-18 04:15:54
COMPLAINT0005747,ACC0005364,BRW0010436,2026-04-11 01:22:10,AGENT_BEHAVIOUR,HIGH,INVESTIGATING,SMS,2026-04-12 01:22:10
COMPLAINT0005748,ACC0018520,BRW0004256,2026-05-07 14:35:06,DISPUTE,MEDIUM,RESOLVED,WHATSAPP,2026-05-16 14:35:06
COMPLAINT0005749,ACC0027191,BRW0009004,2026-07-01 23:28:51,PAYMENT,MEDIUM,INVESTIGATING,FIELD,2026-07-16 23:28:51
COMPLAINT0005750,ACC0027866,BRW0005028,2026-07-20 23:58:06,WRONG_CONTACT,CRITICAL,RESOLVED,CALL,2026-08-02 23:58:06
COMPLAINT0005751,ACC0015934,BRW0010850,2026-02-11 02:44:55,WRONG_CONTACT,MEDIUM,OPEN,WHATSAPP,2026-03-02 02:44:55
COMPLAINT0005752,ACC0006161,BRW0011700,2026-02-13 10:11:02,PAYMENT,HIGH,INVESTIGATING,FIELD,2026-03-04 10:11:02
COMPLAINT0005753,ACC0008184,BRW0011605,2026-07-11 00:39:37,PAYMENT,HIGH,OPEN,CALL,2026-07-16 00:39:37
COMPLAINT0005754,ACC0026944,BRW0007626,2026-01-01 19:47:03,AGENT_BEHAVIOUR,HIGH,OPEN,CALL,2026-01-10 19:47:03
COMPLAINT0005755,ACC0025017,BRW0001338,2026-04-22 08:16:12,HARASSMENT,LOW,INVESTIGATING,EMAIL,2026-05-01 08:16:12
COMPLAINT0005756,ACC0012889,BRW0007273,2026-03-09 03:51:34,DISPUTE,MEDIUM,OPEN,SMS,2026-03-27 03:51:34
COMPLAINT0005757,ACC0021102,BRW0006381,2026-02-27 16:25:00,HARASSMENT,CRITICAL,OPEN,CALL,2026-03-08 16:25:00
COMPLAINT0005758,ACC0028860,BRW0011518,2026-01-17 11:55:48,AGENT_BEHAVIOUR,HIGH,CLOSED,WHATSAPP,2026-02-05 11:55:48
COMPLAINT0005759,ACC0025820,BRW0004165,2026-02-15 04:39:32,AGENT_BEHAVIOUR,HIGH,RESOLVED,FIELD,2026-02-22 04:39:32
COMPLAINT0005760,ACC0006389,BRW0000109,2026-06-08 09:52:44,HARASSMENT,CRITICAL,RESOLVED,EMAIL,2026-06-20 09:52:44
COMPLAINT0005761,ACC0011895,BRW0007531,2026-03-03 05:43:14,AGENT_BEHAVIOUR,HIGH,OPEN,EMAIL,2026-03-06 05:43:14
COMPLAINT0005762,ACC0027966,BRW0011808,2026-01-28 19:09:52,PRIVACY,HIGH,RESOLVED,CALL,2026-02-13 19:09:52
COMPLAINT0005763,ACC0017432,BRW0005990,2026-02-21 17:53:27,DND,HIGH,RESOLVED,SMS,2026-02-25 17:53:27
COMPLAINT0005764,ACC0004822,BRW0005711,2026-07-17 05:46:18,PRIVACY,MEDIUM,OPEN,CALL,2026-08-03 05:46:18
COMPLAINT0005765,ACC0023713,BRW0001929,2026-06-13 01:00:47,DND,LOW,INVESTIGATING,WHATSAPP,2026-06-22 01:00:47
COMPLAINT0005766,ACC0018562,BRW0008038,2026-03-04 19:25:43,AGENT_BEHAVIOUR,MEDIUM,OPEN,WHATSAPP,2026-03-18 19:25:43
COMPLAINT0005767,ACC0016593,BRW0008050,2026-06-02 22:43:45,DND,LOW,RESOLVED,CALL,2026-06-13 22:43:45
COMPLAINT0005768,ACC0025025,BRW0000919,2026-03-09 01:51:25,AGENT_BEHAVIOUR,CRITICAL,CLOSED,FIELD,2026-03-25 01:51:25
COMPLAINT0005769,ACC0023975,BRW0007592,2026-01-15 21:51:06,AGENT_BEHAVIOUR,CRITICAL,RESOLVED,SMS,2026-01-16 21:51:06
COMPLAINT0005770,ACC0020308,BRW0004661,2026-07-01 20:13:43,PRIVACY,LOW,INVESTIGATING,EMAIL,2026-07-17 20:13:43
COMPLAINT0005771,ACC0005579,BRW0000738,2026-01-01 16:54:06,DND,MEDIUM,CLOSED,FIELD,2026-01-16 16:54:06
COMPLAINT0005772,ACC0025745,BRW0003202,2026-05-06 11:31:53,AGENT_BEHAVIOUR,MEDIUM,INVESTIGATING,CALL,2026-05-07 11:31:53
COMPLAINT0005773,ACC0012384,BRW0005467,2026-03-02 07:13:46,PAYMENT,LOW,OPEN,FIELD,2026-03-18 07:13:46
COMPLAINT0005774,ACC0023501,BRW0001459,2026-07-02 13:22:21,PAYMENT,HIGH,RESOLVED,CALL,2026-07-19 13:22:21
COMPLAINT0005775,ACC0027546,BRW0001594,2026-02-19 15:59:19,DND,HIGH,INVESTIGATING,WHATSAPP,2026-03-10 15:59:19
COMPLAINT0005776,ACC0012526,BRW0004648,2026-06-30 00:52:13,AGENT_BEHAVIOUR,HIGH,CLOSED,FIELD,2026-07-03 00:52:13
COMPLAINT0005777,ACC0004348,BRW0007602,2026-04-17 15:27:50,PAYMENT,LOW,CLOSED,EMAIL,2026-04-26 15:27:50
COMPLAINT0005778,ACC0014084,BRW0005307,2026-04-12 15:49:43,PRIVACY,MEDIUM,OPEN,SMS,2026-04-14 15:49:43
COMPLAINT0005779,ACC0016781,BRW0000516,2026-05-07 11:21:39,AGENT_BEHAVIOUR,HIGH,CLOSED,SMS,2026-05-09 11:21:39
COMPLAINT0005780,ACC0027102,BRW0002014,2026-06-23 15:20:39,AGENT_BEHAVIOUR,LOW,INVESTIGATING,EMAIL,2026-07-05 15:20:39
COMPLAINT0005781,ACC0019239,BRW0009987,2026-01-21 14:11:03,PAYMENT,LOW,CLOSED,CALL,2026-02-05 14:11:03
COMPLAINT0005782,ACC0008447,BRW0006128,2026-03-27 11:03:10,HARASSMENT,LOW,CLOSED,CALL,2026-04-08 11:03:10
COMPLAINT0005783,ACC0006540,BRW0010848,2026-07-21 19:19:10,PAYMENT,LOW,OPEN,EMAIL,2026-08-01 19:19:10
COMPLAINT0005784,ACC0017327,BRW0009160,2026-01-01 09:00:59,DND,CRITICAL,OPEN,CALL,2026-01-19 09:00:59
COMPLAINT0005785,ACC0023626,BRW0003206,2026-02-04 20:47:10,PAYMENT,CRITICAL,OPEN,EMAIL,2026-02-14 20:47:10
COMPLAINT0005786,ACC0024452,BRW0007334,2026-05-18 11:48:50,DISPUTE,LOW,CLOSED,EMAIL,2026-05-19 11:48:50
COMPLAINT0005787,ACC0017768,BRW0000475,2026-06-20 08:36:36,DND,HIGH,OPEN,FIELD,2026-06-30 08:36:36
COMPLAINT0005788,ACC0003322,BRW0001804,2026-03-10 10:01:17,AGENT_BEHAVIOUR,CRITICAL,INVESTIGATING,WHATSAPP,2026-03-12 10:01:17
COMPLAINT0005789,ACC0020631,BRW0002179,2026-03-10 15:24:32,PAYMENT,CRITICAL,OPEN,FIELD,2026-03-14 15:24:32
COMPLAINT0005790,ACC0029185,BRW0008047,2026-01-27 13:01:09,HARASSMENT,LOW,OPEN,WHATSAPP,2026-01-31 13:01:09
COMPLAINT0005791,ACC0007717,BRW0005294,2026-06-13 15:41:15,DND,HIGH,OPEN,CALL,2026-07-01 15:41:15
COMPLAINT0005792,ACC0012218,BRW0006885,2026-02-15 05:46:04,DISPUTE,MEDIUM,OPEN,SMS,2026-03-01 05:46:04
COMPLAINT0005793,ACC0001669,BRW0005302,2026-04-27 23:39:31,PRIVACY,HIGH,OPEN,FIELD,2026-05-01 23:39:31
COMPLAINT0005794,ACC0027333,BRW0009299,2026-02-14 12:49:10,WRONG_CONTACT,HIGH,INVESTIGATING,FIELD,2026-02-19 12:49:10
COMPLAINT0005795,ACC0024852,BRW0001338,2026-03-13 07:11:36,AGENT_BEHAVIOUR,MEDIUM,OPEN,EMAIL,2026-03-29 07:11:36
COMPLAINT0005796,ACC0015800,BRW0003313,2026-03-13 04:15:57,DISPUTE,HIGH,RESOLVED,WHATSAPP,2026-03-15 04:15:57
COMPLAINT0005797,ACC0022111,BRW0006264,2026-01-14 06:49:34,DND,CRITICAL,INVESTIGATING,WHATSAPP,2026-02-01 06:49:34
COMPLAINT0005798,ACC0028027,BRW0003326,2026-07-21 07:39:18,PAYMENT,LOW,OPEN,FIELD,2026-07-26 07:39:18
COMPLAINT0005799,ACC0025188,BRW0002077,2026-06-04 10:58:51,PRIVACY,LOW,RESOLVED,EMAIL,2026-06-07 10:58:51
COMPLAINT0005800,ACC0021423,BRW0010155,2026-06-14 15:03:57,AGENT_BEHAVIOUR,LOW,INVESTIGATING,SMS,2026-06-16 15:03:57
COMPLAINT0005801,ACC0028529,BRW0006458,2026-07-18 09:38:04,HARASSMENT,CRITICAL,INVESTIGATING,CALL,2026-07-30 09:38:04
COMPLAINT0005802,ACC0004984,BRW0008734,2026-08-03 17:37:11,AGENT_BEHAVIOUR,HIGH,RESOLVED,WHATSAPP,2026-08-15 17:37:11
COMPLAINT0005803,ACC0005210,BRW0000832,2026-03-16 07:14:13,PRIVACY,MEDIUM,OPEN,SMS,2026-03-20 07:14:13
COMPLAINT0005804,ACC0023480,BRW0004632,2026-05-24 21:45:49,PRIVACY,LOW,CLOSED,CALL,2026-06-10 21:45:49
COMPLAINT0005805,ACC0009781,BRW0002127,2026-05-03 10:35:54,HARASSMENT,MEDIUM,INVESTIGATING,EMAIL,2026-05-13 10:35:54
COMPLAINT0005806,ACC0024851,BRW0009034,2026-02-22 20:24:28,DND,CRITICAL,INVESTIGATING,CALL,2026-03-10 20:24:28
COMPLAINT0005807,ACC0004514,BRW0002426,2026-01-09 19:27:07,DISPUTE,LOW,OPEN,EMAIL,2026-01-22 19:27:07
COMPLAINT0005808,ACC0021330,BRW0001169,2026-05-08 04:17:04,WRONG_CONTACT,CRITICAL,OPEN,SMS,2026-05-25 04:17:04
COMPLAINT0005809,ACC0001559,BRW0006071,2026-05-26 05:31:45,DND,CRITICAL,OPEN,WHATSAPP,2026-06-14 05:31:45
COMPLAINT0005810,ACC0010059,BRW0006805,2026-03-09 10:08:26,AGENT_BEHAVIOUR,CRITICAL,INVESTIGATING,FIELD,2026-03-12 10:08:26
COMPLAINT0005811,ACC0004939,BRW0004133,2026-03-19 08:44:46,PAYMENT,MEDIUM,OPEN,SMS,2026-03-31 08:44:46
COMPLAINT0005812,ACC0012120,BRW0002319,2026-01-20 14:08:39,PRIVACY,HIGH,CLOSED,SMS,2026-02-06 14:08:39
COMPLAINT0005813,ACC0015018,BRW0000242,2026-06-29 19:56:26,HARASSMENT,MEDIUM,OPEN,CALL,2026-07-18 19:56:26
COMPLAINT0005814,ACC0010347,BRW0005035,2026-04-15 00:02:11,HARASSMENT,LOW,RESOLVED,SMS,2026-04-26 00:02:11
COMPLAINT0005815,ACC0026248,BRW0008300,2026-07-20 10:19:30,DND,CRITICAL,CLOSED,WHATSAPP,2026-07-28 10:19:30
COMPLAINT0005816,ACC0005438,BRW0000177,2026-04-25 05:17:24,AGENT_BEHAVIOUR,LOW,CLOSED,FIELD,2026-04-27 05:17:24
COMPLAINT0005817,ACC0013807,BRW0008516,2026-04-01 16:15:58,AGENT_BEHAVIOUR,MEDIUM,OPEN,CALL,2026-04-07 16:15:58
COMPLAINT0005818,ACC0009293,BRW0006201,2026-06-05 23:00:27,AGENT_BEHAVIOUR,LOW,INVESTIGATING,FIELD,2026-06-13 23:00:27
COMPLAINT0005819,ACC0004830,BRW0006121,2026-04-25 19:28:32,PAYMENT,CRITICAL,RESOLVED,EMAIL,2026-04-28 19:28:32
COMPLAINT0005820,ACC0003154,BRW0009039,2026-02-05 00:58:29,AGENT_BEHAVIOUR,MEDIUM,OPEN,SMS,2026-02-11 00:58:29
COMPLAINT0005821,ACC0027021,BRW0011205,2026-08-07 19:38:16,AGENT_BEHAVIOUR,MEDIUM,RESOLVED,CALL,2026-08-23 19:38:16
COMPLAINT0005822,ACC0001342,BRW0001493,2026-08-06 12:48:27,DISPUTE,CRITICAL,OPEN,WHATSAPP,2026-08-24 12:48:27
COMPLAINT0005823,ACC0013371,BRW0011639,2026-04-10 16:38:11,DISPUTE,HIGH,INVESTIGATING,WHATSAPP,2026-04-21 16:38:11
COMPLAINT0005824,ACC0000154,BRW0009583,2026-07-28 14:04:36,AGENT_BEHAVIOUR,HIGH,RESOLVED,FIELD,2026-08-10 14:04:36
COMPLAINT0005825,ACC0024134,BRW0000181,2026-07-08 13:04:29,PRIVACY,HIGH,OPEN,WHATSAPP,2026-07-25 13:04:29
COMPLAINT0005826,ACC0029743,BRW0008461,2026-05-01 20:21:18,PAYMENT,LOW,INVESTIGATING,FIELD,2026-05-06 20:21:18
COMPLAINT0005827,ACC0009456,BRW0005948,2026-04-20 04:41:52,AGENT_BEHAVIOUR,LOW,RESOLVED,CALL,2026-04-30 04:41:52
COMPLAINT0005828,ACC0000008,BRW0006431,2026-07-05 02:26:40,WRONG_CONTACT,CRITICAL,OPEN,SMS,2026-07-18 02:26:40
COMPLAINT0005829,ACC0027871,BRW0003625,2026-07-10 08:20:48,DISPUTE,HIGH,OPEN,WHATSAPP,2026-07-14 08:20:48
COMPLAINT0005830,ACC0005383,BRW0006588,2026-02-13 12:22:00,DND,MEDIUM,RESOLVED,WHATSAPP,2026-02-20 12:22:00
COMPLAINT0005831,ACC0016011,BRW0002361,2026-04-27 13:45:39,WRONG_CONTACT,HIGH,OPEN,FIELD,2026-05-09 13:45:39
COMPLAINT0005832,ACC0022194,BRW0007384,2026-01-19 20:52:49,DND,HIGH,INVESTIGATING,EMAIL,2026-02-01 20:52:49
COMPLAINT0005833,ACC0016935,BRW0000767,2026-01-22 17:08:54,PAYMENT,LOW,CLOSED,CALL,2026-02-09 17:08:54
COMPLAINT0005834,ACC0002974,BRW0004041,2026-07-26 23:34:31,WRONG_CONTACT,CRITICAL,RESOLVED,WHATSAPP,2026-08-02 23:34:31
COMPLAINT0005835,ACC0004004,BRW0011895,2026-05-15 22:01:51,DND,CRITICAL,RESOLVED,SMS,2026-05-18 22:01:51
COMPLAINT0005836,ACC0003578,BRW0011789,2026-05-07 03:03:09,AGENT_BEHAVIOUR,HIGH,RESOLVED,CALL,2026-05-24 03:03:09
COMPLAINT0005837,ACC0020199,BRW0003899,2026-01-16 21:41:07,PRIVACY,CRITICAL,OPEN,CALL,2026-01-27 21:41:07
COMPLAINT0005838,ACC0006537,BRW0006088,2026-03-26 23:49:07,PRIVACY,LOW,OPEN,FIELD,2026-04-05 23:49:07
COMPLAINT0005839,ACC0007406,BRW0001162,2026-08-08 07:11:33,DISPUTE,HIGH,CLOSED,CALL,2026-08-22 07:11:33
COMPLAINT0005840,ACC0028378,BRW0006758,2026-02-05 10:50:16,PRIVACY,MEDIUM,RESOLVED,SMS,2026-02-24 10:50:16
COMPLAINT0005841,ACC0012571,BRW0010636,2026-07-04 17:52:50,PAYMENT,MEDIUM,OPEN,FIELD,2026-07-16 17:52:50
COMPLAINT0005842,ACC0002308,BRW0008374,2026-07-18 12:20:58,HARASSMENT,MEDIUM,INVESTIGATING,FIELD,2026-07-31 12:20:58
COMPLAINT0005843,ACC0029897,BRW0002530,2026-05-03 13:15:13,DISPUTE,CRITICAL,CLOSED,SMS,2026-05-10 13:15:13
COMPLAINT0005844,ACC0025077,BRW0011464,2026-05-20 15:29:09,AGENT_BEHAVIOUR,MEDIUM,OPEN,EMAIL,2026-05-24 15:29:09
COMPLAINT0005845,ACC0015497,BRW0008999,2026-03-02 12:22:00,DISPUTE,MEDIUM,OPEN,WHATSAPP,2026-03-07 12:22:00
COMPLAINT0005846,ACC0010245,BRW0009362,2026-01-04 15:27:25,AGENT_BEHAVIOUR,CRITICAL,INVESTIGATING,FIELD,2026-01-06 15:27:25
COMPLAINT0005847,ACC0001284,BRW0008819,2026-01-07 01:41:50,WRONG_CONTACT,LOW,INVESTIGATING,CALL,2026-01-19 01:41:50
COMPLAINT0005848,ACC0021385,BRW0000414,2026-02-05 16:52:14,DISPUTE,HIGH,RESOLVED,EMAIL,2026-02-06 16:52:14
COMPLAINT0005849,ACC0003113,BRW0002253,2026-05-05 03:36:28,WRONG_CONTACT,LOW,RESOLVED,EMAIL,2026-05-07 03:36:28
COMPLAINT0005850,ACC0018948,BRW0005233,2026-05-29 14:37:37,DISPUTE,MEDIUM,INVESTIGATING,SMS,2026-06-13 14:37:37
COMPLAINT0005851,ACC0025934,BRW0008247,2026-06-28 15:33:20,WRONG_CONTACT,HIGH,OPEN,FIELD,2026-07-09 15:33:20
COMPLAINT0005852,ACC0029483,BRW0006858,2026-06-29 23:06:09,PRIVACY,MEDIUM,OPEN,CALL,2026-07-05 23:06:09
COMPLAINT0005853,ACC0010303,BRW0001201,2026-03-23 01:23:23,DND,LOW,RESOLVED,FIELD,2026-03-26 01:23:23
COMPLAINT0005854,ACC0018702,BRW0001968,2026-06-24 17:52:26,PAYMENT,MEDIUM,CLOSED,FIELD,2026-06-27 17:52:26
COMPLAINT0005855,ACC0004834,BRW0004369,2026-01-03 16:10:44,PRIVACY,HIGH,OPEN,WHATSAPP,2026-01-05 16:10:44
COMPLAINT0005856,ACC0021328,BRW0002793,2026-03-11 01:25:49,PRIVACY,CRITICAL,OPEN,WHATSAPP,2026-03-21 01:25:49
COMPLAINT0005857,ACC0012955,BRW0011839,2026-05-28 07:29:21,PRIVACY,LOW,INVESTIGATING,FIELD,2026-06-14 07:29:21
COMPLAINT0005858,ACC0008813,BRW0003717,2026-05-10 00:15:38,AGENT_BEHAVIOUR,MEDIUM,OPEN,CALL,2026-05-17 00:15:38
COMPLAINT0005859,ACC0003630,BRW0009987,2026-01-29 20:33:16,HARASSMENT,HIGH,RESOLVED,FIELD,2026-02-10 20:33:16
COMPLAINT0005860,ACC0005993,BRW0007027,2026-04-15 17:00:19,HARASSMENT,MEDIUM,INVESTIGATING,SMS,2026-04-28 17:00:19
COMPLAINT0005861,ACC0026813,BRW0001714,2026-06-10 04:43:21,PRIVACY,CRITICAL,CLOSED,CALL,2026-06-25 04:43:21
COMPLAINT0005862,ACC0023195,BRW0011889,2026-04-29 22:33:45,AGENT_BEHAVIOUR,HIGH,CLOSED,SMS,2026-04-30 22:33:45
COMPLAINT0005863,ACC0012628,BRW0002232,2026-03-31 15:53:33,HARASSMENT,HIGH,RESOLVED,EMAIL,2026-04-09 15:53:33
COMPLAINT0005864,ACC0021652,BRW0007078,2026-02-04 23:02:15,PAYMENT,CRITICAL,INVESTIGATING,FIELD,2026-02-21 23:02:15
COMPLAINT0005865,ACC0021713,BRW0002267,2026-05-04 18:46:36,HARASSMENT,LOW,OPEN,EMAIL,2026-05-13 18:46:36
COMPLAINT0005866,ACC0010192,BRW0003515,2026-02-12 23:58:40,PRIVACY,MEDIUM,OPEN,FIELD,2026-02-25 23:58:40
COMPLAINT0005867,ACC0026557,BRW0002989,2026-07-08 21:15:19,PAYMENT,MEDIUM,OPEN,FIELD,2026-07-25 21:15:19
COMPLAINT0005868,ACC0014394,BRW0002579,2026-02-23 07:09:33,AGENT_BEHAVIOUR,LOW,RESOLVED,WHATSAPP,2026-03-08 07:09:33
COMPLAINT0005869,ACC0008247,BRW0009874,2026-01-03 14:49:25,WRONG_CONTACT,CRITICAL,RESOLVED,SMS,2026-01-16 14:49:25
COMPLAINT0005870,ACC0000782,BRW0005615,2026-04-13 11:22:25,HARASSMENT,LOW,RESOLVED,CALL,2026-04-29 11:22:25
COMPLAINT0005871,ACC0008379,BRW0003643,2026-06-25 15:53:36,WRONG_CONTACT,CRITICAL,INVESTIGATING,SMS,2026-07-14 15:53:36
COMPLAINT0005872,ACC0014172,BRW0003328,2026-07-23 07:26:10,HARASSMENT,MEDIUM,INVESTIGATING,CALL,2026-08-07 07:26:10
COMPLAINT0005873,ACC0010310,BRW0003964,2026-02-20 06:22:47,PAYMENT,CRITICAL,RESOLVED,EMAIL,2026-03-11 06:22:47
COMPLAINT0005874,ACC0010058,BRW0011342,2026-04-08 20:14:05,WRONG_CONTACT,CRITICAL,CLOSED,CALL,2026-04-16 20:14:05
COMPLAINT0005875,ACC0026306,BRW0001971,2026-05-22 14:42:20,DISPUTE,LOW,OPEN,CALL,2026-05-30 14:42:20
COMPLAINT0005876,ACC0007235,BRW0001206,2026-07-18 22:27:00,DISPUTE,CRITICAL,OPEN,FIELD,2026-07-20 22:27:00
COMPLAINT0005877,ACC0029608,BRW0001296,2026-01-06 16:34:48,DISPUTE,MEDIUM,OPEN,FIELD,2026-01-20 16:34:48
COMPLAINT0005878,ACC0016113,BRW0003050,2026-03-02 21:51:09,AGENT_BEHAVIOUR,MEDIUM,OPEN,SMS,2026-03-19 21:51:09
COMPLAINT0005879,ACC0024501,BRW0002357,2026-05-27 17:50:59,HARASSMENT,CRITICAL,CLOSED,FIELD,2026-06-08 17:50:59
COMPLAINT0005880,ACC0017054,BRW0009431,2026-03-30 10:53:16,DND,CRITICAL,INVESTIGATING,WHATSAPP,2026-04-12 10:53:16
COMPLAINT0005881,ACC0011250,BRW0004209,2026-02-21 03:04:54,PAYMENT,LOW,INVESTIGATING,SMS,2026-03-02 03:04:54
COMPLAINT0005882,ACC0003274,BRW0011838,2026-04-18 19:54:30,DISPUTE,HIGH,CLOSED,WHATSAPP,2026-04-30 19:54:30
COMPLAINT0005883,ACC0012688,BRW0009244,2026-01-16 04:26:33,PAYMENT,CRITICAL,OPEN,FIELD,2026-01-27 04:26:33
COMPLAINT0005884,ACC0003901,BRW0007467,2026-06-07 03:31:08,PRIVACY,LOW,OPEN,SMS,2026-06-15 03:31:08
COMPLAINT0005885,ACC0013227,BRW0010152,2026-07-23 03:02:06,DND,HIGH,CLOSED,CALL,2026-07-31 03:02:06
COMPLAINT0005886,ACC0018665,BRW0001680,2026-06-09 20:55:11,PRIVACY,HIGH,RESOLVED,SMS,2026-06-23 20:55:11
COMPLAINT0005887,ACC0009886,BRW0006046,2026-03-29 06:36:47,HARASSMENT,LOW,CLOSED,CALL,2026-04-12 06:36:47
COMPLAINT0005888,ACC0024177,BRW0009720,2026-04-02 13:46:48,DND,CRITICAL,RESOLVED,EMAIL,2026-04-11 13:46:48
COMPLAINT0005889,ACC0007239,BRW0007468,2026-05-01 14:34:57,DND,CRITICAL,RESOLVED,SMS,2026-05-10 14:34:57
COMPLAINT0005890,ACC0010480,BRW0001784,2026-06-19 09:18:43,PRIVACY,MEDIUM,INVESTIGATING,EMAIL,2026-06-23 09:18:43
COMPLAINT0005891,ACC0004252,BRW0011752,2026-05-18 22:18:57,WRONG_CONTACT,CRITICAL,RESOLVED,FIELD,2026-05-19 22:18:57
COMPLAINT0005892,ACC0014207,BRW0000119,2026-02-10 12:44:40,DND,HIGH,OPEN,WHATSAPP,2026-02-15 12:44:40
COMPLAINT0005893,ACC0008375,BRW0000962,2026-05-05 20:55:00,DISPUTE,CRITICAL,INVESTIGATING,FIELD,2026-05-17 20:55:00
COMPLAINT0005894,ACC0008182,BRW0008350,2026-04-13 09:56:23,AGENT_BEHAVIOUR,HIGH,OPEN,WHATSAPP,2026-04-28 09:56:23
COMPLAINT0005895,ACC0013092,BRW0003674,2026-02-12 19:43:48,HARASSMENT,LOW,RESOLVED,SMS,2026-02-14 19:43:48
COMPLAINT0005896,ACC0009816,BRW0000744,2026-02-10 21:09:32,DND,MEDIUM,OPEN,WHATSAPP,2026-03-01 21:09:32
COMPLAINT0005897,ACC0021410,BRW0003756,2026-07-21 11:49:23,WRONG_CONTACT,HIGH,CLOSED,FIELD,2026-07-31 11:49:23
COMPLAINT0005898,ACC0010590,BRW0007754,2026-04-20 18:13:53,DND,LOW,INVESTIGATING,SMS,2026-05-05 18:13:53
COMPLAINT0005899,ACC0011582,BRW0010020,2026-05-31 19:00:11,HARASSMENT,CRITICAL,INVESTIGATING,CALL,2026-06-03 19:00:11
COMPLAINT0005900,ACC0021098,BRW0007809,2026-06-05 07:01:13,DISPUTE,MEDIUM,INVESTIGATING,SMS,2026-06-17 07:01:13
COMPLAINT0005901,ACC0009921,BRW0008237,2026-08-07 13:25:19,WRONG_CONTACT,HIGH,OPEN,CALL,2026-08-25 13:25:19
COMPLAINT0005902,ACC0002185,BRW0009483,2026-06-03 12:28:51,HARASSMENT,LOW,INVESTIGATING,EMAIL,2026-06-20 12:28:51
COMPLAINT0005903,ACC0000548,BRW0001018,2026-02-09 09:31:48,HARASSMENT,MEDIUM,INVESTIGATING,SMS,2026-02-11 09:31:48
COMPLAINT0005904,ACC0022023,BRW0009524,2026-03-13 03:57:19,DISPUTE,HIGH,OPEN,WHATSAPP,2026-03-16 03:57:19
COMPLAINT0005905,ACC0003814,BRW0007831,2026-07-29 14:39:42,WRONG_CONTACT,LOW,OPEN,CALL,2026-08-12 14:39:42
COMPLAINT0005906,ACC0004491,BRW0006689,2026-01-23 12:44:41,HARASSMENT,MEDIUM,RESOLVED,CALL,2026-02-06 12:44:41
COMPLAINT0005907,ACC0015375,BRW0011650,2026-03-21 08:33:07,AGENT_BEHAVIOUR,HIGH,INVESTIGATING,SMS,2026-04-06 08:33:07
COMPLAINT0005908,ACC0004465,BRW0000650,2026-08-01 22:57:15,PAYMENT,MEDIUM,CLOSED,WHATSAPP,2026-08-02 22:57:15
COMPLAINT0005909,ACC0018503,BRW0003508,2026-01-07 16:02:39,WRONG_CONTACT,HIGH,OPEN,FIELD,2026-01-24 16:02:39
COMPLAINT0005910,ACC0013059,BRW0008105,2026-06-25 04:43:20,PAYMENT,CRITICAL,RESOLVED,WHATSAPP,2026-07-04 04:43:20
COMPLAINT0005911,ACC0013661,BRW0003700,2026-07-14 03:02:41,AGENT_BEHAVIOUR,MEDIUM,OPEN,FIELD,2026-08-02 03:02:41
COMPLAINT0005912,ACC0009478,BRW0007173,2026-01-10 06:31:48,HARASSMENT,LOW,RESOLVED,FIELD,2026-01-26 06:31:48
COMPLAINT0005913,ACC0024607,BRW0004228,2026-03-16 03:52:15,WRONG_CONTACT,CRITICAL,CLOSED,CALL,2026-03-31 03:52:15
COMPLAINT0005914,ACC0005903,BRW0009912,2026-04-08 23:45:38,DND,HIGH,RESOLVED,EMAIL,2026-04-27 23:45:38
COMPLAINT0005915,ACC0023659,BRW0009177,2026-05-14 07:28:36,PAYMENT,MEDIUM,RESOLVED,WHATSAPP,2026-05-30 07:28:36
COMPLAINT0005916,ACC0029340,BRW0009030,2026-02-06 22:56:54,PRIVACY,LOW,CLOSED,EMAIL,2026-02-11 22:56:54
COMPLAINT0005917,ACC0007394,BRW0004381,2026-06-26 10:28:57,PRIVACY,MEDIUM,INVESTIGATING,SMS,2026-06-27 10:28:57
COMPLAINT0005918,ACC0015413,BRW0007779,2026-04-16 17:08:25,PAYMENT,CRITICAL,CLOSED,WHATSAPP,2026-04-22 17:08:25
COMPLAINT0005919,ACC0001833,BRW0000276,2026-05-05 00:46:14,DISPUTE,MEDIUM,INVESTIGATING,EMAIL,2026-05-11 00:46:14
COMPLAINT0005920,ACC0029743,BRW0010735,2026-06-21 15:32:16,WRONG_CONTACT,LOW,RESOLVED,CALL,2026-06-22 15:32:16
COMPLAINT0005921,ACC0026578,BRW0002626,2026-04-26 19:23:58,HARASSMENT,CRITICAL,OPEN,CALL,2026-04-28 19:23:58
COMPLAINT0005922,ACC0011007,BRW0006381,2026-01-14 19:57:30,HARASSMENT,LOW,INVESTIGATING,EMAIL,2026-01-22 19:57:30
COMPLAINT0005923,ACC0021287,BRW0006458,2026-02-07 03:30:57,HARASSMENT,CRITICAL,RESOLVED,FIELD,2026-02-08 03:30:57
COMPLAINT0005924,ACC0008681,BRW0003983,2026-07-23 05:02:56,HARASSMENT,CRITICAL,RESOLVED,SMS,2026-07-30 05:02:56
COMPLAINT0005925,ACC0019268,BRW0002636,2026-04-23 16:19:45,HARASSMENT,LOW,RESOLVED,FIELD,2026-04-28 16:19:45
COMPLAINT0005926,ACC0020670,BRW0010615,2026-03-25 01:41:48,WRONG_CONTACT,MEDIUM,OPEN,EMAIL,2026-04-04 01:41:48
COMPLAINT0005927,ACC0017465,BRW0001943,2026-05-22 21:56:49,HARASSMENT,MEDIUM,CLOSED,SMS,2026-06-07 21:56:49
COMPLAINT0005928,ACC0016579,BRW0008690,2026-01-07 14:17:44,DISPUTE,LOW,RESOLVED,WHATSAPP,2026-01-11 14:17:44
COMPLAINT0005929,ACC0013593,BRW0004636,2026-06-24 18:54:50,WRONG_CONTACT,LOW,RESOLVED,EMAIL,2026-06-27 18:54:50
COMPLAINT0005930,ACC0019792,BRW0006427,2026-04-11 17:49:27,HARASSMENT,CRITICAL,RESOLVED,SMS,2026-04-16 17:49:27
COMPLAINT0005931,ACC0010452,BRW0010553,2026-05-30 18:40:34,PAYMENT,HIGH,OPEN,SMS,2026-06-13 18:40:34
COMPLAINT0005932,ACC0023930,BRW0004424,2026-07-02 07:05:04,PRIVACY,CRITICAL,RESOLVED,CALL,2026-07-21 07:05:04
COMPLAINT0005933,ACC0001440,BRW0008089,2026-05-16 22:16:04,AGENT_BEHAVIOUR,MEDIUM,CLOSED,CALL,2026-06-02 22:16:04
COMPLAINT0005934,ACC0013540,BRW0000802,2026-03-29 16:11:08,WRONG_CONTACT,MEDIUM,RESOLVED,EMAIL,2026-03-30 16:11:08
COMPLAINT0005935,ACC0012821,BRW0003076,2026-01-20 02:19:07,DND,MEDIUM,OPEN,CALL,2026-02-04 02:19:07
COMPLAINT0005936,ACC0010876,BRW0004194,2026-01-04 00:01:11,PRIVACY,LOW,OPEN,FIELD,2026-01-15 00:01:11
COMPLAINT0005937,ACC0021859,BRW0003435,2026-03-29 08:55:27,PAYMENT,LOW,RESOLVED,FIELD,2026-04-01 08:55:27
COMPLAINT0005938,ACC0013577,BRW0008922,2026-03-18 04:36:59,DND,MEDIUM,RESOLVED,CALL,2026-03-30 04:36:59
COMPLAINT0005939,ACC0018379,BRW0002991,2026-04-28 04:36:42,AGENT_BEHAVIOUR,MEDIUM,CLOSED,EMAIL,2026-05-11 04:36:42
COMPLAINT0005940,ACC0008143,BRW0001494,2026-04-29 06:50:40,WRONG_CONTACT,LOW,INVESTIGATING,EMAIL,2026-05-06 06:50:40
COMPLAINT0005941,ACC0012510,BRW0003778,2026-07-31 07:03:22,PAYMENT,LOW,RESOLVED,CALL,2026-08-06 07:03:22
COMPLAINT0005942,ACC0024094,BRW0006899,2026-06-04 06:28:21,PAYMENT,HIGH,CLOSED,EMAIL,2026-06-08 06:28:21
COMPLAINT0005943,ACC0018845,BRW0002812,2026-06-20 08:17:09,PAYMENT,HIGH,OPEN,SMS,2026-06-28 08:17:09
COMPLAINT0005944,ACC0009691,BRW0007030,2026-03-18 17:56:49,HARASSMENT,LOW,RESOLVED,EMAIL,2026-03-26 17:56:49
COMPLAINT0005945,ACC0004736,BRW0002580,2026-06-21 13:14:55,AGENT_BEHAVIOUR,LOW,CLOSED,FIELD,2026-06-30 13:14:55
COMPLAINT0005946,ACC0022059,BRW0009291,2026-02-10 15:38:52,PRIVACY,LOW,RESOLVED,SMS,2026-02-25 15:38:52
COMPLAINT0005947,ACC0017285,BRW0000524,2026-07-18 09:23:48,AGENT_BEHAVIOUR,HIGH,CLOSED,FIELD,2026-07-26 09:23:48
COMPLAINT0005948,ACC0026064,BRW0005071,2026-08-01 06:35:17,PAYMENT,CRITICAL,RESOLVED,CALL,2026-08-10 06:35:17
COMPLAINT0005949,ACC0003211,BRW0010499,2026-03-25 07:44:25,WRONG_CONTACT,CRITICAL,OPEN,EMAIL,2026-04-01 07:44:25
COMPLAINT0005950,ACC0023289,BRW0008266,2026-05-21 00:15:42,AGENT_BEHAVIOUR,HIGH,OPEN,WHATSAPP,2026-05-26 00:15:42
COMPLAINT0005951,ACC0000765,BRW0005064,2026-01-10 00:07:37,DISPUTE,LOW,OPEN,WHATSAPP,2026-01-14 00:07:37
COMPLAINT0005952,ACC0015434,BRW0008217,2026-01-07 18:59:18,PRIVACY,MEDIUM,OPEN,FIELD,2026-01-10 18:59:18
COMPLAINT0005953,ACC0021199,BRW0008362,2026-07-15 23:43:51,PRIVACY,MEDIUM,RESOLVED,SMS,2026-07-24 23:43:51
COMPLAINT0005954,ACC0016291,BRW0004529,2026-06-10 23:15:32,DND,LOW,RESOLVED,SMS,2026-06-27 23:15:32
COMPLAINT0005955,ACC0003992,BRW0000011,2026-02-25 04:40:25,AGENT_BEHAVIOUR,MEDIUM,OPEN,SMS,2026-03-01 04:40:25
COMPLAINT0005956,ACC0022265,BRW0001269,2026-07-14 15:36:46,PRIVACY,LOW,INVESTIGATING,CALL,2026-07-18 15:36:46
COMPLAINT0005957,ACC0021740,BRW0011612,2026-08-02 03:14:29,HARASSMENT,HIGH,CLOSED,CALL,2026-08-14 03:14:29
COMPLAINT0005958,ACC0024890,BRW0009975,2026-04-05 10:20:49,HARASSMENT,HIGH,INVESTIGATING,SMS,2026-04-23 10:20:49
COMPLAINT0005959,ACC0017104,BRW0003657,2026-02-28 16:06:48,DISPUTE,LOW,INVESTIGATING,WHATSAPP,2026-03-04 16:06:48
COMPLAINT0005960,ACC0028311,BRW0007985,2026-06-18 13:06:32,HARASSMENT,HIGH,CLOSED,WHATSAPP,2026-07-05 13:06:32
COMPLAINT0005961,ACC0016003,BRW0007217,2026-01-16 19:41:42,DND,LOW,INVESTIGATING,WHATSAPP,2026-01-25 19:41:42
COMPLAINT0005962,ACC0017145,BRW0002815,2026-04-24 23:00:25,WRONG_CONTACT,HIGH,RESOLVED,SMS,2026-05-01 23:00:25
COMPLAINT0005963,ACC0023499,BRW0003203,2026-07-27 22:49:24,AGENT_BEHAVIOUR,HIGH,CLOSED,CALL,2026-07-28 22:49:24
COMPLAINT0005964,ACC0016593,BRW0009870,2026-06-11 04:32:20,DND,MEDIUM,INVESTIGATING,CALL,2026-06-29 04:32:20
COMPLAINT0005965,ACC0012029,BRW0011918,2026-04-19 14:41:32,DISPUTE,LOW,INVESTIGATING,CALL,2026-04-23 14:41:32
COMPLAINT0005966,ACC0005414,BRW0001588,2026-06-24 07:20:37,PRIVACY,CRITICAL,INVESTIGATING,EMAIL,2026-07-13 07:20:37
COMPLAINT0005967,ACC0006502,BRW0001962,2026-03-07 08:01:01,HARASSMENT,MEDIUM,CLOSED,CALL,2026-03-21 08:01:01
COMPLAINT0005968,ACC0003613,BRW0007142,2026-03-08 14:41:16,AGENT_BEHAVIOUR,CRITICAL,INVESTIGATING,CALL,2026-03-18 14:41:16
COMPLAINT0005969,ACC0013688,BRW0006394,2026-06-30 22:45:47,PRIVACY,CRITICAL,INVESTIGATING,SMS,2026-07-04 22:45:47
COMPLAINT0005970,ACC0008930,BRW0006050,2026-07-31 21:56:04,AGENT_BEHAVIOUR,HIGH,INVESTIGATING,CALL,2026-08-17 21:56:04
COMPLAINT0005971,ACC0024176,BRW0002596,2026-07-11 22:12:15,AGENT_BEHAVIOUR,MEDIUM,RESOLVED,SMS,2026-07-18 22:12:15
COMPLAINT0005972,ACC0002338,BRW0008816,2026-04-24 09:03:24,DISPUTE,MEDIUM,INVESTIGATING,FIELD,2026-05-02 09:03:24
COMPLAINT0005973,ACC0010110,BRW0005832,2026-07-12 05:38:39,PAYMENT,MEDIUM,RESOLVED,WHATSAPP,2026-07-27 05:38:39
COMPLAINT0005974,ACC0002761,BRW0001271,2026-06-20 04:37:14,DND,LOW,OPEN,SMS,2026-07-01 04:37:14
COMPLAINT0005975,ACC0018145,BRW0010510,2026-04-25 10:57:38,DND,LOW,CLOSED,CALL,2026-04-27 10:57:38
COMPLAINT0005976,ACC0014093,BRW0002736,2026-02-10 16:58:59,DISPUTE,HIGH,OPEN,EMAIL,2026-02-15 16:58:59
COMPLAINT0005977,ACC0000953,BRW0009613,2026-03-15 23:48:41,DND,MEDIUM,CLOSED,SMS,2026-03-26 23:48:41
COMPLAINT0005978,ACC0018117,BRW0006962,2026-03-01 17:53:40,PAYMENT,CRITICAL,INVESTIGATING,FIELD,2026-03-03 17:53:40
COMPLAINT0005979,ACC0000831,BRW0010107,2026-04-16 11:17:46,WRONG_CONTACT,CRITICAL,OPEN,CALL,2026-04-26 11:17:46
COMPLAINT0005980,ACC0000145,BRW0010148,2026-06-12 18:33:04,AGENT_BEHAVIOUR,MEDIUM,INVESTIGATING,CALL,2026-06-30 18:33:04
COMPLAINT0005981,ACC0015106,BRW0005686,2026-03-10 04:49:04,PAYMENT,LOW,CLOSED,FIELD,2026-03-26 04:49:04
COMPLAINT0005982,ACC0021881,BRW0002891,2026-02-02 23:08:32,AGENT_BEHAVIOUR,CRITICAL,INVESTIGATING,SMS,2026-02-08 23:08:32
COMPLAINT0005983,ACC0029646,BRW0000182,2026-03-08 01:35:22,DISPUTE,MEDIUM,INVESTIGATING,EMAIL,2026-03-20 01:35:22
COMPLAINT0005984,ACC0019037,BRW0011065,2026-06-14 06:05:07,PAYMENT,MEDIUM,RESOLVED,WHATSAPP,2026-06-27 06:05:07
COMPLAINT0005985,ACC0011336,BRW0001663,2026-04-23 00:06:21,PRIVACY,LOW,INVESTIGATING,CALL,2026-04-25 00:06:21
COMPLAINT0005986,ACC0002526,BRW0011445,2026-04-20 04:08:54,PAYMENT,CRITICAL,INVESTIGATING,CALL,2026-05-05 04:08:54
COMPLAINT0005987,ACC0014051,BRW0011549,2026-03-19 19:44:32,DISPUTE,LOW,CLOSED,CALL,2026-03-20 19:44:32
COMPLAINT0005988,ACC0005268,BRW0009181,2026-08-04 03:52:53,WRONG_CONTACT,MEDIUM,OPEN,SMS,2026-08-07 03:52:53
COMPLAINT0005989,ACC0005096,BRW0004138,2026-03-19 16:12:34,DND,HIGH,CLOSED,FIELD,2026-04-07 16:12:34
COMPLAINT0005990,ACC0016697,BRW0007629,2026-03-16 13:50:16,PAYMENT,MEDIUM,INVESTIGATING,WHATSAPP,2026-04-01 13:50:16
COMPLAINT0005991,ACC0018060,BRW0002338,2026-07-22 15:36:09,DND,MEDIUM,OPEN,CALL,2026-08-06 15:36:09
COMPLAINT0005992,ACC0012471,BRW0006619,2026-01-23 13:18:11,AGENT_BEHAVIOUR,MEDIUM,INVESTIGATING,SMS,2026-02-01 13:18:11
COMPLAINT0005993,ACC0005147,BRW0002621,2026-07-28 17:41:44,PRIVACY,MEDIUM,CLOSED,WHATSAPP,2026-08-11 17:41:44
COMPLAINT0005994,ACC0012307,BRW0009032,2026-07-19 18:18:50,AGENT_BEHAVIOUR,CRITICAL,OPEN,EMAIL,2026-07-26 18:18:50
COMPLAINT0005995,ACC0011666,BRW0003748,2026-01-26 09:52:19,WRONG_CONTACT,MEDIUM,OPEN,SMS,2026-02-09 09:52:19
COMPLAINT0005996,ACC0009441,BRW0001187,2026-04-27 09:13:02,DND,HIGH,OPEN,FIELD,2026-05-05 09:13:02
COMPLAINT0005997,ACC0009824,BRW0002509,2026-02-09 23:29:40,AGENT_BEHAVIOUR,HIGH,CLOSED,EMAIL,2026-02-18 23:29:40
COMPLAINT0005998,ACC0010592,BRW0007332,2026-02-04 18:04:36,DND,CRITICAL,INVESTIGATING,FIELD,2026-02-17 18:04:36
COMPLAINT0005999,ACC0012198,BRW0004237,2026-02-21 02:58:17,PAYMENT,MEDIUM,RESOLVED,FIELD,2026-03-09 02:58:17
COMPLAINT0006000,ACC0019375,BRW0006641,2026-03-27 04:04:13,DISPUTE,CRITICAL,INVESTIGATING,CALL,2026-04-15 04:04:13
COMPLAINT0006001,ACC0015315,BRW0005918,2026-01-10 07:12:40,PAYMENT,HIGH,CLOSED,FIELD,2026-01-12 07:12:40
COMPLAINT0006002,ACC0027790,BRW0002638,2026-06-14 05:52:54,HARASSMENT,LOW,CLOSED,EMAIL,2026-06-21 05:52:54
COMPLAINT0006003,ACC0029255,BRW0005191,2026-06-18 11:12:59,WRONG_CONTACT,MEDIUM,CLOSED,SMS,2026-06-24 11:12:59
COMPLAINT0006004,ACC0027478,BRW0007375,2026-06-03 11:33:50,DND,HIGH,RESOLVED,SMS,2026-06-11 11:33:50
COMPLAINT0006005,ACC0012031,BRW0006785,2026-01-30 00:22:51,HARASSMENT,CRITICAL,RESOLVED,CALL,2026-02-14 00:22:51
COMPLAINT0006006,ACC0007126,BRW0006315,2026-02-10 22:05:32,PAYMENT,CRITICAL,OPEN,EMAIL,2026-02-26 22:05:32
COMPLAINT0006007,ACC0005424,BRW0002005,2026-05-27 12:32:12,HARASSMENT,LOW,INVESTIGATING,SMS,2026-06-01 12:32:12
COMPLAINT0006008,ACC0008200,BRW0000646,2026-07-20 11:45:18,DISPUTE,MEDIUM,INVESTIGATING,SMS,2026-08-01 11:45:18
COMPLAINT0006009,ACC0009195,BRW0010494,2026-07-31 04:56:11,PRIVACY,MEDIUM,INVESTIGATING,WHATSAPP,2026-08-12 04:56:11
COMPLAINT0006010,ACC0015507,BRW0000426,2026-02-03 02:33:34,HARASSMENT,LOW,INVESTIGATING,WHATSAPP,2026-02-13 02:33:34
COMPLAINT0006011,ACC0024510,BRW0004661,2026-04-26 13:01:51,DND,MEDIUM,INVESTIGATING,SMS,2026-05-02 13:01:51
COMPLAINT0006012,ACC0008276,BRW0009935,2026-08-02 07:58:48,DISPUTE,LOW,RESOLVED,EMAIL,2026-08-19 07:58:48
COMPLAINT0006013,ACC0028092,BRW0008149,2026-03-06 03:06:51,PRIVACY,MEDIUM,INVESTIGATING,CALL,2026-03-10 03:06:51
COMPLAINT0006014,ACC0004001,BRW0005079,2026-01-26 13:38:41,AGENT_BEHAVIOUR,LOW,CLOSED,CALL,2026-01-28 13:38:41
COMPLAINT0006015,ACC0010408,BRW0002466,2026-06-18 21:35:48,HARASSMENT,MEDIUM,INVESTIGATING,FIELD,2026-07-04 21:35:48
COMPLAINT0006016,ACC0010786,BRW0003203,2026-08-05 11:46:49,WRONG_CONTACT,CRITICAL,OPEN,FIELD,2026-08-22 11:46:49
COMPLAINT0006017,ACC0014843,BRW0003526,2026-01-10 02:08:36,DISPUTE,MEDIUM,INVESTIGATING,EMAIL,2026-01-18 02:08:36
COMPLAINT0006018,ACC0004777,BRW0000808,2026-02-12 09:44:04,DISPUTE,LOW,INVESTIGATING,WHATSAPP,2026-02-14 09:44:04
COMPLAINT0006019,ACC0014952,BRW0008925,2026-06-06 18:49:18,PRIVACY,LOW,INVESTIGATING,CALL,2026-06-16 18:49:18
COMPLAINT0006020,ACC0029478,BRW0004804,2026-03-02 23:25:32,WRONG_CONTACT,LOW,OPEN,EMAIL,2026-03-08 23:25:32
COMPLAINT0006021,ACC0029589,BRW0005049,2026-04-14 21:25:34,DISPUTE,MEDIUM,CLOSED,CALL,2026-04-18 21:25:34
COMPLAINT0006022,ACC0025396,BRW0007234,2026-07-15 07:47:24,AGENT_BEHAVIOUR,HIGH,RESOLVED,WHATSAPP,2026-07-25 07:47:24
COMPLAINT0006023,ACC0018078,BRW0008348,2026-06-23 00:38:46,DND,LOW,RESOLVED,WHATSAPP,2026-06-25 00:38:46
COMPLAINT0006024,ACC0016672,BRW0011415,2026-02-26 16:48:33,PRIVACY,MEDIUM,CLOSED,SMS,2026-03-13 16:48:33
COMPLAINT0006025,ACC0024998,BRW0008682,2026-05-11 21:00:24,WRONG_CONTACT,LOW,OPEN,WHATSAPP,2026-05-16 21:00:24
COMPLAINT0006026,ACC0022876,BRW0007294,2026-04-13 02:28:50,DISPUTE,CRITICAL,RESOLVED,FIELD,2026-04-14 02:28:50
COMPLAINT0006027,ACC0017622,BRW0002105,2026-06-29 23:39:35,AGENT_BEHAVIOUR,CRITICAL,CLOSED,WHATSAPP,2026-07-09 23:39:35
COMPLAINT0006028,ACC0016544,BRW0007369,2026-02-06 17:52:39,PAYMENT,HIGH,OPEN,FIELD,2026-02-09 17:52:39
COMPLAINT0006029,ACC0015624,BRW0005802,2026-01-21 14:42:36,PRIVACY,MEDIUM,OPEN,FIELD,2026-02-05 14:42:36
COMPLAINT0006030,ACC0028318,BRW0010793,2026-02-24 04:57:44,AGENT_BEHAVIOUR,HIGH,INVESTIGATING,CALL,2026-03-05 04:57:44
COMPLAINT0006031,ACC0027515,BRW0002607,2026-03-08 22:42:54,WRONG_CONTACT,HIGH,CLOSED,EMAIL,2026-03-13 22:42:54
COMPLAINT0006032,ACC0016717,BRW0010989,2026-03-01 08:26:05,PRIVACY,LOW,OPEN,SMS,2026-03-13 08:26:05
COMPLAINT0006033,ACC0023289,BRW0009455,2026-03-27 09:46:27,PRIVACY,CRITICAL,RESOLVED,SMS,2026-04-01 09:46:27
COMPLAINT0006034,ACC0013283,BRW0006113,2026-03-21 20:42:22,HARASSMENT,MEDIUM,OPEN,FIELD,2026-03-30 20:42:22
COMPLAINT0006035,ACC0012861,BRW0000977,2026-05-14 17:00:31,DISPUTE,HIGH,RESOLVED,EMAIL,2026-05-25 17:00:31
COMPLAINT0006036,ACC0020783,BRW0000273,2026-05-06 23:34:46,HARASSMENT,MEDIUM,INVESTIGATING,SMS,2026-05-24 23:34:46
COMPLAINT0006037,ACC0015054,BRW0004146,2026-01-10 08:20:25,PRIVACY,HIGH,RESOLVED,WHATSAPP,2026-01-19 08:20:25
COMPLAINT0006038,ACC0022077,BRW0002676,2026-03-29 11:34:38,PRIVACY,MEDIUM,INVESTIGATING,EMAIL,2026-04-06 11:34:38
COMPLAINT0006039,ACC0016264,BRW0006224,2026-01-09 13:40:05,PRIVACY,MEDIUM,INVESTIGATING,EMAIL,2026-01-14 13:40:05
COMPLAINT0006040,ACC0017909,BRW0006516,2026-02-24 17:58:26,DISPUTE,CRITICAL,CLOSED,EMAIL,2026-03-13 17:58:26
COMPLAINT0006041,ACC0019917,BRW0007441,2026-06-12 02:51:01,PAYMENT,LOW,CLOSED,EMAIL,2026-06-14 02:51:01
COMPLAINT0006042,ACC0014224,BRW0006192,2026-01-23 13:32:44,PRIVACY,LOW,CLOSED,SMS,2026-02-10 13:32:44
COMPLAINT0006043,ACC0006605,BRW0002609,2026-02-10 12:13:33,AGENT_BEHAVIOUR,HIGH,OPEN,EMAIL,2026-02-19 12:13:33
COMPLAINT0006044,ACC0019270,BRW0004881,2026-05-15 04:28:24,PRIVACY,LOW,RESOLVED,EMAIL,2026-05-24 04:28:24
COMPLAINT0006045,ACC0008357,BRW0009000,2026-07-31 16:34:28,PRIVACY,HIGH,OPEN,SMS,2026-08-14 16:34:28
COMPLAINT0006046,ACC0027363,BRW0004351,2026-04-09 01:50:45,DISPUTE,LOW,CLOSED,EMAIL,2026-04-14 01:50:45
COMPLAINT0006047,ACC0005842,BRW0010343,2026-04-21 21:33:53,DND,CRITICAL,OPEN,FIELD,2026-05-09 21:33:53
COMPLAINT0006048,ACC0019015,BRW0010461,2026-08-02 18:38:53,PRIVACY,HIGH,RESOLVED,FIELD,2026-08-15 18:38:53
COMPLAINT0006049,ACC0009301,BRW0003694,2026-07-16 13:43:06,DISPUTE,LOW,CLOSED,SMS,2026-07-24 13:43:06
COMPLAINT0006050,ACC0003136,BRW0010172,2026-05-05 06:21:34,AGENT_BEHAVIOUR,HIGH,RESOLVED,FIELD,2026-05-06 06:21:34
COMPLAINT0006051,ACC0000202,BRW0000266,2026-06-09 21:45:36,PRIVACY,CRITICAL,CLOSED,FIELD,2026-06-13 21:45:36
COMPLAINT0006052,ACC0007761,BRW0006789,2026-06-01 06:57:43,WRONG_CONTACT,CRITICAL,INVESTIGATING,WHATSAPP,2026-06-17 06:57:43
COMPLAINT0006053,ACC0013386,BRW0010901,2026-04-23 03:46:20,HARASSMENT,HIGH,CLOSED,SMS,2026-05-04 03:46:20
COMPLAINT0006054,ACC0011670,BRW0003694,2026-06-20 19:22:00,WRONG_CONTACT,MEDIUM,OPEN,WHATSAPP,2026-06-21 19:22:00
COMPLAINT0006055,ACC0023446,BRW0007234,2026-05-12 23:14:53,DND,HIGH,INVESTIGATING,WHATSAPP,2026-05-31 23:14:53
COMPLAINT0006056,ACC0001979,BRW0009370,2026-02-22 03:42:46,PAYMENT,MEDIUM,RESOLVED,CALL,2026-02-26 03:42:46
COMPLAINT0006057,ACC0016843,BRW0004552,2026-01-16 02:34:16,AGENT_BEHAVIOUR,HIGH,RESOLVED,SMS,2026-01-30 02:34:16
COMPLAINT0006058,ACC0019080,BRW0003522,2026-03-22 08:29:16,HARASSMENT,MEDIUM,RESOLVED,EMAIL,2026-03-29 08:29:16
COMPLAINT0006059,ACC0007446,BRW0000444,2026-01-09 15:08:29,HARASSMENT,CRITICAL,OPEN,FIELD,2026-01-20 15:08:29
COMPLAINT0006060,ACC0010802,BRW0011457,2026-02-12 00:05:35,DND,LOW,OPEN,CALL,2026-02-28 00:05:35
COMPLAINT0006061,ACC0020340,BRW0000708,2026-05-21 13:11:52,PRIVACY,HIGH,OPEN,FIELD,2026-05-24 13:11:52
COMPLAINT0006062,ACC0011051,BRW0005539,2026-02-15 05:13:56,HARASSMENT,LOW,RESOLVED,EMAIL,2026-02-26 05:13:56
COMPLAINT0006063,ACC0003017,BRW0010887,2026-05-29 20:10:39,WRONG_CONTACT,MEDIUM,INVESTIGATING,WHATSAPP,2026-06-15 20:10:39
COMPLAINT0006064,ACC0017981,BRW0010661,2026-06-07 04:34:52,DND,MEDIUM,RESOLVED,WHATSAPP,2026-06-11 04:34:52
COMPLAINT0006065,ACC0021435,BRW0011088,2026-07-14 09:27:35,DND,CRITICAL,CLOSED,WHATSAPP,2026-08-02 09:27:35
COMPLAINT0006066,ACC0003551,BRW0003936,2026-01-23 03:42:01,HARASSMENT,HIGH,RESOLVED,FIELD,2026-02-04 03:42:01
COMPLAINT0006067,ACC0019685,BRW0001961,2026-06-12 19:59:22,DND,MEDIUM,INVESTIGATING,FIELD,2026-06-15 19:59:22
COMPLAINT0006068,ACC0022359,BRW0011033,2026-07-14 20:58:36,HARASSMENT,CRITICAL,CLOSED,SMS,2026-07-27 20:58:36
COMPLAINT0006069,ACC0014983,BRW0010170,2026-03-26 05:54:03,PRIVACY,HIGH,CLOSED,WHATSAPP,2026-03-28 05:54:03
COMPLAINT0006070,ACC0007831,BRW0008687,2026-03-15 15:09:18,DISPUTE,CRITICAL,OPEN,EMAIL,2026-03-22 15:09:18
COMPLAINT0006071,ACC0001283,BRW0008258,2026-06-17 02:45:54,HARASSMENT,HIGH,CLOSED,EMAIL,2026-06-23 02:45:54
COMPLAINT0006072,ACC0017201,BRW0004119,2026-06-14 04:04:09,DISPUTE,HIGH,OPEN,SMS,2026-06-20 04:04:09
COMPLAINT0006073,ACC0021342,BRW0011716,2026-05-14 09:43:27,DISPUTE,LOW,CLOSED,WHATSAPP,2026-06-02 09:43:27
COMPLAINT0006074,ACC0003408,BRW0000151,2026-01-04 15:09:56,AGENT_BEHAVIOUR,MEDIUM,INVESTIGATING,FIELD,2026-01-20 15:09:56
COMPLAINT0006075,ACC0006340,BRW0000011,2026-08-06 22:12:06,PRIVACY,CRITICAL,OPEN,FIELD,2026-08-10 22:12:06
COMPLAINT0006076,ACC0013533,BRW0010071,2026-07-27 17:05:05,WRONG_CONTACT,LOW,RESOLVED,WHATSAPP,2026-08-03 17:05:05
COMPLAINT0006077,ACC0026724,BRW0005622,2026-01-15 22:39:49,PAYMENT,HIGH,RESOLVED,WHATSAPP,2026-01-18 22:39:49
COMPLAINT0006078,ACC0022313,BRW0006477,2026-04-15 20:03:39,PAYMENT,LOW,OPEN,CALL,2026-04-29 20:03:39
COMPLAINT0006079,ACC0006063,BRW0005059,2026-05-05 02:10:36,AGENT_BEHAVIOUR,HIGH,INVESTIGATING,WHATSAPP,2026-05-13 02:10:36
COMPLAINT0006080,ACC0008679,BRW0004167,2026-06-19 01:03:51,DND,CRITICAL,INVESTIGATING,CALL,2026-06-25 01:03:51
COMPLAINT0006081,ACC0001547,BRW0001590,2026-04-04 21:56:56,HARASSMENT,MEDIUM,RESOLVED,SMS,2026-04-14 21:56:56
COMPLAINT0006082,ACC0017053,BRW0004042,2026-01-19 21:41:08,DND,HIGH,CLOSED,FIELD,2026-01-24 21:41:08
COMPLAINT0006083,ACC0012195,BRW0011919,2026-06-19 22:09:19,DISPUTE,MEDIUM,RESOLVED,CALL,2026-06-26 22:09:19
COMPLAINT0006084,ACC0018579,BRW0001819,2026-07-08 10:28:27,PRIVACY,HIGH,INVESTIGATING,WHATSAPP,2026-07-22 10:28:27
COMPLAINT0006085,ACC0019686,BRW0006516,2026-02-28 12:29:47,PRIVACY,LOW,INVESTIGATING,SMS,2026-03-01 12:29:47
COMPLAINT0006086,ACC0026235,BRW0010441,2026-04-06 15:22:55,DND,HIGH,INVESTIGATING,FIELD,2026-04-20 15:22:55
COMPLAINT0006087,ACC0002562,BRW0006477,2026-05-23 16:38:55,AGENT_BEHAVIOUR,CRITICAL,OPEN,SMS,2026-05-24 16:38:55
COMPLAINT0006088,ACC0015643,BRW0005342,2026-06-19 11:28:37,DISPUTE,CRITICAL,INVESTIGATING,CALL,2026-07-05 11:28:37
COMPLAINT0006089,ACC0000695,BRW0007820,2026-04-03 04:07:43,PRIVACY,CRITICAL,INVESTIGATING,WHATSAPP,2026-04-18 04:07:43
COMPLAINT0006090,ACC0017216,BRW0011898,2026-05-09 03:48:29,DND,MEDIUM,RESOLVED,EMAIL,2026-05-17 03:48:29
COMPLAINT0006091,ACC0015651,BRW0001207,2026-01-01 06:33:09,DISPUTE,LOW,CLOSED,FIELD,2026-01-13 06:33:09
COMPLAINT0006092,ACC0029839,BRW0010387,2026-02-11 20:45:38,AGENT_BEHAVIOUR,HIGH,RESOLVED,WHATSAPP,2026-02-21 20:45:38
COMPLAINT0006093,ACC0013601,BRW0005175,2026-06-16 16:50:10,DND,MEDIUM,CLOSED,SMS,2026-06-28 16:50:10
COMPLAINT0006094,ACC0015278,BRW0011669,2026-04-14 11:44:06,AGENT_BEHAVIOUR,CRITICAL,RESOLVED,EMAIL,2026-04-27 11:44:06
COMPLAINT0006095,ACC0015596,BRW0000247,2026-01-15 14:00:02,PRIVACY,CRITICAL,CLOSED,FIELD,2026-01-30 14:00:02
COMPLAINT0006096,ACC0010658,BRW0004362,2026-04-08 00:01:05,PAYMENT,MEDIUM,CLOSED,SMS,2026-04-19 00:01:05
COMPLAINT0006097,ACC0007052,BRW0006804,2026-02-07 16:02:25,DISPUTE,HIGH,RESOLVED,FIELD,2026-02-12 16:02:25
COMPLAINT0006098,ACC0019726,BRW0000536,2026-06-15 20:41:30,HARASSMENT,HIGH,RESOLVED,FIELD,2026-06-23 20:41:30
COMPLAINT0006099,ACC0013195,BRW0007199,2026-01-14 18:36:12,PAYMENT,CRITICAL,CLOSED,EMAIL,2026-01-21 18:36:12
COMPLAINT0006100,ACC0002724,BRW0009219,2026-04-29 10:46:10,PAYMENT,LOW,INVESTIGATING,CALL,2026-05-09 10:46:10
COMPLAINT0006101,ACC0024775,BRW0001277,2026-06-27 07:48:04,DND,MEDIUM,RESOLVED,FIELD,2026-07-09 07:48:04
COMPLAINT0006102,ACC0021280,BRW0002380,2026-03-11 09:45:48,DISPUTE,CRITICAL,INVESTIGATING,CALL,2026-03-22 09:45:48
COMPLAINT0006103,ACC0011153,BRW0006313,2026-07-13 03:53:45,DND,LOW,OPEN,SMS,2026-07-27 03:53:45
COMPLAINT0006104,ACC0000045,BRW0005975,2026-08-05 19:25:04,WRONG_CONTACT,MEDIUM,OPEN,CALL,2026-08-13 19:25:04
COMPLAINT0006105,ACC0011802,BRW0004054,2026-06-27 15:43:11,HARASSMENT,HIGH,RESOLVED,CALL,2026-06-29 15:43:11
COMPLAINT0006106,ACC0008002,BRW0010644,2026-03-18 09:46:41,PAYMENT,MEDIUM,OPEN,CALL,2026-03-19 09:46:41
COMPLAINT0006107,ACC0010492,BRW0002692,2026-02-21 21:52:08,HARASSMENT,CRITICAL,RESOLVED,WHATSAPP,2026-03-04 21:52:08
COMPLAINT0006108,ACC0006465,BRW0003559,2026-05-07 13:06:13,HARASSMENT,CRITICAL,OPEN,CALL,2026-05-25 13:06:13
COMPLAINT0006109,ACC0000872,BRW0008626,2026-03-25 16:35:51,HARASSMENT,MEDIUM,CLOSED,WHATSAPP,2026-03-30 16:35:51
COMPLAINT0006110,ACC0013171,BRW0010594,2026-05-24 11:56:54,DND,HIGH,RESOLVED,CALL,2026-05-27 11:56:54
COMPLAINT0006111,ACC0014617,BRW0008653,2026-02-19 12:11:55,HARASSMENT,CRITICAL,INVESTIGATING,FIELD,2026-02-26 12:11:55
COMPLAINT0006112,ACC0028779,BRW0003920,2026-07-06 11:12:47,DND,LOW,OPEN,FIELD,2026-07-16 11:12:47
COMPLAINT0006113,ACC0027654,BRW0006504,2026-08-02 00:14:37,HARASSMENT,MEDIUM,OPEN,EMAIL,2026-08-10 00:14:37
COMPLAINT0006114,ACC0015698,BRW0004346,2026-06-30 05:47:29,PRIVACY,MEDIUM,RESOLVED,EMAIL,2026-07-03 05:47:29
COMPLAINT0006115,ACC0012981,BRW0003977,2026-07-27 06:51:47,DND,MEDIUM,CLOSED,WHATSAPP,2026-08-11 06:51:47
COMPLAINT0006116,ACC0007551,BRW0005291,2026-01-18 23:11:19,HARASSMENT,HIGH,CLOSED,FIELD,2026-01-28 23:11:19
COMPLAINT0006117,ACC0011439,BRW0010357,2026-03-13 12:07:10,AGENT_BEHAVIOUR,MEDIUM,OPEN,CALL,2026-03-26 12:07:10
COMPLAINT0006118,ACC0028118,BRW0009711,2026-07-16 04:45:15,HARASSMENT,LOW,RESOLVED,CALL,2026-07-19 04:45:15
COMPLAINT0006119,ACC0011750,BRW0010786,2026-05-13 18:43:21,HARASSMENT,MEDIUM,OPEN,EMAIL,2026-06-01 18:43:21
COMPLAINT0006120,ACC0007125,BRW0010231,2026-01-21 02:26:06,PAYMENT,HIGH,INVESTIGATING,FIELD,2026-02-05 02:26:06
COMPLAINT0006121,ACC0028846,BRW0003100,2026-03-26 09:45:12,WRONG_CONTACT,CRITICAL,CLOSED,WHATSAPP,2026-03-30 09:45:12
COMPLAINT0006122,ACC0010351,BRW0005587,2026-02-25 06:12:19,PRIVACY,HIGH,INVESTIGATING,WHATSAPP,2026-03-08 06:12:19
COMPLAINT0006123,ACC0018311,BRW0009093,2026-04-15 11:24:59,WRONG_CONTACT,LOW,OPEN,EMAIL,2026-04-20 11:24:59
COMPLAINT0006124,ACC0019767,BRW0001969,2026-06-21 10:03:01,DISPUTE,CRITICAL,CLOSED,EMAIL,2026-07-07 10:03:01
COMPLAINT0006125,ACC0029103,BRW0004875,2026-06-23 22:35:41,DND,HIGH,INVESTIGATING,CALL,2026-06-26 22:35:41
COMPLAINT0006126,ACC0016778,BRW0000734,2026-04-24 08:22:15,AGENT_BEHAVIOUR,CRITICAL,RESOLVED,FIELD,2026-05-02 08:22:15
COMPLAINT0006127,ACC0021097,BRW0004103,2026-07-23 01:59:29,AGENT_BEHAVIOUR,MEDIUM,INVESTIGATING,WHATSAPP,2026-07-27 01:59:29
COMPLAINT0006128,ACC0025409,BRW0001070,2026-03-02 17:02:27,PRIVACY,HIGH,RESOLVED,FIELD,2026-03-09 17:02:27
COMPLAINT0006129,ACC0026330,BRW0010511,2026-01-24 12:57:12,DND,HIGH,CLOSED,WHATSAPP,2026-01-28 12:57:12
COMPLAINT0006130,ACC0029757,BRW0008884,2026-07-06 13:31:41,PAYMENT,LOW,RESOLVED,FIELD,2026-07-18 13:31:41
COMPLAINT0006131,ACC0000035,BRW0011898,2026-08-07 16:53:07,DISPUTE,LOW,RESOLVED,FIELD,2026-08-21 16:53:07
COMPLAINT0006132,ACC0029515,BRW0001511,2026-06-26 20:07:12,PRIVACY,MEDIUM,INVESTIGATING,EMAIL,2026-07-06 20:07:12
COMPLAINT0006133,ACC0020519,BRW0005612,2026-01-06 02:58:39,PRIVACY,MEDIUM,CLOSED,WHATSAPP,2026-01-23 02:58:39
COMPLAINT0006134,ACC0000137,BRW0004505,2026-07-04 17:34:01,PRIVACY,MEDIUM,RESOLVED,FIELD,2026-07-05 17:34:01
COMPLAINT0006135,ACC0006357,BRW0008658,2026-03-11 07:06:09,PRIVACY,CRITICAL,RESOLVED,EMAIL,2026-03-22 07:06:09
COMPLAINT0006136,ACC0003096,BRW0009876,2026-06-17 23:24:02,AGENT_BEHAVIOUR,CRITICAL,CLOSED,FIELD,2026-06-24 23:24:02
COMPLAINT0006137,ACC0018629,BRW0002152,2026-01-13 22:49:31,PAYMENT,LOW,OPEN,EMAIL,2026-01-21 22:49:31
COMPLAINT0006138,ACC0025348,BRW0004189,2026-07-15 22:01:00,AGENT_BEHAVIOUR,HIGH,RESOLVED,SMS,2026-07-29 22:01:00
COMPLAINT0006139,ACC0011626,BRW0007105,2026-04-26 10:40:59,PAYMENT,CRITICAL,INVESTIGATING,WHATSAPP,2026-05-06 10:40:59
COMPLAINT0006140,ACC0003439,BRW0010553,2026-02-22 03:47:40,DND,HIGH,OPEN,SMS,2026-02-25 03:47:40
COMPLAINT0006141,ACC0024825,BRW0004125,2026-02-26 11:26:52,HARASSMENT,MEDIUM,INVESTIGATING,CALL,2026-03-12 11:26:52
COMPLAINT0006142,ACC0006733,BRW0008931,2026-02-17 16:50:21,HARASSMENT,MEDIUM,CLOSED,CALL,2026-02-26 16:50:21
COMPLAINT0006143,ACC0013774,BRW0011566,2026-05-19 00:04:40,HARASSMENT,CRITICAL,INVESTIGATING,SMS,2026-05-28 00:04:40
COMPLAINT0006144,ACC0014658,BRW0003735,2026-04-20 17:40:48,HARASSMENT,MEDIUM,OPEN,WHATSAPP,2026-05-03 17:40:48
COMPLAINT0006145,ACC0019935,BRW0002816,2026-06-05 05:50:56,WRONG_CONTACT,LOW,RESOLVED,FIELD,2026-06-20 05:50:56
COMPLAINT0006146,ACC0010347,BRW0000193,2026-05-21 23:54:00,DISPUTE,LOW,CLOSED,CALL,2026-05-28 23:54:00
COMPLAINT0006147,ACC0004767,BRW0010338,2026-03-27 09:43:54,PRIVACY,HIGH,INVESTIGATING,WHATSAPP,2026-04-05 09:43:54
COMPLAINT0006148,ACC0014178,BRW0002763,2026-03-05 12:07:17,PRIVACY,CRITICAL,INVESTIGATING,WHATSAPP,2026-03-08 12:07:17
COMPLAINT0006149,ACC0006435,BRW0010739,2026-04-30 02:58:38,PAYMENT,LOW,RESOLVED,CALL,2026-05-15 02:58:38
COMPLAINT0006150,ACC0028519,BRW0001984,2026-03-22 14:28:34,PAYMENT,HIGH,RESOLVED,FIELD,2026-03-30 14:28:34
COMPLAINT0006151,ACC0014193,BRW0008738,2026-03-19 16:15:19,WRONG_CONTACT,HIGH,INVESTIGATING,SMS,2026-03-25 16:15:19
COMPLAINT0006152,ACC0006782,BRW0003781,2026-07-17 15:20:22,AGENT_BEHAVIOUR,HIGH,CLOSED,WHATSAPP,2026-07-19 15:20:22
COMPLAINT0006153,ACC0020308,BRW0005191,2026-03-16 06:35:55,PAYMENT,MEDIUM,CLOSED,SMS,2026-03-22 06:35:55
COMPLAINT0006154,ACC0010295,BRW0004602,2026-02-06 17:55:47,DISPUTE,CRITICAL,CLOSED,CALL,2026-02-09 17:55:47
COMPLAINT0006155,ACC0027325,BRW0001237,2026-03-20 04:47:51,HARASSMENT,HIGH,RESOLVED,WHATSAPP,2026-03-31 04:47:51
COMPLAINT0006156,ACC0017631,BRW0001974,2026-06-17 00:18:29,DISPUTE,LOW,OPEN,SMS,2026-07-02 00:18:29
COMPLAINT0006157,ACC0009899,BRW0005500,2026-01-12 21:32:43,WRONG_CONTACT,LOW,RESOLVED,CALL,2026-01-23 21:32:43
COMPLAINT0006158,ACC0021522,BRW0009634,2026-07-19 07:10:09,PRIVACY,CRITICAL,RESOLVED,EMAIL,2026-08-07 07:10:09
COMPLAINT0006159,ACC0001390,BRW0006736,2026-01-17 11:35:30,DND,LOW,OPEN,CALL,2026-01-21 11:35:30
COMPLAINT0006160,ACC0015657,BRW0009541,2026-06-13 03:07:20,AGENT_BEHAVIOUR,CRITICAL,RESOLVED,WHATSAPP,2026-06-29 03:07:20
COMPLAINT0006161,ACC0028174,BRW0010247,2026-06-16 19:50:22,WRONG_CONTACT,MEDIUM,OPEN,FIELD,2026-06-29 19:50:22
COMPLAINT0006162,ACC0012204,BRW0000010,2026-01-23 15:51:03,DND,LOW,INVESTIGATING,SMS,2026-01-24 15:51:03
COMPLAINT0006163,ACC0014657,BRW0006543,2026-07-27 14:45:37,PAYMENT,CRITICAL,INVESTIGATING,CALL,2026-08-07 14:45:37
COMPLAINT0006164,ACC0015109,BRW0000552,2026-06-02 12:28:01,DISPUTE,LOW,RESOLVED,FIELD,2026-06-15 12:28:01
COMPLAINT0006165,ACC0005212,BRW0005367,2026-04-23 12:16:06,PRIVACY,MEDIUM,OPEN,FIELD,2026-04-27 12:16:06
COMPLAINT0006166,ACC0016421,BRW0008195,2026-01-02 22:06:16,DISPUTE,LOW,INVESTIGATING,SMS,2026-01-15 22:06:16
COMPLAINT0006167,ACC0011894,BRW0004295,2026-04-12 05:58:26,AGENT_BEHAVIOUR,CRITICAL,RESOLVED,EMAIL,2026-04-29 05:58:26
COMPLAINT0006168,ACC0011287,BRW0011039,2026-02-13 17:52:36,WRONG_CONTACT,CRITICAL,INVESTIGATING,EMAIL,2026-02-22 17:52:36
COMPLAINT0006169,ACC0024074,BRW0009593,2026-07-10 01:26:05,DND,LOW,OPEN,FIELD,2026-07-16 01:26:05
COMPLAINT0006170,ACC0015971,BRW0002604,2026-01-18 01:59:40,PRIVACY,MEDIUM,CLOSED,SMS,2026-01-22 01:59:40
COMPLAINT0006171,ACC0021559,BRW0000672,2026-04-19 08:35:14,AGENT_BEHAVIOUR,MEDIUM,INVESTIGATING,WHATSAPP,2026-05-02 08:35:14
COMPLAINT0006172,ACC0001368,BRW0008363,2026-03-20 12:09:08,AGENT_BEHAVIOUR,MEDIUM,CLOSED,FIELD,2026-03-26 12:09:08
COMPLAINT0006173,ACC0023398,BRW0008683,2026-01-18 20:18:30,PAYMENT,LOW,CLOSED,WHATSAPP,2026-01-25 20:18:30
COMPLAINT0006174,ACC0022554,BRW0008397,2026-05-11 09:03:37,PRIVACY,LOW,INVESTIGATING,FIELD,2026-05-21 09:03:37
COMPLAINT0006175,ACC0013881,BRW0007036,2026-01-25 03:45:46,DISPUTE,LOW,INVESTIGATING,FIELD,2026-02-08 03:45:46
COMPLAINT0006176,ACC0021581,BRW0005229,2026-01-30 10:09:23,WRONG_CONTACT,CRITICAL,RESOLVED,SMS,2026-02-06 10:09:23
COMPLAINT0006177,ACC0022411,BRW0002565,2026-06-12 06:15:13,DISPUTE,HIGH,CLOSED,EMAIL,2026-06-24 06:15:13
COMPLAINT0006178,ACC0014746,BRW0008113,2026-04-23 17:18:54,WRONG_CONTACT,HIGH,INVESTIGATING,CALL,2026-04-28 17:18:54
COMPLAINT0006179,ACC0022822,BRW0009313,2026-04-09 18:09:22,PAYMENT,MEDIUM,INVESTIGATING,FIELD,2026-04-22 18:09:22
COMPLAINT0006180,ACC0029807,BRW0004646,2026-05-21 06:15:51,HARASSMENT,HIGH,INVESTIGATING,EMAIL,2026-06-07 06:15:51
COMPLAINT0006181,ACC0019691,BRW0010826,2026-01-21 17:44:19,WRONG_CONTACT,CRITICAL,INVESTIGATING,EMAIL,2026-02-02 17:44:19
COMPLAINT0006182,ACC0017673,BRW0009107,2026-07-08 15:25:14,WRONG_CONTACT,LOW,CLOSED,SMS,2026-07-26 15:25:14
COMPLAINT0006183,ACC0003260,BRW0009537,2026-05-13 19:23:24,HARASSMENT,CRITICAL,INVESTIGATING,FIELD,2026-05-14 19:23:24
COMPLAINT0006184,ACC0015750,BRW0002982,2026-06-29 22:54:47,WRONG_CONTACT,CRITICAL,OPEN,CALL,2026-07-13 22:54:47
COMPLAINT0006185,ACC0019415,BRW0008397,2026-01-31 13:42:49,PRIVACY,CRITICAL,CLOSED,WHATSAPP,2026-02-01 13:42:49
COMPLAINT0006186,ACC0025264,BRW0001960,2026-06-16 10:15:06,HARASSMENT,CRITICAL,INVESTIGATING,SMS,2026-06-29 10:15:06
COMPLAINT0006187,ACC0003725,BRW0008071,2026-03-19 10:52:43,DISPUTE,HIGH,CLOSED,EMAIL,2026-03-31 10:52:43
COMPLAINT0006188,ACC0017311,BRW0011146,2026-01-15 21:00:16,AGENT_BEHAVIOUR,HIGH,CLOSED,CALL,2026-01-19 21:00:16
COMPLAINT0006189,ACC0001913,BRW0003771,2026-04-30 21:16:01,DND,LOW,INVESTIGATING,EMAIL,2026-05-07 21:16:01
COMPLAINT0006190,ACC0016708,BRW0000124,2026-01-20 00:53:53,DISPUTE,MEDIUM,OPEN,FIELD,2026-02-02 00:53:53
COMPLAINT0006191,ACC0000116,BRW0009296,2026-02-03 20:08:40,PRIVACY,CRITICAL,INVESTIGATING,CALL,2026-02-10 20:08:40
COMPLAINT0006192,ACC0025014,BRW0002261,2026-02-20 14:20:43,PRIVACY,CRITICAL,CLOSED,EMAIL,2026-03-01 14:20:43
COMPLAINT0006193,ACC0005394,BRW0003013,2026-01-30 13:38:46,PRIVACY,CRITICAL,CLOSED,CALL,2026-02-08 13:38:46
COMPLAINT0006194,ACC0027297,BRW0009692,2026-03-23 06:06:39,DISPUTE,MEDIUM,CLOSED,CALL,2026-04-01 06:06:39
COMPLAINT0006195,ACC0027546,BRW0010385,2026-07-25 17:47:25,DISPUTE,LOW,RESOLVED,CALL,2026-07-29 17:47:25
COMPLAINT0006196,ACC0020546,BRW0008157,2026-06-24 17:40:57,PAYMENT,HIGH,INVESTIGATING,EMAIL,2026-07-10 17:40:57
COMPLAINT0006197,ACC0013789,BRW0007071,2026-02-11 18:32:08,HARASSMENT,LOW,OPEN,WHATSAPP,2026-02-12 18:32:08
COMPLAINT0006198,ACC0000482,BRW0010638,2026-03-22 21:49:14,DND,HIGH,RESOLVED,CALL,2026-04-01 21:49:14
COMPLAINT0006199,ACC0004960,BRW0003065,2026-03-30 18:27:14,HARASSMENT,CRITICAL,RESOLVED,FIELD,2026-04-01 18:27:14
COMPLAINT0006200,ACC0010334,BRW0008287,2026-08-07 01:30:00,PAYMENT,HIGH,CLOSED,CALL,2026-08-12 01:30:00
COMPLAINT0006201,ACC0005808,BRW0011402,2026-02-18 15:55:03,DND,LOW,RESOLVED,FIELD,2026-03-07 15:55:03
COMPLAINT0006202,ACC0016386,BRW0001641,2026-02-26 12:27:06,WRONG_CONTACT,LOW,CLOSED,WHATSAPP,2026-03-14 12:27:06
COMPLAINT0006203,ACC0002906,BRW0006012,2026-07-06 14:29:51,HARASSMENT,CRITICAL,CLOSED,WHATSAPP,2026-07-20 14:29:51
COMPLAINT0006204,ACC0016711,BRW0002388,2026-01-16 11:05:20,HARASSMENT,LOW,OPEN,WHATSAPP,2026-02-03 11:05:20
COMPLAINT0006205,ACC0011368,BRW0001482,2026-02-05 19:18:10,WRONG_CONTACT,MEDIUM,CLOSED,SMS,2026-02-15 19:18:10
COMPLAINT0006206,ACC0013298,BRW0001954,2026-02-13 15:04:38,AGENT_BEHAVIOUR,MEDIUM,INVESTIGATING,SMS,2026-02-24 15:04:38
COMPLAINT0006207,ACC0012380,BRW0003323,2026-01-14 22:49:42,AGENT_BEHAVIOUR,LOW,RESOLVED,EMAIL,2026-01-29 22:49:42
COMPLAINT0006208,ACC0014137,BRW0008612,2026-01-27 15:21:24,AGENT_BEHAVIOUR,CRITICAL,CLOSED,CALL,2026-02-09 15:21:24
COMPLAINT0006209,ACC0021891,BRW0004332,2026-03-09 19:55:58,HARASSMENT,HIGH,CLOSED,EMAIL,2026-03-15 19:55:58
COMPLAINT0006210,ACC0017336,BRW0002045,2026-01-30 01:33:29,PAYMENT,CRITICAL,RESOLVED,FIELD,2026-02-09 01:33:29
COMPLAINT0006211,ACC0019650,BRW0001396,2026-04-18 16:30:35,PAYMENT,MEDIUM,OPEN,CALL,2026-04-25 16:30:35
COMPLAINT0006212,ACC0001360,BRW0010188,2026-03-30 14:39:29,DISPUTE,HIGH,INVESTIGATING,CALL,2026-04-16 14:39:29
COMPLAINT0006213,ACC0000997,BRW0007938,2026-03-30 18:42:31,PRIVACY,HIGH,INVESTIGATING,CALL,2026-04-18 18:42:31
COMPLAINT0006214,ACC0025945,BRW0007140,2026-05-07 04:51:48,WRONG_CONTACT,HIGH,OPEN,CALL,2026-05-23 04:51:48
COMPLAINT0006215,ACC0014352,BRW0002781,2026-06-23 07:26:32,HARASSMENT,CRITICAL,OPEN,WHATSAPP,2026-07-08 07:26:32
COMPLAINT0006216,ACC0011235,BRW0003939,2026-06-28 12:18:34,PAYMENT,MEDIUM,OPEN,CALL,2026-07-10 12:18:34
COMPLAINT0006217,ACC0011378,BRW0000639,2026-03-05 07:44:32,AGENT_BEHAVIOUR,LOW,CLOSED,CALL,2026-03-11 07:44:32
COMPLAINT0006218,ACC0003468,BRW0009540,2026-03-13 08:58:17,PAYMENT,CRITICAL,RESOLVED,SMS,2026-03-28 08:58:17
COMPLAINT0006219,ACC0006834,BRW0005794,2026-05-14 10:02:22,DND,MEDIUM,OPEN,FIELD,2026-05-15 10:02:22
COMPLAINT0006220,ACC0024878,BRW0004723,2026-05-23 01:18:04,PAYMENT,MEDIUM,INVESTIGATING,CALL,2026-05-24 01:18:04
COMPLAINT0006221,ACC0003138,BRW0002746,2026-07-14 10:25:56,HARASSMENT,CRITICAL,CLOSED,WHATSAPP,2026-07-26 10:25:56
COMPLAINT0006222,ACC0016641,BRW0000747,2026-01-05 07:50:42,PAYMENT,CRITICAL,CLOSED,FIELD,2026-01-19 07:50:42
COMPLAINT0006223,ACC0024207,BRW0007553,2026-01-21 14:11:36,DISPUTE,LOW,RESOLVED,EMAIL,2026-02-09 14:11:36
COMPLAINT0006224,ACC0000416,BRW0011944,2026-04-13 18:05:58,DND,HIGH,RESOLVED,CALL,2026-04-29 18:05:58
COMPLAINT0006225,ACC0016576,BRW0004905,2026-01-20 09:19:24,WRONG_CONTACT,CRITICAL,INVESTIGATING,FIELD,2026-01-27 09:19:24
COMPLAINT0006226,ACC0025386,BRW0007273,2026-03-01 11:18:16,PAYMENT,MEDIUM,OPEN,EMAIL,2026-03-05 11:18:16
COMPLAINT0006227,ACC0004042,BRW0007008,2026-04-11 17:53:25,DND,HIGH,CLOSED,EMAIL,2026-04-19 17:53:25
COMPLAINT0006228,ACC0000785,BRW0001554,2026-05-21 18:43:20,WRONG_CONTACT,MEDIUM,RESOLVED,CALL,2026-06-06 18:43:20
COMPLAINT0006229,ACC0013697,BRW0011507,2026-01-09 03:14:12,WRONG_CONTACT,CRITICAL,INVESTIGATING,EMAIL,2026-01-11 03:14:12
COMPLAINT0006230,ACC0018840,BRW0006746,2026-04-24 04:57:57,PAYMENT,LOW,INVESTIGATING,EMAIL,2026-05-02 04:57:57
COMPLAINT0006231,ACC0015538,BRW0004923,2026-05-28 19:45:04,PRIVACY,CRITICAL,RESOLVED,FIELD,2026-06-10 19:45:04
COMPLAINT0006232,ACC0020837,BRW0010250,2026-06-28 23:47:34,DISPUTE,MEDIUM,OPEN,WHATSAPP,2026-07-13 23:47:34
COMPLAINT0006233,ACC0021255,BRW0011717,2026-05-21 19:01:01,PAYMENT,MEDIUM,CLOSED,CALL,2026-06-05 19:01:01
COMPLAINT0006234,ACC0008743,BRW0006806,2026-02-11 14:18:49,AGENT_BEHAVIOUR,MEDIUM,CLOSED,FIELD,2026-02-27 14:18:49
COMPLAINT0006235,ACC0027325,BRW0006285,2026-06-03 17:59:59,WRONG_CONTACT,CRITICAL,CLOSED,WHATSAPP,2026-06-13 17:59:59
COMPLAINT0006236,ACC0025140,BRW0006125,2026-03-20 01:33:37,WRONG_CONTACT,MEDIUM,INVESTIGATING,SMS,2026-04-02 01:33:37
COMPLAINT0006237,ACC0004424,BRW0006419,2026-05-25 07:05:13,WRONG_CONTACT,CRITICAL,RESOLVED,CALL,2026-05-29 07:05:13
COMPLAINT0006238,ACC0008869,BRW0000596,2026-03-13 05:20:12,PRIVACY,HIGH,CLOSED,FIELD,2026-03-21 05:20:12
COMPLAINT0006239,ACC0008770,BRW0011660,2026-05-24 22:57:40,HARASSMENT,CRITICAL,INVESTIGATING,EMAIL,2026-06-11 22:57:40
COMPLAINT0006240,ACC0005220,BRW0008318,2026-04-16 13:24:01,AGENT_BEHAVIOUR,CRITICAL,OPEN,EMAIL,2026-04-18 13:24:01
COMPLAINT0006241,ACC0020122,BRW0009224,2026-05-05 22:51:43,WRONG_CONTACT,CRITICAL,OPEN,SMS,2026-05-12 22:51:43
COMPLAINT0006242,ACC0018843,BRW0002071,2026-01-28 19:10:16,WRONG_CONTACT,MEDIUM,OPEN,WHATSAPP,2026-02-13 19:10:16
COMPLAINT0006243,ACC0006964,BRW0003378,2026-03-04 18:15:35,PRIVACY,HIGH,RESOLVED,CALL,2026-03-08 18:15:35
COMPLAINT0006244,ACC0008857,BRW0001014,2026-04-13 20:50:00,PRIVACY,MEDIUM,RESOLVED,EMAIL,2026-04-22 20:50:00
COMPLAINT0006245,ACC0010726,BRW0010328,2026-05-09 01:12:19,DND,LOW,RESOLVED,CALL,2026-05-27 01:12:19
COMPLAINT0006246,ACC0014315,BRW0009498,2026-04-11 21:48:17,PRIVACY,HIGH,INVESTIGATING,WHATSAPP,2026-04-25 21:48:17
COMPLAINT0006247,ACC0025290,BRW0002627,2026-04-29 15:00:53,HARASSMENT,HIGH,INVESTIGATING,FIELD,2026-05-02 15:00:53
COMPLAINT0006248,ACC0006738,BRW0011009,2026-01-13 12:50:25,AGENT_BEHAVIOUR,MEDIUM,CLOSED,SMS,2026-01-18 12:50:25
COMPLAINT0006249,ACC0020769,BRW0002237,2026-03-22 23:35:02,DISPUTE,LOW,INVESTIGATING,SMS,2026-04-08 23:35:02
COMPLAINT0006250,ACC0021285,BRW0005114,2026-04-07 19:05:58,PAYMENT,HIGH,OPEN,WHATSAPP,2026-04-15 19:05:58
COMPLAINT0006251,ACC0021199,BRW0003825,2026-02-01 12:19:34,DND,HIGH,RESOLVED,SMS,2026-02-18 12:19:34
COMPLAINT0006252,ACC0018445,BRW0009860,2026-06-11 21:43:44,WRONG_CONTACT,HIGH,OPEN,EMAIL,2026-06-13 21:43:44
COMPLAINT0006253,ACC0005896,BRW0008782,2026-02-07 13:17:15,WRONG_CONTACT,HIGH,INVESTIGATING,EMAIL,2026-02-19 13:17:15
COMPLAINT0006254,ACC0002390,BRW0001774,2026-01-07 21:40:45,PAYMENT,LOW,CLOSED,EMAIL,2026-01-12 21:40:45
COMPLAINT0006255,ACC0016745,BRW0004775,2026-03-09 00:04:28,PAYMENT,LOW,INVESTIGATING,EMAIL,2026-03-26 00:04:28
COMPLAINT0006256,ACC0000194,BRW0007143,2026-02-20 18:49:57,HARASSMENT,CRITICAL,RESOLVED,FIELD,2026-03-03 18:49:57
COMPLAINT0006257,ACC0012562,BRW0009974,2026-01-18 14:43:25,DISPUTE,CRITICAL,OPEN,SMS,2026-01-23 14:43:25
COMPLAINT0006258,ACC0024968,BRW0000660,2026-02-18 22:31:07,DND,HIGH,RESOLVED,CALL,2026-02-28 22:31:07
COMPLAINT0006259,ACC0026379,BRW0010726,2026-04-04 12:41:45,DISPUTE,LOW,INVESTIGATING,FIELD,2026-04-16 12:41:45
COMPLAINT0006260,ACC0001376,BRW0003097,2026-01-26 07:54:48,AGENT_BEHAVIOUR,HIGH,RESOLVED,SMS,2026-01-27 07:54:48
COMPLAINT0006261,ACC0026994,BRW0005924,2026-02-01 18:34:58,PAYMENT,LOW,INVESTIGATING,CALL,2026-02-15 18:34:58
COMPLAINT0006262,ACC0006607,BRW0010278,2026-07-26 11:51:32,DND,CRITICAL,OPEN,SMS,2026-08-10 11:51:32
COMPLAINT0006263,ACC0006850,BRW0004477,2026-01-18 11:10:31,AGENT_BEHAVIOUR,HIGH,RESOLVED,EMAIL,2026-02-02 11:10:31
COMPLAINT0006264,ACC0005207,BRW0006211,2026-01-17 03:12:56,AGENT_BEHAVIOUR,HIGH,RESOLVED,WHATSAPP,2026-01-19 03:12:56
COMPLAINT0006265,ACC0018891,BRW0002004,2026-02-24 22:02:21,AGENT_BEHAVIOUR,CRITICAL,INVESTIGATING,CALL,2026-03-13 22:02:21
COMPLAINT0006266,ACC0021381,BRW0010238,2026-07-13 06:01:50,DND,HIGH,OPEN,FIELD,2026-07-18 06:01:50
COMPLAINT0006267,ACC0018770,BRW0004193,2026-03-21 02:23:44,PRIVACY,CRITICAL,RESOLVED,FIELD,2026-03-23 02:23:44
COMPLAINT0006268,ACC0005077,BRW0004453,2026-04-25 03:42:34,HARASSMENT,LOW,OPEN,SMS,2026-05-12 03:42:34
COMPLAINT0006269,ACC0009054,BRW0003432,2026-03-15 09:02:27,HARASSMENT,MEDIUM,OPEN,EMAIL,2026-03-28 09:02:27
COMPLAINT0006270,ACC0012955,BRW0000316,2026-04-27 14:06:33,PAYMENT,CRITICAL,CLOSED,EMAIL,2026-05-04 14:06:33
COMPLAINT0006271,ACC0014629,BRW0003212,2026-07-28 15:17:08,PRIVACY,HIGH,CLOSED,EMAIL,2026-08-08 15:17:08
COMPLAINT0006272,ACC0015035,BRW0010848,2026-07-09 23:02:19,WRONG_CONTACT,MEDIUM,CLOSED,WHATSAPP,2026-07-14 23:02:19
COMPLAINT0006273,ACC0019900,BRW0005809,2026-03-12 09:34:22,DND,LOW,CLOSED,EMAIL,2026-03-21 09:34:22
COMPLAINT0006274,ACC0006186,BRW0000178,2026-04-13 15:36:29,PRIVACY,CRITICAL,CLOSED,SMS,2026-04-29 15:36:29
COMPLAINT0006275,ACC0029547,BRW0008951,2026-05-30 03:53:08,PRIVACY,CRITICAL,OPEN,FIELD,2026-06-08 03:53:08
COMPLAINT0006276,ACC0029460,BRW0001825,2026-03-28 06:00:43,DISPUTE,HIGH,RESOLVED,WHATSAPP,2026-03-30 06:00:43
COMPLAINT0006277,ACC0015221,BRW0006295,2026-07-06 14:59:51,PRIVACY,MEDIUM,INVESTIGATING,WHATSAPP,2026-07-13 14:59:51
COMPLAINT0006278,ACC0027967,BRW0009986,2026-04-05 22:13:20,DISPUTE,HIGH,OPEN,FIELD,2026-04-11 22:13:20
COMPLAINT0006279,ACC0000251,BRW0007430,2026-03-27 03:45:19,DISPUTE,HIGH,INVESTIGATING,WHATSAPP,2026-04-06 03:45:19
COMPLAINT0006280,ACC0009790,BRW0005067,2026-06-27 08:12:22,DISPUTE,CRITICAL,INVESTIGATING,SMS,2026-07-10 08:12:22
COMPLAINT0006281,ACC0013714,BRW0002126,2026-01-11 23:46:48,AGENT_BEHAVIOUR,CRITICAL,CLOSED,FIELD,2026-01-17 23:46:48
COMPLAINT0006282,ACC0008653,BRW0003891,2026-05-03 07:23:08,WRONG_CONTACT,CRITICAL,INVESTIGATING,WHATSAPP,2026-05-22 07:23:08
COMPLAINT0006283,ACC0025124,BRW0011961,2026-05-07 23:50:33,AGENT_BEHAVIOUR,MEDIUM,INVESTIGATING,FIELD,2026-05-23 23:50:33
COMPLAINT0006284,ACC0019264,BRW0005632,2026-02-02 08:53:59,AGENT_BEHAVIOUR,LOW,CLOSED,EMAIL,2026-02-20 08:53:59
COMPLAINT0006285,ACC0006816,BRW0011955,2026-02-12 00:43:39,HARASSMENT,LOW,INVESTIGATING,CALL,2026-02-13 00:43:39
COMPLAINT0006286,ACC0006948,BRW0006146,2026-07-15 22:18:03,DISPUTE,MEDIUM,INVESTIGATING,EMAIL,2026-07-18 22:18:03
COMPLAINT0006287,ACC0006897,BRW0004090,2026-07-28 15:17:31,DND,CRITICAL,OPEN,FIELD,2026-08-08 15:17:31
COMPLAINT0006288,ACC0010406,BRW0008123,2026-07-20 10:41:58,WRONG_CONTACT,CRITICAL,INVESTIGATING,WHATSAPP,2026-08-05 10:41:58
COMPLAINT0006289,ACC0024024,BRW0011128,2026-06-28 17:26:34,DND,MEDIUM,INVESTIGATING,FIELD,2026-07-16 17:26:34
COMPLAINT0006290,ACC0005773,BRW0003206,2026-04-04 17:57:20,AGENT_BEHAVIOUR,HIGH,OPEN,CALL,2026-04-13 17:57:20
COMPLAINT0006291,ACC0021719,BRW0002675,2026-07-02 17:14:03,PRIVACY,LOW,INVESTIGATING,WHATSAPP,2026-07-12 17:14:03
COMPLAINT0006292,ACC0026407,BRW0009009,2026-03-02 22:10:22,PRIVACY,LOW,INVESTIGATING,SMS,2026-03-21 22:10:22
COMPLAINT0006293,ACC0020117,BRW0003547,2026-07-30 07:42:33,AGENT_BEHAVIOUR,CRITICAL,CLOSED,CALL,2026-08-05 07:42:33
COMPLAINT0006294,ACC0002206,BRW0001785,2026-01-17 05:46:25,WRONG_CONTACT,CRITICAL,OPEN,FIELD,2026-01-31 05:46:25
COMPLAINT0006295,ACC0009392,BRW0006155,2026-05-14 13:29:10,WRONG_CONTACT,MEDIUM,RESOLVED,SMS,2026-05-19 13:29:10
COMPLAINT0006296,ACC0029573,BRW0001973,2026-05-14 13:21:48,AGENT_BEHAVIOUR,CRITICAL,INVESTIGATING,WHATSAPP,2026-05-30 13:21:48
COMPLAINT0006297,ACC0022104,BRW0006559,2026-02-26 15:27:42,PRIVACY,HIGH,INVESTIGATING,FIELD,2026-03-15 15:27:42
COMPLAINT0006298,ACC0010048,BRW0003218,2026-06-28 23:59:15,PRIVACY,CRITICAL,CLOSED,FIELD,2026-07-10 23:59:15
COMPLAINT0006299,ACC0004610,BRW0010303,2026-07-19 17:40:35,DND,HIGH,RESOLVED,WHATSAPP,2026-08-01 17:40:35
COMPLAINT0006300,ACC0014079,BRW0003582,2026-03-24 00:46:51,DND,MEDIUM,OPEN,EMAIL,2026-03-26 00:46:51
COMPLAINT0006301,ACC0024649,BRW0011962,2026-05-06 02:44:05,DND,LOW,INVESTIGATING,FIELD,2026-05-17 02:44:05
COMPLAINT0006302,ACC0018068,BRW0011968,2026-05-09 07:58:47,PAYMENT,HIGH,RESOLVED,CALL,2026-05-10 07:58:47
COMPLAINT0006303,ACC0000918,BRW0001019,2026-02-08 06:11:06,DISPUTE,MEDIUM,OPEN,CALL,2026-02-09 06:11:06
COMPLAINT0006304,ACC0007660,BRW0010148,2026-03-18 18:31:31,DISPUTE,LOW,OPEN,FIELD,2026-03-26 18:31:31
COMPLAINT0006305,ACC0029694,BRW0003049,2026-05-24 18:02:43,WRONG_CONTACT,HIGH,RESOLVED,WHATSAPP,2026-06-08 18:02:43
COMPLAINT0006306,ACC0029954,BRW0000020,2026-04-07 01:28:15,PAYMENT,CRITICAL,CLOSED,FIELD,2026-04-19 01:28:15
COMPLAINT0006307,ACC0002265,BRW0000097,2026-03-09 07:06:53,AGENT_BEHAVIOUR,HIGH,CLOSED,SMS,2026-03-27 07:06:53
COMPLAINT0006308,ACC0003255,BRW0003606,2026-06-22 00:20:05,WRONG_CONTACT,CRITICAL,RESOLVED,FIELD,2026-06-25 00:20:05
COMPLAINT0006309,ACC0013315,BRW0003669,2026-02-15 15:58:59,HARASSMENT,CRITICAL,CLOSED,WHATSAPP,2026-02-27 15:58:59
COMPLAINT0006310,ACC0024604,BRW0002926,2026-06-13 22:15:46,PRIVACY,CRITICAL,CLOSED,WHATSAPP,2026-06-14 22:15:46
COMPLAINT0006311,ACC0026652,BRW0008615,2026-04-15 05:42:59,HARASSMENT,HIGH,INVESTIGATING,CALL,2026-04-17 05:42:59
COMPLAINT0006312,ACC0003652,BRW0001864,2026-08-04 04:26:18,DISPUTE,CRITICAL,OPEN,SMS,2026-08-09 04:26:18
COMPLAINT0006313,ACC0017756,BRW0007207,2026-02-27 12:13:54,WRONG_CONTACT,CRITICAL,CLOSED,FIELD,2026-03-10 12:13:54
COMPLAINT0006314,ACC0006847,BRW0003417,2026-02-24 01:51:52,DND,MEDIUM,CLOSED,SMS,2026-03-08 01:51:52
COMPLAINT0006315,ACC0020607,BRW0007842,2026-01-29 21:28:32,DISPUTE,LOW,OPEN,CALL,2026-02-08 21:28:32
COMPLAINT0006316,ACC0010759,BRW0005784,2026-01-02 10:18:12,PAYMENT,LOW,RESOLVED,WHATSAPP,2026-01-17 10:18:12
COMPLAINT0006317,ACC0021944,BRW0004436,2026-07-16 15:20:33,PRIVACY,CRITICAL,RESOLVED,SMS,2026-08-04 15:20:33
COMPLAINT0006318,ACC0026431,BRW0001183,2026-03-18 10:22:18,HARASSMENT,LOW,CLOSED,WHATSAPP,2026-03-27 10:22:18
COMPLAINT0006319,ACC0015894,BRW0009606,2026-05-27 12:45:09,DISPUTE,MEDIUM,INVESTIGATING,EMAIL,2026-06-08 12:45:09
COMPLAINT0006320,ACC0026056,BRW0008595,2026-03-18 03:25:18,AGENT_BEHAVIOUR,CRITICAL,INVESTIGATING,WHATSAPP,2026-03-27 03:25:18
COMPLAINT0006321,ACC0011573,BRW0002811,2026-05-30 21:49:38,PRIVACY,CRITICAL,INVESTIGATING,EMAIL,2026-06-01 21:49:38
COMPLAINT0006322,ACC0024657,BRW0000602,2026-07-15 21:04:31,DISPUTE,CRITICAL,OPEN,WHATSAPP,2026-07-30 21:04:31
COMPLAINT0006323,ACC0007717,BRW0010709,2026-03-14 05:33:39,WRONG_CONTACT,CRITICAL,INVESTIGATING,WHATSAPP,2026-03-22 05:33:39
COMPLAINT0006324,ACC0008684,BRW0000998,2026-06-04 07:27:57,WRONG_CONTACT,HIGH,CLOSED,CALL,2026-06-07 07:27:57
COMPLAINT0006325,ACC0000273,BRW0002111,2026-05-20 08:54:15,HARASSMENT,LOW,OPEN,SMS,2026-06-07 08:54:15
COMPLAINT0006326,ACC0027323,BRW0003769,2026-03-29 15:44:07,WRONG_CONTACT,MEDIUM,OPEN,CALL,2026-04-14 15:44:07
COMPLAINT0006327,ACC0004338,BRW0005238,2026-05-06 04:34:56,AGENT_BEHAVIOUR,CRITICAL,OPEN,WHATSAPP,2026-05-15 04:34:56
COMPLAINT0006328,ACC0019277,BRW0009379,2026-02-01 05:28:58,WRONG_CONTACT,HIGH,RESOLVED,FIELD,2026-02-06 05:28:58
COMPLAINT0006329,ACC0014691,BRW0006358,2026-06-17 22:28:30,PAYMENT,HIGH,RESOLVED,SMS,2026-06-23 22:28:30
COMPLAINT0006330,ACC0006650,BRW0000332,2026-03-06 05:58:27,WRONG_CONTACT,HIGH,CLOSED,EMAIL,2026-03-08 05:58:27
COMPLAINT0006331,ACC0028164,BRW0006283,2026-06-25 02:18:54,DND,MEDIUM,CLOSED,WHATSAPP,2026-07-10 02:18:54
COMPLAINT0006332,ACC0020352,BRW0006549,2026-04-11 20:39:55,AGENT_BEHAVIOUR,HIGH,CLOSED,FIELD,2026-04-28 20:39:55
COMPLAINT0006333,ACC0002940,BRW0007078,2026-06-26 10:34:03,AGENT_BEHAVIOUR,LOW,RESOLVED,EMAIL,2026-07-15 10:34:03
COMPLAINT0006334,ACC0021175,BRW0002813,2026-06-21 01:50:49,HARASSMENT,MEDIUM,CLOSED,CALL,2026-07-08 01:50:49
COMPLAINT0006335,ACC0021696,BRW0005376,2026-02-22 11:02:07,PRIVACY,MEDIUM,RESOLVED,FIELD,2026-03-09 11:02:07
COMPLAINT0006336,ACC0011175,BRW0005004,2026-05-17 23:15:49,AGENT_BEHAVIOUR,LOW,CLOSED,SMS,2026-06-03 23:15:49
COMPLAINT0006337,ACC0020889,BRW0011436,2026-07-05 16:11:01,AGENT_BEHAVIOUR,CRITICAL,CLOSED,EMAIL,2026-07-20 16:11:01
COMPLAINT0006338,ACC0024532,BRW0007150,2026-07-19 22:25:42,PRIVACY,MEDIUM,OPEN,FIELD,2026-08-01 22:25:42
COMPLAINT0006339,ACC0008647,BRW0010908,2026-07-24 13:26:54,AGENT_BEHAVIOUR,CRITICAL,RESOLVED,FIELD,2026-08-03 13:26:54
COMPLAINT0006340,ACC0000914,BRW0000399,2026-01-27 06:49:13,PRIVACY,CRITICAL,RESOLVED,FIELD,2026-02-11 06:49:13
COMPLAINT0006341,ACC0010354,BRW0010497,2026-03-13 15:01:09,AGENT_BEHAVIOUR,HIGH,INVESTIGATING,FIELD,2026-03-14 15:01:09
COMPLAINT0006342,ACC0027121,BRW0004541,2026-06-03 23:31:30,PRIVACY,HIGH,INVESTIGATING,CALL,2026-06-10 23:31:30
COMPLAINT0006343,ACC0020583,BRW0011040,2026-04-22 02:04:00,AGENT_BEHAVIOUR,HIGH,CLOSED,CALL,2026-05-06 02:04:00
COMPLAINT0006344,ACC0011343,BRW0002092,2026-05-29 04:42:42,PAYMENT,CRITICAL,OPEN,SMS,2026-06-17 04:42:42
COMPLAINT0006345,ACC0000205,BRW0007703,2026-02-26 19:12:52,DND,MEDIUM,RESOLVED,SMS,2026-03-05 19:12:52
COMPLAINT0006346,ACC0011233,BRW0000386,2026-06-15 06:18:25,PAYMENT,HIGH,CLOSED,EMAIL,2026-06-19 06:18:25
COMPLAINT0006347,ACC0025465,BRW0004740,2026-06-16 14:16:52,WRONG_CONTACT,CRITICAL,CLOSED,CALL,2026-06-25 14:16:52
COMPLAINT0006348,ACC0006724,BRW0003159,2026-02-13 18:44:26,DND,HIGH,OPEN,WHATSAPP,2026-02-16 18:44:26
COMPLAINT0006349,ACC0013988,BRW0004494,2026-01-13 12:38:18,PAYMENT,CRITICAL,RESOLVED,EMAIL,2026-01-31 12:38:18
COMPLAINT0006350,ACC0001497,BRW0007650,2026-05-15 22:37:57,PRIVACY,CRITICAL,CLOSED,CALL,2026-05-16 22:37:57
COMPLAINT0006351,ACC0024450,BRW0003549,2026-06-27 01:05:34,PAYMENT,MEDIUM,INVESTIGATING,EMAIL,2026-07-14 01:05:34
COMPLAINT0006352,ACC0006276,BRW0011964,2026-04-24 18:14:46,HARASSMENT,LOW,OPEN,SMS,2026-05-03 18:14:46
COMPLAINT0006353,ACC0009539,BRW0009954,2026-03-08 16:28:14,WRONG_CONTACT,MEDIUM,RESOLVED,WHATSAPP,2026-03-17 16:28:14
COMPLAINT0006354,ACC0002664,BRW0007115,2026-04-25 00:47:34,WRONG_CONTACT,HIGH,OPEN,CALL,2026-05-12 00:47:34
COMPLAINT0006355,ACC0025809,BRW0007588,2026-07-23 08:52:55,AGENT_BEHAVIOUR,MEDIUM,INVESTIGATING,EMAIL,2026-07-31 08:52:55
COMPLAINT0006356,ACC0024175,BRW0010196,2026-03-23 09:37:51,PAYMENT,MEDIUM,CLOSED,CALL,2026-03-26 09:37:51
COMPLAINT0006357,ACC0020053,BRW0001113,2026-06-17 22:48:58,AGENT_BEHAVIOUR,HIGH,OPEN,SMS,2026-06-19 22:48:58
COMPLAINT0006358,ACC0026223,BRW0002874,2026-03-25 23:40:40,DND,LOW,CLOSED,WHATSAPP,2026-04-11 23:40:40
COMPLAINT0006359,ACC0014431,BRW0006358,2026-06-22 07:54:34,PAYMENT,HIGH,CLOSED,CALL,2026-07-01 07:54:34
COMPLAINT0006360,ACC0023016,BRW0003223,2026-07-16 03:21:53,DND,MEDIUM,RESOLVED,WHATSAPP,2026-07-27 03:21:53
COMPLAINT0006361,ACC0011698,BRW0008267,2026-06-07 06:52:45,WRONG_CONTACT,LOW,INVESTIGATING,FIELD,2026-06-10 06:52:45
COMPLAINT0006362,ACC0020547,BRW0010051,2026-04-16 06:41:40,AGENT_BEHAVIOUR,MEDIUM,RESOLVED,CALL,2026-05-02 06:41:40
COMPLAINT0006363,ACC0009990,BRW0006829,2026-05-19 08:58:33,PRIVACY,LOW,RESOLVED,WHATSAPP,2026-05-28 08:58:33
COMPLAINT0006364,ACC0000666,BRW0008007,2026-04-15 10:10:24,PRIVACY,MEDIUM,RESOLVED,SMS,2026-04-26 10:10:24
COMPLAINT0006365,ACC0002286,BRW0007947,2026-05-31 20:27:51,PRIVACY,HIGH,CLOSED,EMAIL,2026-06-05 20:27:51
COMPLAINT0006366,ACC0029457,BRW0005008,2026-02-27 07:02:02,WRONG_CONTACT,HIGH,CLOSED,SMS,2026-03-04 07:02:02
COMPLAINT0006367,ACC0024218,BRW0009706,2026-04-19 19:48:30,DISPUTE,HIGH,RESOLVED,CALL,2026-04-24 19:48:30
COMPLAINT0006368,ACC0021964,BRW0007779,2026-02-22 19:29:32,DND,LOW,RESOLVED,EMAIL,2026-03-10 19:29:32
COMPLAINT0006369,ACC0005733,BRW0002018,2026-06-21 12:25:24,WRONG_CONTACT,LOW,INVESTIGATING,CALL,2026-06-24 12:25:24
COMPLAINT0006370,ACC0013705,BRW0009474,2026-07-29 13:37:55,DND,MEDIUM,CLOSED,EMAIL,2026-08-08 13:37:55
COMPLAINT0006371,ACC0019266,BRW0009909,2026-06-06 12:30:35,PAYMENT,MEDIUM,CLOSED,EMAIL,2026-06-24 12:30:35
COMPLAINT0006372,ACC0022971,BRW0009321,2026-05-04 09:42:28,AGENT_BEHAVIOUR,MEDIUM,OPEN,WHATSAPP,2026-05-18 09:42:28
COMPLAINT0006373,ACC0021814,BRW0009757,2026-04-27 06:44:56,WRONG_CONTACT,LOW,OPEN,FIELD,2026-04-29 06:44:56
COMPLAINT0006374,ACC0027001,BRW0008567,2026-06-20 09:29:58,WRONG_CONTACT,CRITICAL,INVESTIGATING,WHATSAPP,2026-06-29 09:29:58
COMPLAINT0006375,ACC0006839,BRW0010722,2026-07-08 15:08:39,WRONG_CONTACT,CRITICAL,OPEN,FIELD,2026-07-17 15:08:39
COMPLAINT0006376,ACC0011590,BRW0000964,2026-01-03 06:22:00,HARASSMENT,CRITICAL,RESOLVED,FIELD,2026-01-09 06:22:00
COMPLAINT0006377,ACC0018905,BRW0005788,2026-05-17 16:22:09,PAYMENT,CRITICAL,OPEN,EMAIL,2026-06-03 16:22:09
COMPLAINT0006378,ACC0017509,BRW0001391,2026-03-20 20:03:47,PAYMENT,HIGH,OPEN,CALL,2026-04-03 20:03:47
COMPLAINT0006379,ACC0017969,BRW0001681,2026-05-26 04:56:52,PRIVACY,CRITICAL,RESOLVED,EMAIL,2026-06-14 04:56:52
COMPLAINT0006380,ACC0000767,BRW0002859,2026-06-15 06:37:46,PRIVACY,MEDIUM,CLOSED,SMS,2026-06-29 06:37:46
COMPLAINT0006381,ACC0015633,BRW0000484,2026-07-10 07:20:37,WRONG_CONTACT,MEDIUM,RESOLVED,FIELD,2026-07-27 07:20:37
COMPLAINT0006382,ACC0010797,BRW0003901,2026-05-02 06:22:49,DISPUTE,MEDIUM,INVESTIGATING,EMAIL,2026-05-19 06:22:49
COMPLAINT0006383,ACC0013318,BRW0003388,2026-06-12 20:04:38,HARASSMENT,HIGH,INVESTIGATING,FIELD,2026-06-18 20:04:38
COMPLAINT0006384,ACC0009848,BRW0007117,2026-04-01 19:33:24,AGENT_BEHAVIOUR,CRITICAL,RESOLVED,EMAIL,2026-04-20 19:33:24
COMPLAINT0006385,ACC0001802,BRW0002716,2026-05-24 11:49:29,DISPUTE,LOW,RESOLVED,FIELD,2026-05-31 11:49:29
COMPLAINT0006386,ACC0022490,BRW0006123,2026-04-30 10:42:42,DISPUTE,MEDIUM,RESOLVED,CALL,2026-05-19 10:42:42
COMPLAINT0006387,ACC0014231,BRW0011078,2026-08-06 08:51:59,PRIVACY,HIGH,RESOLVED,WHATSAPP,2026-08-07 08:51:59
COMPLAINT0006388,ACC0002492,BRW0010707,2026-04-02 06:32:08,PAYMENT,HIGH,INVESTIGATING,SMS,2026-04-18 06:32:08
COMPLAINT0006389,ACC0018383,BRW0001216,2026-03-25 04:47:02,PRIVACY,MEDIUM,RESOLVED,FIELD,2026-04-06 04:47:02
COMPLAINT0006390,ACC0019371,BRW0008713,2026-08-04 20:55:58,HARASSMENT,MEDIUM,INVESTIGATING,CALL,2026-08-12 20:55:58
COMPLAINT0006391,ACC0009601,BRW0007223,2026-06-25 02:09:00,HARASSMENT,HIGH,RESOLVED,SMS,2026-06-29 02:09:00
COMPLAINT0006392,ACC0019414,BRW0001884,2026-02-26 08:44:28,DND,HIGH,INVESTIGATING,WHATSAPP,2026-03-12 08:44:28
COMPLAINT0006393,ACC0019060,BRW0008875,2026-01-30 22:41:08,HARASSMENT,MEDIUM,RESOLVED,SMS,2026-02-05 22:41:08
COMPLAINT0006394,ACC0022770,BRW0007001,2026-07-13 03:01:16,DISPUTE,HIGH,RESOLVED,SMS,2026-07-22 03:01:16
COMPLAINT0006395,ACC0016782,BRW0011076,2026-04-11 08:15:45,PRIVACY,HIGH,CLOSED,CALL,2026-04-24 08:15:45
COMPLAINT0006396,ACC0022114,BRW0001290,2026-01-18 19:10:30,DND,HIGH,CLOSED,CALL,2026-01-25 19:10:30
COMPLAINT0006397,ACC0025268,BRW0001537,2026-02-23 22:54:52,PRIVACY,CRITICAL,CLOSED,EMAIL,2026-03-01 22:54:52
COMPLAINT0006398,ACC0003273,BRW0004525,2026-02-08 03:26:34,DISPUTE,CRITICAL,INVESTIGATING,SMS,2026-02-11 03:26:34
COMPLAINT0006399,ACC0012038,BRW0002686,2026-02-20 20:56:07,PRIVACY,HIGH,CLOSED,SMS,2026-02-23 20:56:07
COMPLAINT0006400,ACC0017307,BRW0007541,2026-07-20 12:39:10,DISPUTE,HIGH,CLOSED,WHATSAPP,2026-07-31 12:39:10
COMPLAINT0006401,ACC0020268,BRW0001616,2026-05-03 03:49:11,DND,CRITICAL,INVESTIGATING,WHATSAPP,2026-05-19 03:49:11
COMPLAINT0006402,ACC0019609,BRW0000249,2026-02-01 11:26:10,DISPUTE,MEDIUM,RESOLVED,SMS,2026-02-16 11:26:10
COMPLAINT0006403,ACC0024186,BRW0001589,2026-02-12 13:50:29,HARASSMENT,MEDIUM,INVESTIGATING,FIELD,2026-02-28 13:50:29
COMPLAINT0006404,ACC0024936,BRW0004075,2026-07-12 16:49:40,AGENT_BEHAVIOUR,LOW,CLOSED,EMAIL,2026-07-13 16:49:40
COMPLAINT0006405,ACC0003168,BRW0004691,2026-07-23 03:43:11,PRIVACY,CRITICAL,OPEN,FIELD,2026-08-11 03:43:11
COMPLAINT0006406,ACC0007572,BRW0011128,2026-01-17 06:36:05,WRONG_CONTACT,MEDIUM,INVESTIGATING,EMAIL,2026-02-01 06:36:05
COMPLAINT0006407,ACC0027212,BRW0000495,2026-06-17 05:36:51,DISPUTE,LOW,INVESTIGATING,FIELD,2026-06-26 05:36:51
COMPLAINT0006408,ACC0008158,BRW0009508,2026-06-23 17:49:14,PRIVACY,CRITICAL,OPEN,WHATSAPP,2026-06-29 17:49:14
COMPLAINT0006409,ACC0009705,BRW0011326,2026-02-23 02:58:35,DND,HIGH,RESOLVED,SMS,2026-03-11 02:58:35
COMPLAINT0006410,ACC0001318,BRW0008926,2026-01-19 13:30:41,DND,CRITICAL,INVESTIGATING,EMAIL,2026-01-26 13:30:41
COMPLAINT0006411,ACC0009225,BRW0009565,2026-04-11 16:15:45,DND,CRITICAL,OPEN,WHATSAPP,2026-04-27 16:15:45
COMPLAINT0006412,ACC0003227,BRW0001804,2026-06-01 21:35:58,WRONG_CONTACT,CRITICAL,OPEN,WHATSAPP,2026-06-13 21:35:58
COMPLAINT0006413,ACC0028967,BRW0005642,2026-08-08 01:36:30,WRONG_CONTACT,CRITICAL,OPEN,WHATSAPP,2026-08-13 01:36:30
COMPLAINT0006414,ACC0011328,BRW0005713,2026-02-02 17:35:02,HARASSMENT,LOW,OPEN,EMAIL,2026-02-10 17:35:02
COMPLAINT0006415,ACC0010592,BRW0000022,2026-07-04 22:18:08,PRIVACY,HIGH,OPEN,WHATSAPP,2026-07-06 22:18:08
COMPLAINT0006416,ACC0000676,BRW0002812,2026-05-30 15:51:30,PRIVACY,LOW,RESOLVED,CALL,2026-06-18 15:51:30
COMPLAINT0006417,ACC0021180,BRW0000757,2026-04-07 06:28:36,DISPUTE,HIGH,CLOSED,EMAIL,2026-04-11 06:28:36
COMPLAINT0006418,ACC0012317,BRW0004444,2026-04-09 17:07:13,PRIVACY,HIGH,RESOLVED,FIELD,2026-04-10 17:07:13
COMPLAINT0006419,ACC0003367,BRW0006227,2026-06-18 08:12:26,DND,CRITICAL,CLOSED,EMAIL,2026-06-23 08:12:26
COMPLAINT0006420,ACC0011560,BRW0006536,2026-04-30 07:47:33,DISPUTE,LOW,RESOLVED,CALL,2026-05-08 07:47:33
COMPLAINT0006421,ACC0009765,BRW0011264,2026-04-21 20:36:02,DND,HIGH,CLOSED,FIELD,2026-05-04 20:36:02
COMPLAINT0006422,ACC0028461,BRW0004954,2026-07-02 02:23:08,DISPUTE,MEDIUM,OPEN,EMAIL,2026-07-11 02:23:08
COMPLAINT0006423,ACC0027936,BRW0011529,2026-05-29 01:45:43,AGENT_BEHAVIOUR,MEDIUM,INVESTIGATING,FIELD,2026-06-14 01:45:43
COMPLAINT0006424,ACC0000185,BRW0007762,2026-05-20 12:02:10,WRONG_CONTACT,HIGH,INVESTIGATING,FIELD,2026-06-03 12:02:10
COMPLAINT0006425,ACC0022560,BRW0007359,2026-02-10 09:46:23,DND,LOW,RESOLVED,EMAIL,2026-02-15 09:46:23
COMPLAINT0006426,ACC0026000,BRW0006860,2026-05-14 22:23:49,PRIVACY,MEDIUM,CLOSED,WHATSAPP,2026-05-26 22:23:49
COMPLAINT0006427,ACC0015681,BRW0005669,2026-08-08 19:58:14,AGENT_BEHAVIOUR,CRITICAL,OPEN,WHATSAPP,2026-08-15 19:58:14
COMPLAINT0006428,ACC0025414,BRW0008282,2026-02-20 11:30:33,DISPUTE,HIGH,CLOSED,FIELD,2026-03-02 11:30:33
COMPLAINT0006429,ACC0012772,BRW0009147,2026-07-27 09:14:10,PRIVACY,LOW,RESOLVED,FIELD,2026-08-13 09:14:10
COMPLAINT0006430,ACC0003713,BRW0004375,2026-02-15 04:58:59,PAYMENT,MEDIUM,RESOLVED,FIELD,2026-02-27 04:58:59
COMPLAINT0006431,ACC0009219,BRW0006301,2026-07-17 01:36:05,PAYMENT,MEDIUM,RESOLVED,WHATSAPP,2026-07-29 01:36:05
COMPLAINT0006432,ACC0007237,BRW0009734,2026-06-07 10:19:49,WRONG_CONTACT,HIGH,CLOSED,SMS,2026-06-26 10:19:49
COMPLAINT0006433,ACC0004017,BRW0007593,2026-03-29 23:40:27,AGENT_BEHAVIOUR,HIGH,OPEN,EMAIL,2026-03-31 23:40:27
COMPLAINT0006434,ACC0008006,BRW0004967,2026-03-17 08:40:46,AGENT_BEHAVIOUR,HIGH,INVESTIGATING,WHATSAPP,2026-03-22 08:40:46
COMPLAINT0006435,ACC0025414,BRW0002865,2026-04-14 22:08:15,PRIVACY,LOW,INVESTIGATING,CALL,2026-05-03 22:08:15
COMPLAINT0006436,ACC0021746,BRW0001857,2026-07-28 13:35:11,WRONG_CONTACT,HIGH,RESOLVED,FIELD,2026-08-13 13:35:11
COMPLAINT0006437,ACC0002854,BRW0006402,2026-07-17 16:57:34,DISPUTE,LOW,RESOLVED,CALL,2026-07-25 16:57:34
COMPLAINT0006438,ACC0019689,BRW0001387,2026-06-09 16:32:32,WRONG_CONTACT,CRITICAL,RESOLVED,EMAIL,2026-06-19 16:32:32
COMPLAINT0006439,ACC0000913,BRW0006939,2026-07-28 12:55:09,DISPUTE,MEDIUM,RESOLVED,FIELD,2026-08-15 12:55:09
COMPLAINT0006440,ACC0024252,BRW0003618,2026-02-27 20:43:27,WRONG_CONTACT,LOW,CLOSED,EMAIL,2026-03-10 20:43:27
COMPLAINT0006441,ACC0000282,BRW0010408,2026-03-31 11:41:01,DND,CRITICAL,CLOSED,WHATSAPP,2026-04-03 11:41:01
COMPLAINT0006442,ACC0025104,BRW0006855,2026-02-21 14:48:13,PAYMENT,CRITICAL,CLOSED,FIELD,2026-02-24 14:48:13
COMPLAINT0006443,ACC0028610,BRW0006940,2026-04-21 07:37:18,HARASSMENT,MEDIUM,INVESTIGATING,CALL,2026-04-27 07:37:18
COMPLAINT0006444,ACC0020699,BRW0000789,2026-04-02 00:23:59,PRIVACY,MEDIUM,CLOSED,WHATSAPP,2026-04-03 00:23:59
COMPLAINT0006445,ACC0014472,BRW0008711,2026-07-25 11:30:16,HARASSMENT,LOW,CLOSED,SMS,2026-08-01 11:30:16
COMPLAINT0006446,ACC0006767,BRW0009170,2026-05-16 13:47:20,WRONG_CONTACT,LOW,CLOSED,EMAIL,2026-06-03 13:47:20
COMPLAINT0006447,ACC0029529,BRW0000288,2026-03-23 01:47:45,PRIVACY,CRITICAL,INVESTIGATING,SMS,2026-03-30 01:47:45
COMPLAINT0006448,ACC0015194,BRW0004380,2026-04-02 04:01:56,PRIVACY,HIGH,INVESTIGATING,EMAIL,2026-04-10 04:01:56
COMPLAINT0006449,ACC0015707,BRW0007429,2026-07-12 07:20:54,AGENT_BEHAVIOUR,LOW,RESOLVED,WHATSAPP,2026-07-21 07:20:54
COMPLAINT0006450,ACC0008789,BRW0002602,2026-01-10 20:45:50,WRONG_CONTACT,LOW,RESOLVED,CALL,2026-01-22 20:45:50
COMPLAINT0006451,ACC0029532,BRW0010073,2026-07-27 00:14:30,WRONG_CONTACT,MEDIUM,RESOLVED,WHATSAPP,2026-08-05 00:14:30
COMPLAINT0006452,ACC0024276,BRW0008715,2026-03-07 23:15:44,DISPUTE,CRITICAL,RESOLVED,CALL,2026-03-11 23:15:44
COMPLAINT0006453,ACC0022982,BRW0008032,2026-06-12 09:04:51,HARASSMENT,CRITICAL,RESOLVED,WHATSAPP,2026-06-19 09:04:51
COMPLAINT0006454,ACC0010125,BRW0007735,2026-06-14 14:06:59,DND,MEDIUM,RESOLVED,FIELD,2026-06-21 14:06:59
COMPLAINT0006455,ACC0006337,BRW0007301,2026-07-19 08:49:07,PRIVACY,LOW,CLOSED,CALL,2026-07-31 08:49:07
COMPLAINT0006456,ACC0029492,BRW0002717,2026-03-01 14:49:33,PAYMENT,MEDIUM,RESOLVED,EMAIL,2026-03-04 14:49:33
COMPLAINT0006457,ACC0019348,BRW0010230,2026-01-07 18:07:42,PAYMENT,CRITICAL,CLOSED,SMS,2026-01-11 18:07:42
COMPLAINT0006458,ACC0009070,BRW0009041,2026-07-12 16:07:02,AGENT_BEHAVIOUR,LOW,OPEN,WHATSAPP,2026-07-17 16:07:02
COMPLAINT0006459,ACC0024356,BRW0002631,2026-01-06 00:27:36,PRIVACY,LOW,OPEN,SMS,2026-01-10 00:27:36
COMPLAINT0006460,ACC0011273,BRW0003561,2026-04-10 08:28:45,AGENT_BEHAVIOUR,HIGH,OPEN,SMS,2026-04-21 08:28:45
COMPLAINT0006461,ACC0025988,BRW0010618,2026-03-26 06:31:28,WRONG_CONTACT,MEDIUM,RESOLVED,SMS,2026-04-05 06:31:28
COMPLAINT0006462,ACC0015410,BRW0001164,2026-04-11 18:46:46,HARASSMENT,LOW,RESOLVED,WHATSAPP,2026-04-22 18:46:46
COMPLAINT0006463,ACC0015046,BRW0004052,2026-03-22 16:56:47,WRONG_CONTACT,CRITICAL,RESOLVED,FIELD,2026-04-01 16:56:47
COMPLAINT0006464,ACC0006553,BRW0011579,2026-06-16 20:11:35,PAYMENT,LOW,OPEN,EMAIL,2026-07-02 20:11:35
COMPLAINT0006465,ACC0017366,BRW0000603,2026-06-28 10:17:15,HARASSMENT,CRITICAL,CLOSED,SMS,2026-07-15 10:17:15
COMPLAINT0006466,ACC0003098,BRW0010465,2026-01-30 02:15:56,HARASSMENT,HIGH,CLOSED,WHATSAPP,2026-02-18 02:15:56
COMPLAINT0006467,ACC0012714,BRW0000139,2026-04-13 11:42:36,PRIVACY,HIGH,OPEN,EMAIL,2026-04-28 11:42:36
COMPLAINT0006468,ACC0013435,BRW0007542,2026-02-02 02:37:55,PAYMENT,CRITICAL,OPEN,FIELD,2026-02-14 02:37:55
COMPLAINT0006469,ACC0029917,BRW0003820,2026-07-04 06:46:22,DISPUTE,CRITICAL,OPEN,SMS,2026-07-17 06:46:22
COMPLAINT0006470,ACC0000057,BRW0010375,2026-02-11 15:29:13,DND,CRITICAL,RESOLVED,FIELD,2026-02-18 15:29:13
COMPLAINT0006471,ACC0013313,BRW0000119,2026-05-29 00:27:08,DISPUTE,MEDIUM,CLOSED,SMS,2026-06-04 00:27:08
COMPLAINT0006472,ACC0022453,BRW0000061,2026-06-14 13:32:54,WRONG_CONTACT,MEDIUM,OPEN,SMS,2026-06-17 13:32:54
COMPLAINT0006473,ACC0013380,BRW0007884,2026-02-14 09:02:11,HARASSMENT,HIGH,INVESTIGATING,WHATSAPP,2026-02-21 09:02:11
COMPLAINT0006474,ACC0014996,BRW0006159,2026-07-20 20:52:14,PRIVACY,HIGH,OPEN,FIELD,2026-07-21 20:52:14
COMPLAINT0006475,ACC0026604,BRW0000154,2026-02-05 13:59:13,WRONG_CONTACT,LOW,OPEN,SMS,2026-02-21 13:59:13
COMPLAINT0006476,ACC0012100,BRW0003029,2026-02-25 05:04:05,WRONG_CONTACT,CRITICAL,INVESTIGATING,FIELD,2026-03-07 05:04:05
COMPLAINT0006477,ACC0025830,BRW0010095,2026-03-24 17:21:56,WRONG_CONTACT,MEDIUM,RESOLVED,WHATSAPP,2026-04-08 17:21:56
COMPLAINT0006478,ACC0012136,BRW0007761,2026-04-27 04:52:38,HARASSMENT,LOW,RESOLVED,WHATSAPP,2026-05-03 04:52:38
COMPLAINT0006479,ACC0016660,BRW0001362,2026-01-26 16:00:21,DISPUTE,MEDIUM,INVESTIGATING,FIELD,2026-01-30 16:00:21
COMPLAINT0006480,ACC0001302,BRW0002723,2026-03-11 22:32:41,WRONG_CONTACT,HIGH,OPEN,SMS,2026-03-17 22:32:41
COMPLAINT0006481,ACC0009966,BRW0004788,2026-05-09 09:51:48,PRIVACY,HIGH,INVESTIGATING,SMS,2026-05-17 09:51:48
COMPLAINT0006482,ACC0028632,BRW0000899,2026-04-03 00:20:18,PAYMENT,CRITICAL,INVESTIGATING,SMS,2026-04-05 00:20:18
COMPLAINT0006483,ACC0011210,BRW0010677,2026-06-16 03:59:03,PAYMENT,LOW,RESOLVED,FIELD,2026-06-26 03:59:03
COMPLAINT0006484,ACC0022936,BRW0004810,2026-04-14 22:22:15,AGENT_BEHAVIOUR,HIGH,OPEN,WHATSAPP,2026-05-02 22:22:15
COMPLAINT0006485,ACC0007222,BRW0009904,2026-02-26 02:17:14,HARASSMENT,MEDIUM,RESOLVED,EMAIL,2026-03-02 02:17:14
COMPLAINT0006486,ACC0027726,BRW0009813,2026-01-18 04:06:35,DISPUTE,LOW,INVESTIGATING,EMAIL,2026-01-25 04:06:35
COMPLAINT0006487,ACC0020145,BRW0010740,2026-01-31 04:37:19,DISPUTE,LOW,CLOSED,CALL,2026-02-01 04:37:19
COMPLAINT0006488,ACC0004431,BRW0007954,2026-06-08 12:38:30,AGENT_BEHAVIOUR,LOW,RESOLVED,SMS,2026-06-20 12:38:30
COMPLAINT0006489,ACC0010493,BRW0005661,2026-01-22 23:57:37,WRONG_CONTACT,CRITICAL,OPEN,SMS,2026-01-31 23:57:37
COMPLAINT0006490,ACC0026553,BRW0003781,2026-08-07 04:58:59,AGENT_BEHAVIOUR,CRITICAL,RESOLVED,WHATSAPP,2026-08-17 04:58:59
COMPLAINT0006491,ACC0001793,BRW0007884,2026-06-14 03:12:27,AGENT_BEHAVIOUR,HIGH,INVESTIGATING,FIELD,2026-07-03 03:12:27
COMPLAINT0006492,ACC0019832,BRW0004082,2026-03-29 11:11:04,PRIVACY,LOW,OPEN,CALL,2026-04-12 11:11:04
COMPLAINT0006493,ACC0019211,BRW0002808,2026-03-26 09:47:38,HARASSMENT,MEDIUM,INVESTIGATING,CALL,2026-04-03 09:47:38
COMPLAINT0006494,ACC0029129,BRW0001368,2026-04-25 06:15:56,PRIVACY,LOW,RESOLVED,FIELD,2026-05-05 06:15:56
COMPLAINT0006495,ACC0004557,BRW0005846,2026-01-28 17:28:42,HARASSMENT,CRITICAL,INVESTIGATING,SMS,2026-01-29 17:28:42
COMPLAINT0006496,ACC0021850,BRW0001344,2026-03-01 05:48:45,AGENT_BEHAVIOUR,LOW,RESOLVED,CALL,2026-03-09 05:48:45
COMPLAINT0006497,ACC0024521,BRW0006862,2026-04-24 10:55:42,PRIVACY,MEDIUM,RESOLVED,FIELD,2026-05-03 10:55:42
COMPLAINT0006498,ACC0004245,BRW0007172,2026-03-14 17:02:04,WRONG_CONTACT,MEDIUM,CLOSED,WHATSAPP,2026-03-23 17:02:04
COMPLAINT0006499,ACC0010319,BRW0007094,2026-05-07 11:06:27,WRONG_CONTACT,CRITICAL,CLOSED,WHATSAPP,2026-05-20 11:06:27
COMPLAINT0006500,ACC0015183,BRW0006196,2026-02-06 22:04:44,AGENT_BEHAVIOUR,HIGH,INVESTIGATING,FIELD,2026-02-11 22:04:44
COMPLAINT0006501,ACC0005322,BRW0004564,2026-04-08 12:17:25,WRONG_CONTACT,CRITICAL,CLOSED,SMS,2026-04-20 12:17:25
COMPLAINT0006502,ACC0002419,BRW0000407,2026-08-07 02:26:09,DISPUTE,LOW,INVESTIGATING,CALL,2026-08-21 02:26:09
COMPLAINT0006503,ACC0018918,BRW0005903,2026-04-30 09:44:27,AGENT_BEHAVIOUR,CRITICAL,INVESTIGATING,EMAIL,2026-05-08 09:44:27
COMPLAINT0006504,ACC0005414,BRW0009108,2026-05-10 15:55:20,HARASSMENT,CRITICAL,INVESTIGATING,CALL,2026-05-29 15:55:20
COMPLAINT0006505,ACC0004507,BRW0006290,2026-04-12 08:40:55,PAYMENT,MEDIUM,CLOSED,SMS,2026-04-28 08:40:55
COMPLAINT0006506,ACC0003340,BRW0008238,2026-01-22 13:13:52,AGENT_BEHAVIOUR,MEDIUM,INVESTIGATING,WHATSAPP,2026-02-07 13:13:52
COMPLAINT0006507,ACC0025978,BRW0004437,2026-04-04 10:18:43,DND,LOW,INVESTIGATING,CALL,2026-04-19 10:18:43
COMPLAINT0006508,ACC0013803,BRW0006182,2026-02-11 18:19:10,WRONG_CONTACT,CRITICAL,OPEN,WHATSAPP,2026-02-24 18:19:10
COMPLAINT0006509,ACC0029936,BRW0009799,2026-01-11 11:44:22,DND,HIGH,OPEN,FIELD,2026-01-18 11:44:22
COMPLAINT0006510,ACC0025679,BRW0000241,2026-06-25 15:45:12,HARASSMENT,HIGH,CLOSED,WHATSAPP,2026-07-11 15:45:12
COMPLAINT0006511,ACC0027721,BRW0011096,2026-07-30 04:09:16,WRONG_CONTACT,HIGH,RESOLVED,SMS,2026-08-11 04:09:16
COMPLAINT0006512,ACC0028000,BRW0007093,2026-07-12 08:06:13,DISPUTE,MEDIUM,INVESTIGATING,CALL,2026-07-29 08:06:13
COMPLAINT0006513,ACC0028346,BRW0005499,2026-06-30 12:04:47,PRIVACY,HIGH,CLOSED,SMS,2026-07-01 12:04:47
COMPLAINT0006514,ACC0022291,BRW0011056,2026-01-06 07:01:01,HARASSMENT,MEDIUM,OPEN,EMAIL,2026-01-23 07:01:01
COMPLAINT0006515,ACC0023632,BRW0007570,2026-07-19 09:44:42,DISPUTE,LOW,INVESTIGATING,CALL,2026-07-22 09:44:42
COMPLAINT0006516,ACC0008629,BRW0001474,2026-04-05 14:33:19,PAYMENT,HIGH,OPEN,SMS,2026-04-10 14:33:19
COMPLAINT0006517,ACC0021009,BRW0010437,2026-01-11 19:33:19,DND,MEDIUM,RESOLVED,CALL,2026-01-18 19:33:19
COMPLAINT0006518,ACC0021206,BRW0000853,2026-04-26 12:48:32,WRONG_CONTACT,HIGH,RESOLVED,SMS,2026-05-01 12:48:32
COMPLAINT0006519,ACC0028942,BRW0001231,2026-01-11 15:23:16,DND,MEDIUM,INVESTIGATING,WHATSAPP,2026-01-21 15:23:16
COMPLAINT0006520,ACC0010736,BRW0004153,2026-02-10 19:20:30,AGENT_BEHAVIOUR,HIGH,RESOLVED,CALL,2026-02-14 19:20:30
COMPLAINT0006521,ACC0001326,BRW0006049,2026-06-19 18:50:12,HARASSMENT,CRITICAL,CLOSED,WHATSAPP,2026-06-21 18:50:12
COMPLAINT0006522,ACC0007180,BRW0007932,2026-05-26 23:34:28,HARASSMENT,MEDIUM,OPEN,EMAIL,2026-05-28 23:34:28
COMPLAINT0006523,ACC0020154,BRW0002937,2026-06-15 11:09:11,PRIVACY,LOW,CLOSED,FIELD,2026-06-16 11:09:11
COMPLAINT0006524,ACC0024667,BRW0009650,2026-02-04 13:37:50,AGENT_BEHAVIOUR,CRITICAL,CLOSED,FIELD,2026-02-08 13:37:50
COMPLAINT0006525,ACC0019554,BRW0009504,2026-03-24 10:29:02,DISPUTE,CRITICAL,INVESTIGATING,EMAIL,2026-04-01 10:29:02
COMPLAINT0006526,ACC0017234,BRW0000759,2026-06-11 01:16:27,WRONG_CONTACT,LOW,CLOSED,WHATSAPP,2026-06-15 01:16:27
COMPLAINT0006527,ACC0015609,BRW0002442,2026-07-03 15:52:34,AGENT_BEHAVIOUR,MEDIUM,CLOSED,SMS,2026-07-18 15:52:34
COMPLAINT0006528,ACC0009003,BRW0005032,2026-05-11 19:12:19,WRONG_CONTACT,LOW,INVESTIGATING,WHATSAPP,2026-05-18 19:12:19
COMPLAINT0006529,ACC0009680,BRW0005824,2026-06-15 12:09:23,PRIVACY,CRITICAL,INVESTIGATING,FIELD,2026-06-22 12:09:23
COMPLAINT0006530,ACC0017101,BRW0006624,2026-05-14 15:21:56,WRONG_CONTACT,HIGH,INVESTIGATING,CALL,2026-05-26 15:21:56
COMPLAINT0006531,ACC0019436,BRW0009806,2026-03-22 06:07:40,HARASSMENT,LOW,OPEN,EMAIL,2026-03-23 06:07:40
COMPLAINT0006532,ACC0015730,BRW0009506,2026-06-28 00:25:16,AGENT_BEHAVIOUR,LOW,RESOLVED,CALL,2026-07-02 00:25:16
COMPLAINT0006533,ACC0015038,BRW0010279,2026-07-03 06:29:25,WRONG_CONTACT,HIGH,INVESTIGATING,EMAIL,2026-07-14 06:29:25
COMPLAINT0006534,ACC0026336,BRW0011377,2026-07-25 15:48:56,HARASSMENT,LOW,INVESTIGATING,WHATSAPP,2026-08-10 15:48:56
COMPLAINT0006535,ACC0004532,BRW0007880,2026-02-11 11:09:12,DND,HIGH,INVESTIGATING,EMAIL,2026-02-18 11:09:12
COMPLAINT0006536,ACC0002539,BRW0004141,2026-02-07 08:16:42,DISPUTE,HIGH,OPEN,EMAIL,2026-02-21 08:16:42
COMPLAINT0006537,ACC0022620,BRW0008243,2026-01-26 07:09:40,WRONG_CONTACT,LOW,OPEN,CALL,2026-01-30 07:09:40
COMPLAINT0006538,ACC0015557,BRW0010275,2026-06-24 13:56:18,HARASSMENT,LOW,INVESTIGATING,FIELD,2026-07-02 13:56:18
COMPLAINT0006539,ACC0022904,BRW0006155,2026-02-12 09:12:13,PAYMENT,HIGH,INVESTIGATING,SMS,2026-02-24 09:12:13
COMPLAINT0006540,ACC0000369,BRW0004040,2026-06-25 07:46:31,PAYMENT,HIGH,INVESTIGATING,WHATSAPP,2026-07-06 07:46:31
COMPLAINT0006541,ACC0004269,BRW0001577,2026-04-18 21:04:04,AGENT_BEHAVIOUR,MEDIUM,INVESTIGATING,FIELD,2026-04-20 21:04:04
COMPLAINT0006542,ACC0012181,BRW0008763,2026-05-05 11:24:11,AGENT_BEHAVIOUR,HIGH,INVESTIGATING,SMS,2026-05-08 11:24:11
COMPLAINT0006543,ACC0022045,BRW0003772,2026-06-27 18:22:26,AGENT_BEHAVIOUR,HIGH,RESOLVED,EMAIL,2026-07-11 18:22:26
COMPLAINT0006544,ACC0004631,BRW0004954,2026-06-30 08:16:47,PRIVACY,HIGH,INVESTIGATING,WHATSAPP,2026-07-14 08:16:47
COMPLAINT0006545,ACC0004646,BRW0007603,2026-02-17 16:36:48,AGENT_BEHAVIOUR,MEDIUM,INVESTIGATING,CALL,2026-03-01 16:36:48
COMPLAINT0006546,ACC0022332,BRW0005645,2026-05-08 07:09:58,DND,LOW,OPEN,EMAIL,2026-05-21 07:09:58
COMPLAINT0006547,ACC0029343,BRW0009338,2026-08-01 15:45:38,DND,LOW,CLOSED,WHATSAPP,2026-08-17 15:45:38
COMPLAINT0006548,ACC0006331,BRW0004471,2026-06-22 17:26:15,WRONG_CONTACT,HIGH,OPEN,EMAIL,2026-07-09 17:26:15
COMPLAINT0006549,ACC0009056,BRW0005502,2026-01-02 23:18:56,PRIVACY,MEDIUM,CLOSED,EMAIL,2026-01-03 23:18:56
COMPLAINT0006550,ACC0022155,BRW0004420,2026-03-06 02:56:17,DND,MEDIUM,CLOSED,WHATSAPP,2026-03-13 02:56:17
COMPLAINT0006551,ACC0012816,BRW0000363,2026-07-28 18:43:02,PRIVACY,MEDIUM,OPEN,FIELD,2026-08-11 18:43:02
COMPLAINT0006552,ACC0003511,BRW0011585,2026-03-18 21:50:33,HARASSMENT,HIGH,OPEN,SMS,2026-04-05 21:50:33
COMPLAINT0006553,ACC0026459,BRW0004267,2026-02-05 15:00:02,HARASSMENT,CRITICAL,OPEN,WHATSAPP,2026-02-06 15:00:02
COMPLAINT0006554,ACC0009056,BRW0009244,2026-05-09 03:00:43,AGENT_BEHAVIOUR,MEDIUM,CLOSED,SMS,2026-05-27 03:00:43
COMPLAINT0006555,ACC0019800,BRW0008872,2026-07-14 00:52:28,WRONG_CONTACT,CRITICAL,OPEN,WHATSAPP,2026-07-18 00:52:28
COMPLAINT0006556,ACC0023007,BRW0005137,2026-02-24 04:12:07,DND,MEDIUM,CLOSED,FIELD,2026-03-03 04:12:07
COMPLAINT0006557,ACC0021301,BRW0008182,2026-05-10 20:57:19,DISPUTE,LOW,OPEN,SMS,2026-05-15 20:57:19
COMPLAINT0006558,ACC0022118,BRW0004493,2026-02-28 19:36:01,DND,HIGH,CLOSED,FIELD,2026-03-03 19:36:01
COMPLAINT0006559,ACC0013703,BRW0006865,2026-04-23 06:45:01,HARASSMENT,MEDIUM,OPEN,EMAIL,2026-05-11 06:45:01
COMPLAINT0006560,ACC0017128,BRW0007189,2026-01-25 04:54:43,WRONG_CONTACT,HIGH,OPEN,EMAIL,2026-02-01 04:54:43
COMPLAINT0006561,ACC0028588,BRW0002501,2026-07-15 18:07:09,PRIVACY,HIGH,RESOLVED,CALL,2026-07-18 18:07:09
COMPLAINT0006562,ACC0017572,BRW0003269,2026-01-17 00:14:40,DISPUTE,LOW,OPEN,EMAIL,2026-01-28 00:14:40
COMPLAINT0006563,ACC0023837,BRW0006943,2026-05-02 15:09:28,DND,CRITICAL,RESOLVED,WHATSAPP,2026-05-09 15:09:28
COMPLAINT0006564,ACC0014326,BRW0000107,2026-04-03 18:02:02,PAYMENT,MEDIUM,OPEN,SMS,2026-04-13 18:02:02
COMPLAINT0006565,ACC0006565,BRW0007393,2026-06-09 11:59:22,DISPUTE,MEDIUM,CLOSED,FIELD,2026-06-13 11:59:22
COMPLAINT0006566,ACC0015232,BRW0007928,2026-04-01 11:28:17,DND,HIGH,OPEN,SMS,2026-04-07 11:28:17
COMPLAINT0006567,ACC0022344,BRW0004742,2026-01-30 20:44:14,PAYMENT,LOW,RESOLVED,SMS,2026-02-13 20:44:14
COMPLAINT0006568,ACC0011438,BRW0005777,2026-05-01 10:24:34,AGENT_BEHAVIOUR,LOW,INVESTIGATING,SMS,2026-05-10 10:24:34
COMPLAINT0006569,ACC0001439,BRW0002555,2026-02-26 23:46:30,AGENT_BEHAVIOUR,LOW,OPEN,FIELD,2026-03-13 23:46:30
COMPLAINT0006570,ACC0009245,BRW0009779,2026-02-15 13:07:44,HARASSMENT,HIGH,CLOSED,SMS,2026-03-05 13:07:44
COMPLAINT0006571,ACC0001269,BRW0005238,2026-07-02 21:12:44,DND,MEDIUM,CLOSED,CALL,2026-07-04 21:12:44
COMPLAINT0006572,ACC0025654,BRW0004185,2026-03-12 04:25:34,PAYMENT,MEDIUM,INVESTIGATING,CALL,2026-03-31 04:25:34
COMPLAINT0006573,ACC0006736,BRW0008719,2026-01-23 21:08:40,PAYMENT,LOW,RESOLVED,FIELD,2026-02-03 21:08:40
COMPLAINT0006574,ACC0024103,BRW0003171,2026-07-21 23:51:45,DISPUTE,HIGH,INVESTIGATING,SMS,2026-07-24 23:51:45
COMPLAINT0006575,ACC0010098,BRW0003637,2026-07-03 06:09:16,DND,CRITICAL,INVESTIGATING,FIELD,2026-07-14 06:09:16
COMPLAINT0006576,ACC0018253,BRW0002674,2026-06-19 13:17:35,AGENT_BEHAVIOUR,LOW,OPEN,WHATSAPP,2026-07-02 13:17:35
COMPLAINT0006577,ACC0023311,BRW0005115,2026-01-27 05:07:05,WRONG_CONTACT,LOW,OPEN,FIELD,2026-02-11 05:07:05
COMPLAINT0006578,ACC0017872,BRW0002079,2026-03-02 02:08:28,PAYMENT,LOW,INVESTIGATING,WHATSAPP,2026-03-16 02:08:28
COMPLAINT0006579,ACC0010067,BRW0007495,2026-02-04 18:41:00,DISPUTE,LOW,INVESTIGATING,EMAIL,2026-02-22 18:41:00
COMPLAINT0006580,ACC0012498,BRW0011577,2026-02-14 02:55:49,DND,LOW,INVESTIGATING,EMAIL,2026-02-16 02:55:49
COMPLAINT0006581,ACC0015465,BRW0006077,2026-04-13 18:32:10,PRIVACY,HIGH,RESOLVED,WHATSAPP,2026-04-26 18:32:10
COMPLAINT0006582,ACC0028957,BRW0009393,2026-01-02 20:59:41,PRIVACY,HIGH,OPEN,FIELD,2026-01-16 20:59:41
COMPLAINT0006583,ACC0013053,BRW0010306,2026-01-16 02:43:51,DND,MEDIUM,CLOSED,WHATSAPP,2026-01-29 02:43:51
COMPLAINT0006584,ACC0014572,BRW0008008,2026-05-27 20:50:10,DND,LOW,CLOSED,WHATSAPP,2026-06-10 20:50:10
COMPLAINT0006585,ACC0028450,BRW0008867,2026-06-15 18:00:22,AGENT_BEHAVIOUR,MEDIUM,INVESTIGATING,EMAIL,2026-07-04 18:00:22
COMPLAINT0006586,ACC0011171,BRW0009733,2026-05-30 01:22:03,DISPUTE,HIGH,INVESTIGATING,EMAIL,2026-06-17 01:22:03
COMPLAINT0006587,ACC0000990,BRW0004245,2026-01-18 05:22:07,PRIVACY,CRITICAL,RESOLVED,WHATSAPP,2026-01-27 05:22:07
COMPLAINT0006588,ACC0007108,BRW0011379,2026-01-06 17:01:34,PRIVACY,MEDIUM,RESOLVED,WHATSAPP,2026-01-22 17:01:34
COMPLAINT0006589,ACC0020762,BRW0001995,2026-06-17 15:23:06,AGENT_BEHAVIOUR,HIGH,INVESTIGATING,CALL,2026-06-25 15:23:06
COMPLAINT0006590,ACC0016339,BRW0003526,2026-02-10 15:29:51,AGENT_BEHAVIOUR,HIGH,CLOSED,WHATSAPP,2026-02-27 15:29:51
COMPLAINT0006591,ACC0012510,BRW0005155,2026-05-13 07:32:16,WRONG_CONTACT,LOW,INVESTIGATING,CALL,2026-05-25 07:32:16
COMPLAINT0006592,ACC0028985,BRW0006284,2026-06-11 17:24:27,DND,HIGH,INVESTIGATING,SMS,2026-06-14 17:24:27
COMPLAINT0006593,ACC0015588,BRW0008286,2026-02-24 08:13:54,HARASSMENT,CRITICAL,INVESTIGATING,CALL,2026-03-12 08:13:54
COMPLAINT0006594,ACC0016657,BRW0004099,2026-02-05 21:39:04,PRIVACY,HIGH,OPEN,SMS,2026-02-13 21:39:04
COMPLAINT0006595,ACC0014373,BRW0011650,2026-05-11 07:31:37,WRONG_CONTACT,MEDIUM,OPEN,SMS,2026-05-14 07:31:37
COMPLAINT0006596,ACC0004109,BRW0005275,2026-05-08 20:11:08,PAYMENT,LOW,OPEN,EMAIL,2026-05-27 20:11:08
COMPLAINT0006597,ACC0020448,BRW0002090,2026-01-27 00:49:23,WRONG_CONTACT,HIGH,OPEN,FIELD,2026-02-04 00:49:23
COMPLAINT0006598,ACC0020809,BRW0010075,2026-05-21 00:44:06,WRONG_CONTACT,HIGH,OPEN,CALL,2026-05-24 00:44:06
COMPLAINT0006599,ACC0000233,BRW0011173,2026-06-23 03:41:14,DISPUTE,LOW,INVESTIGATING,SMS,2026-07-06 03:41:14
COMPLAINT0006600,ACC0019524,BRW0006098,2026-02-25 00:52:18,AGENT_BEHAVIOUR,HIGH,CLOSED,CALL,2026-03-06 00:52:18
COMPLAINT0006601,ACC0007033,BRW0005820,2026-04-27 08:59:10,PRIVACY,LOW,INVESTIGATING,FIELD,2026-05-01 08:59:10
COMPLAINT0006602,ACC0021328,BRW0006099,2026-06-20 16:20:27,AGENT_BEHAVIOUR,HIGH,INVESTIGATING,SMS,2026-07-02 16:20:27
COMPLAINT0006603,ACC0008961,BRW0007990,2026-07-29 13:09:00,HARASSMENT,CRITICAL,CLOSED,WHATSAPP,2026-08-05 13:09:00
COMPLAINT0006604,ACC0025897,BRW0008425,2026-06-03 12:47:29,HARASSMENT,CRITICAL,RESOLVED,CALL,2026-06-18 12:47:29
COMPLAINT0006605,ACC0002588,BRW0006845,2026-05-03 18:52:48,AGENT_BEHAVIOUR,MEDIUM,RESOLVED,SMS,2026-05-15 18:52:48
COMPLAINT0006606,ACC0011997,BRW0008329,2026-06-19 00:23:41,WRONG_CONTACT,CRITICAL,INVESTIGATING,EMAIL,2026-06-29 00:23:41
COMPLAINT0006607,ACC0020809,BRW0009255,2026-05-31 18:46:49,DISPUTE,LOW,OPEN,WHATSAPP,2026-06-17 18:46:49
COMPLAINT0006608,ACC0022302,BRW0000139,2026-01-07 01:50:58,WRONG_CONTACT,HIGH,CLOSED,FIELD,2026-01-14 01:50:58
COMPLAINT0006609,ACC0008528,BRW0011323,2026-01-01 23:31:37,HARASSMENT,CRITICAL,RESOLVED,FIELD,2026-01-18 23:31:37
COMPLAINT0006610,ACC0018150,BRW0008981,2026-01-15 11:04:43,DND,HIGH,CLOSED,CALL,2026-02-03 11:04:43
COMPLAINT0006611,ACC0006206,BRW0002271,2026-03-03 19:23:33,DISPUTE,LOW,OPEN,EMAIL,2026-03-18 19:23:33
COMPLAINT0006612,ACC0019253,BRW0001248,2026-05-02 14:15:21,WRONG_CONTACT,LOW,CLOSED,EMAIL,2026-05-08 14:15:21
COMPLAINT0006613,ACC0011987,BRW0001212,2026-02-18 01:34:04,AGENT_BEHAVIOUR,CRITICAL,INVESTIGATING,EMAIL,2026-02-23 01:34:04
COMPLAINT0006614,ACC0027772,BRW0009001,2026-05-29 03:19:28,DISPUTE,HIGH,RESOLVED,EMAIL,2026-05-31 03:19:28
COMPLAINT0006615,ACC0004895,BRW0009204,2026-06-29 21:19:28,DISPUTE,HIGH,INVESTIGATING,CALL,2026-07-18 21:19:28
COMPLAINT0006616,ACC0010395,BRW0008213,2026-07-09 13:51:46,DISPUTE,HIGH,OPEN,FIELD,2026-07-15 13:51:46
COMPLAINT0006617,ACC0006486,BRW0001956,2026-07-20 16:36:07,HARASSMENT,MEDIUM,INVESTIGATING,EMAIL,2026-07-31 16:36:07
COMPLAINT0006618,ACC0019162,BRW0000431,2026-05-26 18:08:35,PRIVACY,LOW,INVESTIGATING,FIELD,2026-06-13 18:08:35
COMPLAINT0006619,ACC0009438,BRW0000953,2026-07-19 16:04:48,DND,CRITICAL,OPEN,FIELD,2026-07-27 16:04:48
COMPLAINT0006620,ACC0025683,BRW0011540,2026-02-06 04:09:22,DISPUTE,MEDIUM,RESOLVED,CALL,2026-02-25 04:09:22
COMPLAINT0006621,ACC0009101,BRW0010092,2026-01-15 22:17:59,DND,CRITICAL,CLOSED,FIELD,2026-01-20 22:17:59
COMPLAINT0006622,ACC0023314,BRW0009263,2026-07-27 09:16:38,PRIVACY,CRITICAL,INVESTIGATING,CALL,2026-08-11 09:16:38
COMPLAINT0006623,ACC0025894,BRW0001620,2026-05-02 21:46:23,PRIVACY,HIGH,RESOLVED,SMS,2026-05-15 21:46:23
COMPLAINT0006624,ACC0009857,BRW0009299,2026-02-02 19:46:10,DND,LOW,INVESTIGATING,CALL,2026-02-10 19:46:10
COMPLAINT0006625,ACC0019636,BRW0000001,2026-01-31 15:33:22,PRIVACY,MEDIUM,CLOSED,CALL,2026-02-07 15:33:22
COMPLAINT0006626,ACC0002563,BRW0001936,2026-06-23 23:16:19,HARASSMENT,LOW,INVESTIGATING,FIELD,2026-06-25 23:16:19
COMPLAINT0006627,ACC0016015,BRW0011429,2026-05-26 08:25:50,AGENT_BEHAVIOUR,HIGH,RESOLVED,WHATSAPP,2026-06-09 08:25:50
COMPLAINT0006628,ACC0012444,BRW0007669,2026-07-30 06:48:06,AGENT_BEHAVIOUR,MEDIUM,OPEN,SMS,2026-08-02 06:48:06
COMPLAINT0006629,ACC0018617,BRW0010958,2026-02-18 01:38:47,DISPUTE,CRITICAL,CLOSED,CALL,2026-02-27 01:38:47
COMPLAINT0006630,ACC0017796,BRW0008463,2026-05-24 22:13:29,HARASSMENT,CRITICAL,RESOLVED,FIELD,2026-06-03 22:13:29
COMPLAINT0006631,ACC0022812,BRW0000258,2026-01-04 13:32:40,AGENT_BEHAVIOUR,CRITICAL,CLOSED,FIELD,2026-01-14 13:32:40
COMPLAINT0006632,ACC0007364,BRW0008008,2026-05-18 00:41:16,HARASSMENT,MEDIUM,RESOLVED,EMAIL,2026-05-24 00:41:16
COMPLAINT0006633,ACC0025132,BRW0007568,2026-08-03 11:44:33,DND,HIGH,OPEN,CALL,2026-08-12 11:44:33
COMPLAINT0006634,ACC0020755,BRW0004160,2026-07-01 01:12:02,DISPUTE,MEDIUM,OPEN,FIELD,2026-07-12 01:12:02
COMPLAINT0006635,ACC0006961,BRW0004221,2026-02-06 11:19:36,PRIVACY,HIGH,INVESTIGATING,CALL,2026-02-08 11:19:36
COMPLAINT0006636,ACC0027442,BRW0004233,2026-03-07 12:32:23,DND,CRITICAL,RESOLVED,EMAIL,2026-03-16 12:32:23
COMPLAINT0006637,ACC0004111,BRW0008599,2026-02-06 00:52:12,PRIVACY,LOW,CLOSED,SMS,2026-02-20 00:52:12
COMPLAINT0006638,ACC0024767,BRW0006203,2026-03-20 06:45:39,WRONG_CONTACT,CRITICAL,CLOSED,CALL,2026-03-26 06:45:39
COMPLAINT0006639,ACC0012386,BRW0005757,2026-05-02 20:36:47,DISPUTE,HIGH,INVESTIGATING,WHATSAPP,2026-05-20 20:36:47
COMPLAINT0006640,ACC0016833,BRW0004629,2026-05-20 19:01:56,WRONG_CONTACT,HIGH,OPEN,SMS,2026-05-25 19:01:56
COMPLAINT0006641,ACC0020035,BRW0004282,2026-01-02 22:56:17,DISPUTE,HIGH,CLOSED,FIELD,2026-01-04 22:56:17
COMPLAINT0006642,ACC0024963,BRW0010885,2026-02-13 04:47:01,AGENT_BEHAVIOUR,CRITICAL,OPEN,FIELD,2026-02-23 04:47:01
COMPLAINT0006643,ACC0006006,BRW0008030,2026-05-27 12:18:39,HARASSMENT,HIGH,INVESTIGATING,CALL,2026-06-02 12:18:39
COMPLAINT0006644,ACC0024511,BRW0011278,2026-08-07 15:04:20,PAYMENT,CRITICAL,CLOSED,CALL,2026-08-25 15:04:20
COMPLAINT0006645,ACC0008809,BRW0001824,2026-01-21 23:55:49,PRIVACY,CRITICAL,INVESTIGATING,SMS,2026-02-09 23:55:49
COMPLAINT0006646,ACC0000363,BRW0004269,2026-04-29 10:25:50,DISPUTE,HIGH,INVESTIGATING,WHATSAPP,2026-05-10 10:25:50
COMPLAINT0006647,ACC0002563,BRW0005820,2026-04-12 16:47:14,HARASSMENT,LOW,CLOSED,CALL,2026-04-28 16:47:14
COMPLAINT0006648,ACC0018778,BRW0010544,2026-03-29 00:09:57,HARASSMENT,LOW,INVESTIGATING,WHATSAPP,2026-04-02 00:09:57
COMPLAINT0006649,ACC0004027,BRW0007406,2026-06-07 07:17:39,PRIVACY,CRITICAL,INVESTIGATING,FIELD,2026-06-25 07:17:39
COMPLAINT0006650,ACC0021951,BRW0005615,2026-03-27 23:34:00,DND,MEDIUM,INVESTIGATING,FIELD,2026-04-04 23:34:00
COMPLAINT0006651,ACC0004733,BRW0006671,2026-03-15 19:40:33,DISPUTE,LOW,CLOSED,WHATSAPP,2026-03-26 19:40:33
COMPLAINT0006652,ACC0029333,BRW0004588,2026-01-16 22:59:16,PAYMENT,CRITICAL,INVESTIGATING,FIELD,2026-01-30 22:59:16
COMPLAINT0006653,ACC0022447,BRW0007674,2026-04-04 10:16:58,AGENT_BEHAVIOUR,LOW,INVESTIGATING,SMS,2026-04-17 10:16:58
COMPLAINT0006654,ACC0018931,BRW0010614,2026-07-20 05:06:56,AGENT_BEHAVIOUR,LOW,RESOLVED,CALL,2026-08-03 05:06:56
COMPLAINT0006655,ACC0006528,BRW0009970,2026-07-28 10:47:24,DISPUTE,CRITICAL,INVESTIGATING,CALL,2026-08-07 10:47:24
COMPLAINT0006656,ACC0011954,BRW0007888,2026-01-17 16:29:42,DND,HIGH,CLOSED,EMAIL,2026-01-30 16:29:42
COMPLAINT0006657,ACC0012037,BRW0009913,2026-06-28 18:29:14,DISPUTE,LOW,OPEN,FIELD,2026-07-04 18:29:14
COMPLAINT0006658,ACC0020227,BRW0004106,2026-02-02 02:07:58,DND,CRITICAL,RESOLVED,EMAIL,2026-02-14 02:07:58
COMPLAINT0006659,ACC0013403,BRW0001570,2026-04-30 19:19:09,HARASSMENT,HIGH,OPEN,WHATSAPP,2026-05-13 19:19:09
COMPLAINT0006660,ACC0019279,BRW0001248,2026-07-21 17:33:16,DND,HIGH,OPEN,WHATSAPP,2026-07-27 17:33:16
COMPLAINT0006661,ACC0019258,BRW0004271,2026-04-13 13:51:33,PAYMENT,CRITICAL,INVESTIGATING,SMS,2026-04-29 13:51:33
COMPLAINT0006662,ACC0020902,BRW0007979,2026-03-13 04:27:52,HARASSMENT,MEDIUM,OPEN,EMAIL,2026-03-15 04:27:52
COMPLAINT0006663,ACC0012267,BRW0003194,2026-02-07 04:22:27,DND,MEDIUM,CLOSED,FIELD,2026-02-17 04:22:27
COMPLAINT0006664,ACC0008178,BRW0010382,2026-03-22 02:08:56,DND,MEDIUM,INVESTIGATING,EMAIL,2026-03-28 02:08:56
COMPLAINT0006665,ACC0003651,BRW0001801,2026-06-04 00:29:29,PRIVACY,HIGH,CLOSED,EMAIL,2026-06-13 00:29:29
COMPLAINT0006666,ACC0004879,BRW0009579,2026-07-14 12:08:53,DISPUTE,HIGH,CLOSED,FIELD,2026-07-25 12:08:53
COMPLAINT0006667,ACC0001045,BRW0007514,2026-06-20 15:44:11,PAYMENT,CRITICAL,OPEN,SMS,2026-07-03 15:44:11
COMPLAINT0006668,ACC0018664,BRW0009212,2026-02-15 03:16:58,WRONG_CONTACT,LOW,INVESTIGATING,EMAIL,2026-03-01 03:16:58
COMPLAINT0006669,ACC0027220,BRW0000920,2026-04-24 14:56:25,AGENT_BEHAVIOUR,LOW,OPEN,EMAIL,2026-05-02 14:56:25
COMPLAINT0006670,ACC0004458,BRW0003746,2026-06-26 18:07:44,PRIVACY,LOW,CLOSED,EMAIL,2026-07-03 18:07:44
COMPLAINT0006671,ACC0026295,BRW0011937,2026-04-10 15:58:17,PAYMENT,MEDIUM,INVESTIGATING,FIELD,2026-04-28 15:58:17
COMPLAINT0006672,ACC0020846,BRW0003387,2026-05-24 19:23:01,PRIVACY,MEDIUM,OPEN,SMS,2026-05-27 19:23:01
COMPLAINT0006673,ACC0010893,BRW0003257,2026-02-27 12:43:09,HARASSMENT,CRITICAL,OPEN,CALL,2026-03-06 12:43:09
COMPLAINT0006674,ACC0008646,BRW0010475,2026-05-07 14:44:32,AGENT_BEHAVIOUR,MEDIUM,CLOSED,EMAIL,2026-05-25 14:44:32
COMPLAINT0006675,ACC0027721,BRW0010976,2026-05-18 16:01:19,WRONG_CONTACT,HIGH,CLOSED,SMS,2026-05-23 16:01:19
COMPLAINT0006676,ACC0006102,BRW0000687,2026-03-21 08:48:41,DISPUTE,HIGH,CLOSED,EMAIL,2026-04-04 08:48:41
COMPLAINT0006677,ACC0026177,BRW0001228,2026-01-23 00:13:45,WRONG_CONTACT,HIGH,OPEN,WHATSAPP,2026-01-28 00:13:45
COMPLAINT0006678,ACC0020991,BRW0003794,2026-04-11 13:59:03,AGENT_BEHAVIOUR,LOW,CLOSED,WHATSAPP,2026-04-29 13:59:03
COMPLAINT0006679,ACC0009240,BRW0006593,2026-03-08 13:31:36,AGENT_BEHAVIOUR,HIGH,CLOSED,FIELD,2026-03-25 13:31:36
COMPLAINT0006680,ACC0020816,BRW0003635,2026-02-24 19:35:33,PAYMENT,HIGH,INVESTIGATING,SMS,2026-03-02 19:35:33
COMPLAINT0006681,ACC0021863,BRW0002136,2026-06-27 04:28:55,HARASSMENT,MEDIUM,RESOLVED,EMAIL,2026-07-14 04:28:55
COMPLAINT0006682,ACC0015590,BRW0004318,2026-06-02 10:18:12,AGENT_BEHAVIOUR,MEDIUM,RESOLVED,EMAIL,2026-06-08 10:18:12
COMPLAINT0006683,ACC0004749,BRW0007485,2026-06-13 21:53:21,HARASSMENT,CRITICAL,RESOLVED,SMS,2026-07-02 21:53:21
COMPLAINT0006684,ACC0025824,BRW0006207,2026-03-24 07:00:03,WRONG_CONTACT,LOW,RESOLVED,WHATSAPP,2026-03-28 07:00:03
COMPLAINT0006685,ACC0004928,BRW0009589,2026-02-21 17:54:44,AGENT_BEHAVIOUR,MEDIUM,RESOLVED,SMS,2026-02-24 17:54:44
COMPLAINT0006686,ACC0013422,BRW0008627,2026-06-26 11:08:19,PAYMENT,HIGH,INVESTIGATING,SMS,2026-07-14 11:08:19
COMPLAINT0006687,ACC0013036,BRW0008279,2026-08-01 12:58:20,DISPUTE,HIGH,OPEN,CALL,2026-08-10 12:58:20
COMPLAINT0006688,ACC0008111,BRW0011406,2026-07-15 05:49:50,PAYMENT,HIGH,INVESTIGATING,EMAIL,2026-07-23 05:49:50
COMPLAINT0006689,ACC0002184,BRW0005658,2026-01-24 08:57:35,WRONG_CONTACT,MEDIUM,INVESTIGATING,SMS,2026-01-29 08:57:35
COMPLAINT0006690,ACC0017360,BRW0009653,2026-01-02 06:38:26,HARASSMENT,HIGH,OPEN,FIELD,2026-01-07 06:38:26
COMPLAINT0006691,ACC0009203,BRW0011729,2026-02-13 16:25:35,HARASSMENT,HIGH,OPEN,SMS,2026-02-23 16:25:35
COMPLAINT0006692,ACC0027285,BRW0003520,2026-05-11 12:24:09,WRONG_CONTACT,HIGH,INVESTIGATING,EMAIL,2026-05-23 12:24:09
COMPLAINT0006693,ACC0017867,BRW0000823,2026-07-08 15:07:05,WRONG_CONTACT,HIGH,INVESTIGATING,WHATSAPP,2026-07-12 15:07:05
COMPLAINT0006694,ACC0011585,BRW0009757,2026-04-16 06:40:27,WRONG_CONTACT,HIGH,RESOLVED,WHATSAPP,2026-05-03 06:40:27
COMPLAINT0006695,ACC0004435,BRW0006495,2026-07-13 17:15:23,PAYMENT,HIGH,OPEN,SMS,2026-07-28 17:15:23
COMPLAINT0006696,ACC0017138,BRW0008002,2026-06-02 01:37:19,DISPUTE,LOW,INVESTIGATING,FIELD,2026-06-21 01:37:19
COMPLAINT0006697,ACC0021197,BRW0011710,2026-05-21 04:07:11,PAYMENT,CRITICAL,OPEN,CALL,2026-06-06 04:07:11
COMPLAINT0006698,ACC0014234,BRW0003615,2026-05-13 04:07:47,WRONG_CONTACT,CRITICAL,RESOLVED,EMAIL,2026-05-26 04:07:47
COMPLAINT0006699,ACC0004191,BRW0000910,2026-06-30 18:55:43,DND,HIGH,OPEN,CALL,2026-07-18 18:55:43
COMPLAINT0006700,ACC0018993,BRW0006559,2026-07-28 09:06:00,AGENT_BEHAVIOUR,LOW,OPEN,EMAIL,2026-08-05 09:06:00
COMPLAINT0006701,ACC0009817,BRW0001653,2026-02-24 15:35:35,PAYMENT,HIGH,OPEN,WHATSAPP,2026-02-26 15:35:35
COMPLAINT0006702,ACC0007367,BRW0010043,2026-02-10 16:51:47,AGENT_BEHAVIOUR,HIGH,CLOSED,FIELD,2026-03-01 16:51:47
COMPLAINT0006703,ACC0020308,BRW0005097,2026-06-01 13:34:26,DND,HIGH,OPEN,SMS,2026-06-16 13:34:26
COMPLAINT0006704,ACC0012269,BRW0001692,2026-07-08 00:52:32,PRIVACY,LOW,INVESTIGATING,SMS,2026-07-14 00:52:32
COMPLAINT0006705,ACC0017162,BRW0011783,2026-08-02 03:28:55,PAYMENT,MEDIUM,CLOSED,EMAIL,2026-08-08 03:28:55
COMPLAINT0006706,ACC0014945,BRW0000923,2026-07-11 08:06:05,PRIVACY,HIGH,RESOLVED,FIELD,2026-07-25 08:06:05
COMPLAINT0006707,ACC0008017,BRW0000783,2026-02-14 00:45:02,AGENT_BEHAVIOUR,MEDIUM,INVESTIGATING,FIELD,2026-02-17 00:45:02
COMPLAINT0006708,ACC0022919,BRW0003612,2026-03-16 14:54:31,WRONG_CONTACT,CRITICAL,RESOLVED,WHATSAPP,2026-03-31 14:54:31
COMPLAINT0006709,ACC0006174,BRW0010390,2026-01-10 15:58:01,PRIVACY,LOW,CLOSED,FIELD,2026-01-22 15:58:01
COMPLAINT0006710,ACC0004566,BRW0004010,2026-07-14 09:37:02,DND,MEDIUM,INVESTIGATING,SMS,2026-07-17 09:37:02
COMPLAINT0006711,ACC0015165,BRW0003917,2026-02-25 23:31:08,WRONG_CONTACT,LOW,RESOLVED,SMS,2026-02-27 23:31:08
COMPLAINT0006712,ACC0021332,BRW0008586,2026-04-09 19:51:59,WRONG_CONTACT,CRITICAL,OPEN,EMAIL,2026-04-14 19:51:59
COMPLAINT0006713,ACC0028253,BRW0011987,2026-07-07 15:16:57,PAYMENT,CRITICAL,OPEN,FIELD,2026-07-11 15:16:57
COMPLAINT0006714,ACC0026809,BRW0007385,2026-03-28 02:46:56,DISPUTE,HIGH,OPEN,FIELD,2026-04-16 02:46:56
COMPLAINT0006715,ACC0016542,BRW0011874,2026-06-04 08:56:38,HARASSMENT,HIGH,OPEN,CALL,2026-06-14 08:56:38
COMPLAINT0006716,ACC0008521,BRW0002232,2026-08-02 10:59:53,PRIVACY,LOW,RESOLVED,EMAIL,2026-08-08 10:59:53
COMPLAINT0006717,ACC0010657,BRW0008716,2026-04-11 09:10:10,DISPUTE,LOW,RESOLVED,WHATSAPP,2026-04-18 09:10:10
COMPLAINT0006718,ACC0005234,BRW0006652,2026-07-25 04:20:31,DND,HIGH,RESOLVED,EMAIL,2026-07-31 04:20:31
COMPLAINT0006719,ACC0016812,BRW0009730,2026-04-06 17:06:31,HARASSMENT,HIGH,CLOSED,SMS,2026-04-08 17:06:31
COMPLAINT0006720,ACC0029022,BRW0008899,2026-06-01 10:23:24,PRIVACY,MEDIUM,INVESTIGATING,SMS,2026-06-02 10:23:24
COMPLAINT0006721,ACC0011972,BRW0001922,2026-06-01 08:23:20,HARASSMENT,LOW,CLOSED,WHATSAPP,2026-06-16 08:23:20
COMPLAINT0006722,ACC0015922,BRW0000349,2026-02-01 05:02:12,DISPUTE,MEDIUM,INVESTIGATING,FIELD,2026-02-04 05:02:12
COMPLAINT0006723,ACC0003642,BRW0003662,2026-02-03 09:54:16,DISPUTE,CRITICAL,OPEN,SMS,2026-02-10 09:54:16
COMPLAINT0006724,ACC0015678,BRW0000788,2026-03-31 19:20:15,AGENT_BEHAVIOUR,HIGH,RESOLVED,CALL,2026-04-06 19:20:15
COMPLAINT0006725,ACC0007756,BRW0007768,2026-05-24 04:49:23,PAYMENT,LOW,CLOSED,FIELD,2026-05-28 04:49:23
COMPLAINT0006726,ACC0004579,BRW0011390,2026-02-16 06:41:46,HARASSMENT,HIGH,INVESTIGATING,EMAIL,2026-02-24 06:41:46
COMPLAINT0006727,ACC0023231,BRW0001728,2026-04-28 03:07:36,PRIVACY,HIGH,CLOSED,WHATSAPP,2026-05-09 03:07:36
COMPLAINT0006728,ACC0016657,BRW0009809,2026-08-08 07:21:31,DISPUTE,LOW,OPEN,SMS,2026-08-22 07:21:31
COMPLAINT0006729,ACC0000944,BRW0010499,2026-01-10 15:02:25,HARASSMENT,LOW,INVESTIGATING,WHATSAPP,2026-01-21 15:02:25
COMPLAINT0006730,ACC0000440,BRW0011306,2026-03-01 23:20:48,WRONG_CONTACT,CRITICAL,RESOLVED,EMAIL,2026-03-06 23:20:48
COMPLAINT0006731,ACC0014143,BRW0009054,2026-07-25 12:29:18,PAYMENT,CRITICAL,CLOSED,FIELD,2026-08-08 12:29:18
COMPLAINT0006732,ACC0020582,BRW0011170,2026-07-25 10:24:48,AGENT_BEHAVIOUR,LOW,INVESTIGATING,WHATSAPP,2026-08-11 10:24:48
COMPLAINT0006733,ACC0007662,BRW0006397,2026-03-15 16:10:36,DISPUTE,LOW,OPEN,SMS,2026-03-30 16:10:36
COMPLAINT0006734,ACC0015556,BRW0004097,2026-03-17 14:28:29,PRIVACY,MEDIUM,OPEN,FIELD,2026-04-01 14:28:29
COMPLAINT0006735,ACC0026780,BRW0002388,2026-03-14 09:15:47,DND,CRITICAL,INVESTIGATING,FIELD,2026-03-23 09:15:47
COMPLAINT0006736,ACC0000633,BRW0008524,2026-02-26 14:33:27,PRIVACY,CRITICAL,RESOLVED,FIELD,2026-03-08 14:33:27
COMPLAINT0006737,ACC0025342,BRW0011550,2026-02-07 17:43:05,DND,HIGH,RESOLVED,EMAIL,2026-02-26 17:43:05
COMPLAINT0006738,ACC0019878,BRW0000180,2026-01-20 13:43:08,DND,MEDIUM,INVESTIGATING,WHATSAPP,2026-01-24 13:43:08
COMPLAINT0006739,ACC0018108,BRW0005751,2026-01-15 09:22:45,PRIVACY,MEDIUM,CLOSED,WHATSAPP,2026-01-21 09:22:45
COMPLAINT0006740,ACC0028870,BRW0003912,2026-05-22 06:26:30,DISPUTE,CRITICAL,CLOSED,FIELD,2026-05-25 06:26:30
COMPLAINT0006741,ACC0002679,BRW0000548,2026-04-21 08:36:43,HARASSMENT,CRITICAL,OPEN,CALL,2026-04-24 08:36:43
COMPLAINT0006742,ACC0027175,BRW0009685,2026-03-15 02:11:39,PAYMENT,MEDIUM,INVESTIGATING,EMAIL,2026-04-02 02:11:39
COMPLAINT0006743,ACC0005621,BRW0005872,2026-04-15 03:15:02,PRIVACY,MEDIUM,RESOLVED,FIELD,2026-04-24 03:15:02
COMPLAINT0006744,ACC0019031,BRW0003424,2026-07-19 17:24:46,AGENT_BEHAVIOUR,HIGH,OPEN,FIELD,2026-08-04 17:24:46
COMPLAINT0006745,ACC0029261,BRW0002867,2026-06-05 15:29:35,PRIVACY,HIGH,INVESTIGATING,CALL,2026-06-20 15:29:35
COMPLAINT0006746,ACC0022886,BRW0001833,2026-02-11 17:20:05,PRIVACY,LOW,RESOLVED,CALL,2026-02-12 17:20:05
COMPLAINT0006747,ACC0024200,BRW0010794,2026-06-19 23:46:27,HARASSMENT,HIGH,INVESTIGATING,WHATSAPP,2026-06-28 23:46:27
COMPLAINT0006748,ACC0025912,BRW0006057,2026-05-17 23:52:14,PRIVACY,CRITICAL,CLOSED,FIELD,2026-05-29 23:52:14
COMPLAINT0006749,ACC0009651,BRW0003924,2026-05-03 13:17:08,HARASSMENT,CRITICAL,RESOLVED,CALL,2026-05-04 13:17:08
COMPLAINT0006750,ACC0000412,BRW0006047,2026-01-08 03:51:51,PAYMENT,CRITICAL,INVESTIGATING,CALL,2026-01-11 03:51:51
COMPLAINT0006751,ACC0007209,BRW0002964,2026-07-27 09:15:59,DND,MEDIUM,CLOSED,SMS,2026-07-30 09:15:59
COMPLAINT0006752,ACC0003396,BRW0002987,2026-04-16 15:12:55,HARASSMENT,HIGH,INVESTIGATING,CALL,2026-04-26 15:12:55
COMPLAINT0006753,ACC0007439,BRW0003495,2026-01-05 20:32:17,HARASSMENT,HIGH,INVESTIGATING,EMAIL,2026-01-13 20:32:17
COMPLAINT0006754,ACC0023568,BRW0008213,2026-07-11 00:21:38,AGENT_BEHAVIOUR,CRITICAL,CLOSED,SMS,2026-07-18 00:21:38
COMPLAINT0006755,ACC0010117,BRW0001761,2026-05-20 16:22:51,PAYMENT,CRITICAL,RESOLVED,EMAIL,2026-05-26 16:22:51
COMPLAINT0006756,ACC0005147,BRW0000264,2026-04-29 14:24:20,PRIVACY,CRITICAL,OPEN,CALL,2026-05-16 14:24:20
COMPLAINT0006757,ACC0020899,BRW0002784,2026-01-30 08:46:14,AGENT_BEHAVIOUR,CRITICAL,OPEN,FIELD,2026-02-06 08:46:14
COMPLAINT0006758,ACC0023810,BRW0009393,2026-07-31 06:37:09,DISPUTE,CRITICAL,OPEN,EMAIL,2026-08-07 06:37:09
COMPLAINT0006759,ACC0010264,BRW0001793,2026-04-13 23:06:21,PRIVACY,CRITICAL,INVESTIGATING,WHATSAPP,2026-04-22 23:06:21
COMPLAINT0006760,ACC0000869,BRW0002141,2026-03-03 02:42:14,WRONG_CONTACT,LOW,OPEN,EMAIL,2026-03-21 02:42:14
COMPLAINT0006761,ACC0002456,BRW0000870,2026-04-07 04:24:49,WRONG_CONTACT,LOW,CLOSED,EMAIL,2026-04-12 04:24:49
COMPLAINT0006762,ACC0015025,BRW0005432,2026-06-26 15:26:38,AGENT_BEHAVIOUR,LOW,RESOLVED,WHATSAPP,2026-07-04 15:26:38
COMPLAINT0006763,ACC0002341,BRW0000597,2026-02-14 13:23:29,DISPUTE,MEDIUM,INVESTIGATING,EMAIL,2026-02-17 13:23:29
COMPLAINT0006764,ACC0016539,BRW0011823,2026-05-09 19:34:05,PAYMENT,HIGH,INVESTIGATING,EMAIL,2026-05-14 19:34:05
COMPLAINT0006765,ACC0021815,BRW0008049,2026-05-07 18:48:59,DND,LOW,INVESTIGATING,CALL,2026-05-23 18:48:59
COMPLAINT0006766,ACC0016158,BRW0007055,2026-07-10 00:46:20,AGENT_BEHAVIOUR,LOW,RESOLVED,EMAIL,2026-07-15 00:46:20
COMPLAINT0006767,ACC0002457,BRW0003383,2026-06-03 12:00:12,HARASSMENT,LOW,INVESTIGATING,WHATSAPP,2026-06-04 12:00:12
COMPLAINT0006768,ACC0009714,BRW0006757,2026-01-11 00:28:24,WRONG_CONTACT,LOW,INVESTIGATING,WHATSAPP,2026-01-21 00:28:24
COMPLAINT0006769,ACC0020467,BRW0004433,2026-03-07 16:12:03,DND,HIGH,OPEN,EMAIL,2026-03-19 16:12:03
COMPLAINT0006770,ACC0000057,BRW0003742,2026-06-25 22:29:46,HARASSMENT,LOW,RESOLVED,FIELD,2026-07-04 22:29:46
COMPLAINT0006771,ACC0013432,BRW0000177,2026-05-05 02:16:25,AGENT_BEHAVIOUR,LOW,INVESTIGATING,SMS,2026-05-10 02:16:25
COMPLAINT0006772,ACC0013023,BRW0005529,2026-02-24 02:45:26,AGENT_BEHAVIOUR,HIGH,OPEN,CALL,2026-03-11 02:45:26
COMPLAINT0006773,ACC0021762,BRW0003205,2026-06-04 02:13:52,AGENT_BEHAVIOUR,HIGH,RESOLVED,CALL,2026-06-18 02:13:52
COMPLAINT0006774,ACC0025094,BRW0005732,2026-02-28 01:58:50,HARASSMENT,HIGH,CLOSED,WHATSAPP,2026-03-17 01:58:50
COMPLAINT0006775,ACC0014184,BRW0004009,2026-02-23 20:35:13,HARASSMENT,HIGH,OPEN,EMAIL,2026-03-12 20:35:13
COMPLAINT0006776,ACC0020575,BRW0010297,2026-01-08 12:49:00,AGENT_BEHAVIOUR,LOW,RESOLVED,EMAIL,2026-01-25 12:49:00
COMPLAINT0006777,ACC0011793,BRW0011165,2026-02-12 01:53:17,PRIVACY,CRITICAL,RESOLVED,SMS,2026-02-15 01:53:17
COMPLAINT0006778,ACC0012407,BRW0000278,2026-03-03 18:27:25,PAYMENT,MEDIUM,CLOSED,EMAIL,2026-03-19 18:27:25
COMPLAINT0006779,ACC0023055,BRW0008687,2026-05-26 13:45:15,DISPUTE,CRITICAL,CLOSED,EMAIL,2026-06-06 13:45:15
COMPLAINT0006780,ACC0016659,BRW0009852,2026-03-15 00:03:47,HARASSMENT,HIGH,OPEN,SMS,2026-03-23 00:03:47
COMPLAINT0006781,ACC0023080,BRW0003150,2026-05-15 01:55:19,DISPUTE,CRITICAL,CLOSED,SMS,2026-05-23 01:55:19
COMPLAINT0006782,ACC0013243,BRW0005656,2026-01-18 00:12:52,PRIVACY,HIGH,OPEN,CALL,2026-01-28 00:12:52
COMPLAINT0006783,ACC0010684,BRW0010824,2026-08-05 05:28:29,DND,HIGH,OPEN,SMS,2026-08-22 05:28:29
COMPLAINT0006784,ACC0005987,BRW0011490,2026-03-24 00:57:43,DND,HIGH,OPEN,EMAIL,2026-04-09 00:57:43
COMPLAINT0006785,ACC0022964,BRW0007500,2026-05-10 06:22:27,WRONG_CONTACT,HIGH,OPEN,FIELD,2026-05-19 06:22:27
COMPLAINT0006786,ACC0007108,BRW0004600,2026-02-05 13:04:28,WRONG_CONTACT,LOW,INVESTIGATING,EMAIL,2026-02-09 13:04:28
COMPLAINT0006787,ACC0002868,BRW0010236,2026-01-01 00:38:02,HARASSMENT,LOW,OPEN,WHATSAPP,2026-01-03 00:38:02
COMPLAINT0006788,ACC0009818,BRW0003930,2026-04-11 04:27:08,AGENT_BEHAVIOUR,HIGH,OPEN,CALL,2026-04-14 04:27:08
COMPLAINT0006789,ACC0009070,BRW0011938,2026-04-04 23:10:49,DND,CRITICAL,OPEN,WHATSAPP,2026-04-05 23:10:49
COMPLAINT0006790,ACC0022414,BRW0005196,2026-07-27 10:13:13,PRIVACY,HIGH,OPEN,SMS,2026-08-10 10:13:13
COMPLAINT0006791,ACC0022766,BRW0003056,2026-07-13 18:57:40,PRIVACY,MEDIUM,RESOLVED,SMS,2026-07-18 18:57:40
COMPLAINT0006792,ACC0009197,BRW0010239,2026-02-14 08:01:41,PRIVACY,HIGH,RESOLVED,EMAIL,2026-03-02 08:01:41
COMPLAINT0006793,ACC0014613,BRW0010653,2026-07-09 09:44:05,DISPUTE,HIGH,INVESTIGATING,SMS,2026-07-26 09:44:05
COMPLAINT0006794,ACC0006644,BRW0003794,2026-01-22 09:15:17,AGENT_BEHAVIOUR,LOW,INVESTIGATING,FIELD,2026-02-04 09:15:17
COMPLAINT0006795,ACC0013713,BRW0010765,2026-04-30 19:40:12,HARASSMENT,HIGH,OPEN,CALL,2026-05-04 19:40:12
COMPLAINT0006796,ACC0024892,BRW0002210,2026-03-22 13:13:34,PRIVACY,LOW,CLOSED,EMAIL,2026-03-31 13:13:34
COMPLAINT0006797,ACC0003871,BRW0008041,2026-02-19 12:55:11,PRIVACY,CRITICAL,CLOSED,CALL,2026-02-21 12:55:11
COMPLAINT0006798,ACC0017559,BRW0010627,2026-03-18 01:27:54,PRIVACY,MEDIUM,OPEN,FIELD,2026-03-29 01:27:54
COMPLAINT0006799,ACC0026940,BRW0011560,2026-05-17 20:37:28,WRONG_CONTACT,CRITICAL,CLOSED,CALL,2026-05-31 20:37:28
COMPLAINT0006800,ACC0027483,BRW0004020,2026-04-17 13:48:09,PAYMENT,MEDIUM,INVESTIGATING,SMS,2026-04-25 13:48:09
COMPLAINT0006801,ACC0027878,BRW0003765,2026-03-03 21:39:58,PAYMENT,LOW,OPEN,CALL,2026-03-22 21:39:58
COMPLAINT0006802,ACC0003365,BRW0008606,2026-03-18 16:32:10,DND,MEDIUM,INVESTIGATING,CALL,2026-03-24 16:32:10
COMPLAINT0006803,ACC0029416,BRW0004159,2026-06-10 09:27:38,AGENT_BEHAVIOUR,CRITICAL,OPEN,FIELD,2026-06-21 09:27:38
COMPLAINT0006804,ACC0019319,BRW0009051,2026-03-08 13:39:21,WRONG_CONTACT,MEDIUM,INVESTIGATING,CALL,2026-03-18 13:39:21
COMPLAINT0006805,ACC0012547,BRW0008436,2026-06-14 08:32:01,WRONG_CONTACT,LOW,RESOLVED,CALL,2026-06-24 08:32:01
COMPLAINT0006806,ACC0000195,BRW0004763,2026-03-28 20:28:17,DISPUTE,LOW,CLOSED,EMAIL,2026-04-12 20:28:17
COMPLAINT0006807,ACC0026406,BRW0010105,2026-06-18 11:30:24,DISPUTE,LOW,CLOSED,CALL,2026-06-27 11:30:24
COMPLAINT0006808,ACC0026901,BRW0008239,2026-01-01 18:17:48,PAYMENT,CRITICAL,OPEN,CALL,2026-01-02 18:17:48
COMPLAINT0006809,ACC0011056,BRW0002858,2026-01-05 15:43:47,DND,LOW,OPEN,FIELD,2026-01-11 15:43:47
COMPLAINT0006810,ACC0021076,BRW0004272,2026-03-11 14:28:10,AGENT_BEHAVIOUR,CRITICAL,RESOLVED,WHATSAPP,2026-03-24 14:28:10
COMPLAINT0006811,ACC0025971,BRW0009911,2026-08-06 13:54:01,PRIVACY,HIGH,CLOSED,SMS,2026-08-11 13:54:01
COMPLAINT0006812,ACC0000093,BRW0004862,2026-05-21 04:37:03,HARASSMENT,CRITICAL,CLOSED,SMS,2026-05-22 04:37:03
COMPLAINT0006813,ACC0005857,BRW0001487,2026-01-20 18:26:51,PAYMENT,CRITICAL,RESOLVED,WHATSAPP,2026-02-05 18:26:51
COMPLAINT0006814,ACC0008926,BRW0002994,2026-01-23 12:16:39,HARASSMENT,HIGH,CLOSED,FIELD,2026-01-28 12:16:39
COMPLAINT0006815,ACC0011441,BRW0003584,2026-03-15 19:40:26,PRIVACY,MEDIUM,CLOSED,EMAIL,2026-03-23 19:40:26
COMPLAINT0006816,ACC0028206,BRW0010596,2026-01-16 14:07:41,AGENT_BEHAVIOUR,LOW,RESOLVED,WHATSAPP,2026-01-21 14:07:41
COMPLAINT0006817,ACC0020925,BRW0003174,2026-04-12 20:35:04,PAYMENT,CRITICAL,OPEN,SMS,2026-04-29 20:35:04
COMPLAINT0006818,ACC0016089,BRW0003866,2026-06-28 20:49:44,DISPUTE,HIGH,OPEN,WHATSAPP,2026-07-12 20:49:44
COMPLAINT0006819,ACC0024860,BRW0001481,2026-03-12 19:20:00,DND,MEDIUM,CLOSED,CALL,2026-03-23 19:20:00
COMPLAINT0006820,ACC0016618,BRW0009550,2026-06-24 13:48:37,WRONG_CONTACT,CRITICAL,OPEN,CALL,2026-06-25 13:48:37
COMPLAINT0006821,ACC0016179,BRW0005444,2026-07-11 01:31:27,DND,LOW,CLOSED,SMS,2026-07-16 01:31:27
COMPLAINT0006822,ACC0025875,BRW0004949,2026-04-18 03:32:14,WRONG_CONTACT,CRITICAL,RESOLVED,EMAIL,2026-05-07 03:32:14
COMPLAINT0006823,ACC0022830,BRW0004400,2026-02-10 17:05:04,DISPUTE,LOW,INVESTIGATING,SMS,2026-02-24 17:05:04
COMPLAINT0006824,ACC0020040,BRW0006380,2026-03-10 19:43:12,DND,HIGH,RESOLVED,FIELD,2026-03-19 19:43:12
COMPLAINT0006825,ACC0015718,BRW0003855,2026-03-10 14:14:24,DND,CRITICAL,OPEN,WHATSAPP,2026-03-18 14:14:24
COMPLAINT0006826,ACC0012029,BRW0005683,2026-06-14 00:24:50,AGENT_BEHAVIOUR,MEDIUM,CLOSED,CALL,2026-06-30 00:24:50
COMPLAINT0006827,ACC0000567,BRW0005199,2026-01-08 21:25:47,PRIVACY,LOW,CLOSED,SMS,2026-01-17 21:25:47
COMPLAINT0006828,ACC0003735,BRW0007927,2026-07-27 09:25:12,DND,CRITICAL,INVESTIGATING,CALL,2026-07-28 09:25:12
COMPLAINT0006829,ACC0017980,BRW0004178,2026-05-27 00:21:54,WRONG_CONTACT,LOW,OPEN,CALL,2026-06-05 00:21:54
COMPLAINT0006830,ACC0018496,BRW0006769,2026-06-08 21:31:56,AGENT_BEHAVIOUR,LOW,CLOSED,WHATSAPP,2026-06-13 21:31:56
COMPLAINT0006831,ACC0010339,BRW0005876,2026-02-15 08:10:58,HARASSMENT,HIGH,INVESTIGATING,WHATSAPP,2026-02-25 08:10:58
COMPLAINT0006832,ACC0010983,BRW0001151,2026-02-22 11:58:12,WRONG_CONTACT,LOW,CLOSED,SMS,2026-03-02 11:58:12
COMPLAINT0006833,ACC0028232,BRW0006234,2026-03-26 15:13:18,WRONG_CONTACT,LOW,OPEN,FIELD,2026-03-29 15:13:18
COMPLAINT0006834,ACC0007618,BRW0006125,2026-04-15 23:39:48,PRIVACY,HIGH,OPEN,SMS,2026-04-21 23:39:48
COMPLAINT0006835,ACC0007631,BRW0010360,2026-04-13 09:49:39,PAYMENT,CRITICAL,INVESTIGATING,EMAIL,2026-04-15 09:49:39
COMPLAINT0006836,ACC0013683,BRW0010298,2026-01-03 00:57:48,DND,LOW,OPEN,FIELD,2026-01-09 00:57:48
COMPLAINT0006837,ACC0008730,BRW0001230,2026-06-08 04:28:57,HARASSMENT,HIGH,RESOLVED,WHATSAPP,2026-06-27 04:28:57
COMPLAINT0006838,ACC0006167,BRW0011804,2026-07-29 08:53:31,DND,MEDIUM,CLOSED,WHATSAPP,2026-08-14 08:53:31
COMPLAINT0006839,ACC0017760,BRW0010579,2026-04-19 12:20:58,DISPUTE,MEDIUM,RESOLVED,FIELD,2026-04-30 12:20:58
COMPLAINT0006840,ACC0011067,BRW0002794,2026-03-30 09:22:29,DISPUTE,MEDIUM,CLOSED,EMAIL,2026-04-07 09:22:29
COMPLAINT0006841,ACC0019642,BRW0002158,2026-01-11 06:46:26,HARASSMENT,MEDIUM,CLOSED,FIELD,2026-01-18 06:46:26
COMPLAINT0006842,ACC0010822,BRW0010743,2026-02-16 00:44:56,PRIVACY,MEDIUM,CLOSED,EMAIL,2026-02-26 00:44:56
COMPLAINT0006843,ACC0025249,BRW0003758,2026-08-01 22:03:20,AGENT_BEHAVIOUR,LOW,OPEN,EMAIL,2026-08-05 22:03:20
COMPLAINT0006844,ACC0015059,BRW0009804,2026-01-07 00:28:55,WRONG_CONTACT,HIGH,OPEN,EMAIL,2026-01-09 00:28:55
COMPLAINT0006845,ACC0002494,BRW0005899,2026-04-27 09:35:11,PAYMENT,MEDIUM,RESOLVED,EMAIL,2026-05-09 09:35:11
COMPLAINT0006846,ACC0022489,BRW0006350,2026-01-22 09:26:41,DISPUTE,CRITICAL,RESOLVED,SMS,2026-02-03 09:26:41
COMPLAINT0006847,ACC0015485,BRW0002296,2026-05-22 10:40:43,HARASSMENT,HIGH,RESOLVED,WHATSAPP,2026-05-26 10:40:43
COMPLAINT0006848,ACC0003909,BRW0005526,2026-03-21 07:45:16,HARASSMENT,CRITICAL,INVESTIGATING,CALL,2026-03-31 07:45:16
COMPLAINT0006849,ACC0024697,BRW0010408,2026-01-23 11:20:20,AGENT_BEHAVIOUR,MEDIUM,OPEN,SMS,2026-02-03 11:20:20
COMPLAINT0006850,ACC0025099,BRW0001721,2026-01-12 01:50:24,DND,CRITICAL,CLOSED,SMS,2026-01-28 01:50:24
COMPLAINT0006851,ACC0017728,BRW0011186,2026-06-13 22:39:39,AGENT_BEHAVIOUR,HIGH,CLOSED,CALL,2026-06-25 22:39:39
COMPLAINT0006852,ACC0014954,BRW0004401,2026-07-09 08:14:54,WRONG_CONTACT,LOW,RESOLVED,SMS,2026-07-20 08:14:54
COMPLAINT0006853,ACC0014376,BRW0005786,2026-05-07 05:26:48,DND,MEDIUM,INVESTIGATING,EMAIL,2026-05-25 05:26:48
COMPLAINT0006854,ACC0003368,BRW0000305,2026-01-04 12:41:45,HARASSMENT,HIGH,OPEN,EMAIL,2026-01-08 12:41:45
COMPLAINT0006855,ACC0024319,BRW0001003,2026-02-20 06:37:40,DISPUTE,HIGH,OPEN,WHATSAPP,2026-02-28 06:37:40
COMPLAINT0006856,ACC0021665,BRW0002995,2026-01-08 06:10:11,AGENT_BEHAVIOUR,LOW,CLOSED,CALL,2026-01-09 06:10:11
COMPLAINT0006857,ACC0019318,BRW0007311,2026-07-19 13:50:11,PRIVACY,MEDIUM,INVESTIGATING,FIELD,2026-07-22 13:50:11
COMPLAINT0006858,ACC0000429,BRW0002075,2026-06-25 13:45:31,AGENT_BEHAVIOUR,MEDIUM,CLOSED,SMS,2026-07-01 13:45:31
COMPLAINT0006859,ACC0009464,BRW0011381,2026-06-07 16:40:31,PAYMENT,LOW,OPEN,EMAIL,2026-06-13 16:40:31
COMPLAINT0006860,ACC0001865,BRW0005553,2026-05-03 04:01:45,AGENT_BEHAVIOUR,LOW,OPEN,WHATSAPP,2026-05-07 04:01:45
COMPLAINT0006861,ACC0007714,BRW0007461,2026-07-28 07:46:52,HARASSMENT,HIGH,RESOLVED,EMAIL,2026-08-07 07:46:52
COMPLAINT0006862,ACC0015793,BRW0011943,2026-05-15 16:54:26,AGENT_BEHAVIOUR,HIGH,OPEN,EMAIL,2026-06-02 16:54:26
COMPLAINT0006863,ACC0025420,BRW0001028,2026-02-06 11:55:06,AGENT_BEHAVIOUR,MEDIUM,INVESTIGATING,WHATSAPP,2026-02-17 11:55:06
COMPLAINT0006864,ACC0012051,BRW0010917,2026-06-27 22:20:44,AGENT_BEHAVIOUR,HIGH,INVESTIGATING,FIELD,2026-07-05 22:20:44
COMPLAINT0006865,ACC0016597,BRW0000450,2026-03-15 07:13:28,DND,CRITICAL,INVESTIGATING,WHATSAPP,2026-03-28 07:13:28
COMPLAINT0006866,ACC0023378,BRW0002214,2026-01-16 19:57:07,AGENT_BEHAVIOUR,HIGH,RESOLVED,EMAIL,2026-01-18 19:57:07
COMPLAINT0006867,ACC0006726,BRW0006813,2026-03-30 20:09:57,PAYMENT,HIGH,CLOSED,WHATSAPP,2026-04-08 20:09:57
COMPLAINT0006868,ACC0007221,BRW0002982,2026-04-28 12:13:20,DND,MEDIUM,OPEN,EMAIL,2026-05-08 12:13:20
COMPLAINT0006869,ACC0025465,BRW0004465,2026-01-16 23:41:31,PAYMENT,LOW,OPEN,CALL,2026-01-29 23:41:31
COMPLAINT0006870,ACC0021537,BRW0007096,2026-06-14 19:57:45,AGENT_BEHAVIOUR,MEDIUM,CLOSED,EMAIL,2026-06-16 19:57:45
COMPLAINT0006871,ACC0024067,BRW0006932,2026-01-08 04:48:49,DISPUTE,HIGH,INVESTIGATING,CALL,2026-01-19 04:48:49
COMPLAINT0006872,ACC0028230,BRW0003010,2026-03-27 00:59:55,HARASSMENT,MEDIUM,OPEN,WHATSAPP,2026-03-31 00:59:55
COMPLAINT0006873,ACC0024760,BRW0002499,2026-07-23 07:20:25,DND,LOW,OPEN,EMAIL,2026-07-26 07:20:25
COMPLAINT0006874,ACC0013550,BRW0000332,2026-07-09 13:16:42,PAYMENT,LOW,OPEN,EMAIL,2026-07-21 13:16:42
COMPLAINT0006875,ACC0002195,BRW0007285,2026-07-23 17:17:33,DND,CRITICAL,INVESTIGATING,SMS,2026-07-24 17:17:33
COMPLAINT0006876,ACC0026567,BRW0009212,2026-07-10 15:17:31,PAYMENT,LOW,RESOLVED,EMAIL,2026-07-16 15:17:31
COMPLAINT0006877,ACC0015059,BRW0011659,2026-05-28 21:07:13,WRONG_CONTACT,HIGH,RESOLVED,SMS,2026-06-16 21:07:13
COMPLAINT0006878,ACC0002983,BRW0003273,2026-02-11 19:55:47,DND,HIGH,INVESTIGATING,CALL,2026-02-22 19:55:47
COMPLAINT0006879,ACC0022861,BRW0009715,2026-07-08 21:39:19,WRONG_CONTACT,CRITICAL,RESOLVED,WHATSAPP,2026-07-19 21:39:19
COMPLAINT0006880,ACC0005056,BRW0007661,2026-06-07 00:40:11,PRIVACY,HIGH,INVESTIGATING,EMAIL,2026-06-18 00:40:11
COMPLAINT0006881,ACC0022814,BRW0003307,2026-05-03 23:46:27,AGENT_BEHAVIOUR,CRITICAL,OPEN,CALL,2026-05-11 23:46:27
COMPLAINT0006882,ACC0005494,BRW0006947,2026-06-07 13:11:54,HARASSMENT,LOW,OPEN,EMAIL,2026-06-12 13:11:54
COMPLAINT0006883,ACC0017359,BRW0008395,2026-03-25 00:14:54,AGENT_BEHAVIOUR,HIGH,CLOSED,CALL,2026-03-26 00:14:54
COMPLAINT0006884,ACC0002803,BRW0011667,2026-01-09 02:31:49,WRONG_CONTACT,LOW,INVESTIGATING,CALL,2026-01-25 02:31:49
COMPLAINT0006885,ACC0009241,BRW0000333,2026-01-04 13:05:07,PRIVACY,HIGH,INVESTIGATING,FIELD,2026-01-20 13:05:07
COMPLAINT0006886,ACC0001466,BRW0001119,2026-06-28 07:11:41,WRONG_CONTACT,CRITICAL,CLOSED,SMS,2026-07-06 07:11:41
COMPLAINT0006887,ACC0001514,BRW0007263,2026-04-23 07:11:50,DND,CRITICAL,INVESTIGATING,CALL,2026-04-30 07:11:50
COMPLAINT0006888,ACC0002301,BRW0003063,2026-05-01 07:34:22,HARASSMENT,HIGH,INVESTIGATING,FIELD,2026-05-18 07:34:22
COMPLAINT0006889,ACC0021073,BRW0000496,2026-05-18 20:47:04,PRIVACY,LOW,INVESTIGATING,FIELD,2026-05-19 20:47:04
COMPLAINT0006890,ACC0018741,BRW0003973,2026-02-14 16:31:47,WRONG_CONTACT,HIGH,INVESTIGATING,EMAIL,2026-02-21 16:31:47
COMPLAINT0006891,ACC0003210,BRW0006907,2026-01-05 05:46:14,WRONG_CONTACT,CRITICAL,INVESTIGATING,SMS,2026-01-10 05:46:14
COMPLAINT0006892,ACC0002237,BRW0004130,2026-02-13 18:14:40,HARASSMENT,CRITICAL,CLOSED,EMAIL,2026-02-18 18:14:40
COMPLAINT0006893,ACC0013425,BRW0003910,2026-01-23 12:07:43,HARASSMENT,MEDIUM,CLOSED,WHATSAPP,2026-02-01 12:07:43
COMPLAINT0006894,ACC0023575,BRW0003963,2026-06-16 14:26:20,WRONG_CONTACT,LOW,INVESTIGATING,CALL,2026-07-04 14:26:20
COMPLAINT0006895,ACC0001347,BRW0002532,2026-04-04 08:22:53,DND,HIGH,INVESTIGATING,SMS,2026-04-18 08:22:53
COMPLAINT0006896,ACC0026632,BRW0011924,2026-03-12 01:41:19,WRONG_CONTACT,HIGH,CLOSED,CALL,2026-03-15 01:41:19
COMPLAINT0006897,ACC0005334,BRW0001931,2026-08-05 18:27:00,PRIVACY,CRITICAL,RESOLVED,EMAIL,2026-08-18 18:27:00
COMPLAINT0006898,ACC0018334,BRW0002174,2026-04-07 16:58:58,DISPUTE,CRITICAL,CLOSED,WHATSAPP,2026-04-16 16:58:58
COMPLAINT0006899,ACC0001010,BRW0011923,2026-02-28 08:02:38,HARASSMENT,HIGH,OPEN,EMAIL,2026-03-11 08:02:38
COMPLAINT0006900,ACC0012292,BRW0007387,2026-05-07 11:02:11,DND,LOW,RESOLVED,WHATSAPP,2026-05-12 11:02:11
COMPLAINT0006901,ACC0000634,BRW0008938,2026-06-12 19:26:52,DND,CRITICAL,INVESTIGATING,FIELD,2026-06-26 19:26:52
COMPLAINT0006902,ACC0006843,BRW0002938,2026-02-05 22:01:10,DISPUTE,HIGH,INVESTIGATING,CALL,2026-02-12 22:01:10
COMPLAINT0006903,ACC0010230,BRW0009466,2026-05-28 18:39:48,DND,HIGH,INVESTIGATING,FIELD,2026-06-04 18:39:48
COMPLAINT0006904,ACC0020861,BRW0011724,2026-05-28 18:51:43,PAYMENT,LOW,INVESTIGATING,WHATSAPP,2026-06-07 18:51:43
COMPLAINT0006905,ACC0004037,BRW0004637,2026-01-24 17:48:39,WRONG_CONTACT,LOW,INVESTIGATING,CALL,2026-01-31 17:48:39
COMPLAINT0006906,ACC0026016,BRW0008280,2026-04-06 23:00:52,AGENT_BEHAVIOUR,CRITICAL,CLOSED,FIELD,2026-04-21 23:00:52
COMPLAINT0006907,ACC0022388,BRW0005789,2026-02-11 20:01:18,HARASSMENT,MEDIUM,CLOSED,EMAIL,2026-02-24 20:01:18
COMPLAINT0006908,ACC0011715,BRW0006552,2026-06-13 09:09:14,DND,LOW,RESOLVED,FIELD,2026-06-19 09:09:14
COMPLAINT0006909,ACC0013665,BRW0010204,2026-05-24 12:53:20,WRONG_CONTACT,MEDIUM,OPEN,CALL,2026-06-03 12:53:20
COMPLAINT0006910,ACC0023533,BRW0009019,2026-02-04 15:06:51,PRIVACY,CRITICAL,INVESTIGATING,FIELD,2026-02-09 15:06:51
COMPLAINT0006911,ACC0022683,BRW0002605,2026-02-25 06:43:12,WRONG_CONTACT,MEDIUM,OPEN,FIELD,2026-03-12 06:43:12
COMPLAINT0006912,ACC0023508,BRW0010263,2026-01-21 06:15:19,DND,MEDIUM,INVESTIGATING,FIELD,2026-02-03 06:15:19
COMPLAINT0006913,ACC0004079,BRW0001516,2026-06-30 20:00:48,DND,MEDIUM,INVESTIGATING,FIELD,2026-07-18 20:00:48
COMPLAINT0006914,ACC0020501,BRW0005437,2026-01-08 18:29:57,DISPUTE,LOW,OPEN,FIELD,2026-01-27 18:29:57
COMPLAINT0006915,ACC0014785,BRW0003462,2026-01-27 09:56:48,DISPUTE,MEDIUM,INVESTIGATING,SMS,2026-01-29 09:56:48
COMPLAINT0006916,ACC0029441,BRW0000218,2026-01-30 19:46:07,AGENT_BEHAVIOUR,HIGH,CLOSED,SMS,2026-02-07 19:46:07
COMPLAINT0006917,ACC0010554,BRW0003390,2026-06-05 02:14:42,PRIVACY,CRITICAL,OPEN,CALL,2026-06-06 02:14:42
COMPLAINT0006918,ACC0023465,BRW0002767,2026-04-22 06:48:38,HARASSMENT,CRITICAL,CLOSED,FIELD,2026-04-24 06:48:38
COMPLAINT0006919,ACC0011479,BRW0007228,2026-08-01 13:25:12,AGENT_BEHAVIOUR,MEDIUM,CLOSED,WHATSAPP,2026-08-12 13:25:12
COMPLAINT0006920,ACC0018799,BRW0010388,2026-05-26 14:15:23,HARASSMENT,MEDIUM,OPEN,SMS,2026-06-04 14:15:23
COMPLAINT0006921,ACC0024597,BRW0000048,2026-06-23 08:41:12,AGENT_BEHAVIOUR,MEDIUM,RESOLVED,FIELD,2026-06-28 08:41:12
COMPLAINT0006922,ACC0016108,BRW0000216,2026-07-17 00:09:23,WRONG_CONTACT,LOW,INVESTIGATING,WHATSAPP,2026-07-28 00:09:23
COMPLAINT0006923,ACC0020018,BRW0004560,2026-06-07 10:52:49,DISPUTE,MEDIUM,CLOSED,EMAIL,2026-06-16 10:52:49
COMPLAINT0006924,ACC0016987,BRW0000368,2026-03-08 13:21:09,DISPUTE,LOW,OPEN,WHATSAPP,2026-03-27 13:21:09
COMPLAINT0006925,ACC0017843,BRW0002941,2026-05-12 21:26:30,DISPUTE,CRITICAL,RESOLVED,EMAIL,2026-05-19 21:26:30
COMPLAINT0006926,ACC0012927,BRW0007498,2026-07-25 22:21:32,AGENT_BEHAVIOUR,LOW,CLOSED,CALL,2026-07-30 22:21:32
COMPLAINT0006927,ACC0029182,BRW0003380,2026-04-28 23:01:27,DISPUTE,LOW,INVESTIGATING,SMS,2026-05-15 23:01:27
COMPLAINT0006928,ACC0022938,BRW0010161,2026-07-28 06:14:52,DISPUTE,MEDIUM,INVESTIGATING,WHATSAPP,2026-08-12 06:14:52
COMPLAINT0006929,ACC0001753,BRW0003495,2026-04-02 03:16:11,DISPUTE,LOW,INVESTIGATING,SMS,2026-04-07 03:16:11
COMPLAINT0006930,ACC0029301,BRW0006421,2026-02-07 01:25:23,HARASSMENT,MEDIUM,OPEN,WHATSAPP,2026-02-23 01:25:23
COMPLAINT0006931,ACC0017581,BRW0004742,2026-01-16 04:11:43,HARASSMENT,CRITICAL,OPEN,CALL,2026-01-18 04:11:43
COMPLAINT0006932,ACC0014906,BRW0007002,2026-03-14 00:15:14,DISPUTE,LOW,RESOLVED,EMAIL,2026-03-25 00:15:14
COMPLAINT0006933,ACC0029434,BRW0008436,2026-04-19 21:26:56,AGENT_BEHAVIOUR,LOW,CLOSED,EMAIL,2026-05-02 21:26:56
COMPLAINT0006934,ACC0009716,BRW0011797,2026-02-03 19:08:03,DISPUTE,LOW,INVESTIGATING,EMAIL,2026-02-21 19:08:03
COMPLAINT0006935,ACC0005759,BRW0011114,2026-01-03 07:53:09,DISPUTE,CRITICAL,INVESTIGATING,FIELD,2026-01-09 07:53:09
COMPLAINT0006936,ACC0000110,BRW0011475,2026-01-30 18:04:11,PRIVACY,LOW,CLOSED,CALL,2026-02-01 18:04:11
COMPLAINT0006937,ACC0019267,BRW0005682,2026-07-04 21:46:00,PAYMENT,MEDIUM,INVESTIGATING,WHATSAPP,2026-07-07 21:46:00
COMPLAINT0006938,ACC0025252,BRW0011107,2026-05-12 04:57:32,HARASSMENT,CRITICAL,INVESTIGATING,CALL,2026-05-18 04:57:32
COMPLAINT0006939,ACC0017110,BRW0004595,2026-08-01 06:31:36,PAYMENT,HIGH,INVESTIGATING,CALL,2026-08-20 06:31:36
COMPLAINT0006940,ACC0005402,BRW0011587,2026-04-15 04:34:37,DND,LOW,OPEN,WHATSAPP,2026-04-21 04:34:37
COMPLAINT0006941,ACC0002975,BRW0009414,2026-02-13 14:24:09,DND,MEDIUM,RESOLVED,CALL,2026-03-04 14:24:09
COMPLAINT0006942,ACC0026459,BRW0006824,2026-02-22 13:53:23,PRIVACY,MEDIUM,CLOSED,EMAIL,2026-03-08 13:53:23
COMPLAINT0006943,ACC0008858,BRW0000722,2026-03-19 04:56:31,PAYMENT,CRITICAL,RESOLVED,FIELD,2026-03-21 04:56:31
COMPLAINT0006944,ACC0005506,BRW0004875,2026-02-23 18:20:35,PAYMENT,HIGH,RESOLVED,CALL,2026-02-27 18:20:35
COMPLAINT0006945,ACC0024683,BRW0005969,2026-07-30 16:31:13,PAYMENT,LOW,RESOLVED,WHATSAPP,2026-08-18 16:31:13
COMPLAINT0006946,ACC0029627,BRW0006863,2026-07-24 14:03:18,PRIVACY,CRITICAL,INVESTIGATING,FIELD,2026-07-25 14:03:18
COMPLAINT0006947,ACC0011502,BRW0001977,2026-01-01 22:16:59,WRONG_CONTACT,HIGH,RESOLVED,WHATSAPP,2026-01-16 22:16:59
COMPLAINT0006948,ACC0000817,BRW0004051,2026-02-15 14:28:45,WRONG_CONTACT,HIGH,INVESTIGATING,CALL,2026-03-04 14:28:45
COMPLAINT0006949,ACC0008925,BRW0000112,2026-02-01 10:00:48,WRONG_CONTACT,MEDIUM,CLOSED,EMAIL,2026-02-15 10:00:48
COMPLAINT0006950,ACC0029441,BRW0001322,2026-06-24 04:56:27,AGENT_BEHAVIOUR,HIGH,OPEN,WHATSAPP,2026-07-13 04:56:27
COMPLAINT0006951,ACC0025633,BRW0005694,2026-01-07 15:33:08,AGENT_BEHAVIOUR,CRITICAL,INVESTIGATING,CALL,2026-01-25 15:33:08
COMPLAINT0006952,ACC0019065,BRW0007986,2026-07-11 12:08:39,AGENT_BEHAVIOUR,LOW,CLOSED,WHATSAPP,2026-07-15 12:08:39
COMPLAINT0006953,ACC0021429,BRW0007751,2026-07-07 10:04:26,DND,LOW,OPEN,WHATSAPP,2026-07-09 10:04:26
COMPLAINT0006954,ACC0028785,BRW0011281,2026-06-26 09:22:23,PRIVACY,MEDIUM,INVESTIGATING,SMS,2026-07-13 09:22:23
COMPLAINT0006955,ACC0012758,BRW0009471,2026-07-27 11:40:49,AGENT_BEHAVIOUR,HIGH,INVESTIGATING,EMAIL,2026-08-05 11:40:49
COMPLAINT0006956,ACC0024301,BRW0000233,2026-02-26 07:10:18,DISPUTE,LOW,OPEN,WHATSAPP,2026-03-05 07:10:18
COMPLAINT0006957,ACC0002107,BRW0006137,2026-08-04 12:20:26,WRONG_CONTACT,HIGH,RESOLVED,SMS,2026-08-17 12:20:26
COMPLAINT0006958,ACC0018493,BRW0003972,2026-03-10 05:41:46,WRONG_CONTACT,MEDIUM,INVESTIGATING,CALL,2026-03-18 05:41:46
COMPLAINT0006959,ACC0015088,BRW0010373,2026-07-01 08:56:28,DISPUTE,MEDIUM,OPEN,EMAIL,2026-07-13 08:56:28
COMPLAINT0006960,ACC0016027,BRW0011770,2026-01-31 07:58:39,PRIVACY,LOW,CLOSED,SMS,2026-02-13 07:58:39
COMPLAINT0006961,ACC0022959,BRW0009032,2026-04-25 21:35:33,WRONG_CONTACT,LOW,OPEN,SMS,2026-05-14 21:35:33
COMPLAINT0006962,ACC0010613,BRW0002160,2026-02-18 20:40:18,HARASSMENT,MEDIUM,CLOSED,EMAIL,2026-03-02 20:40:18
COMPLAINT0006963,ACC0022284,BRW0005615,2026-04-26 17:58:34,HARASSMENT,MEDIUM,RESOLVED,CALL,2026-05-10 17:58:34
COMPLAINT0006964,ACC0008803,BRW0006857,2026-03-26 19:47:31,PRIVACY,MEDIUM,INVESTIGATING,EMAIL,2026-03-30 19:47:31
COMPLAINT0006965,ACC0001319,BRW0011756,2026-07-12 17:42:51,WRONG_CONTACT,MEDIUM,INVESTIGATING,SMS,2026-07-26 17:42:51
COMPLAINT0006966,ACC0004930,BRW0005186,2026-05-06 00:32:05,DISPUTE,CRITICAL,CLOSED,SMS,2026-05-19 00:32:05
COMPLAINT0006967,ACC0020516,BRW0010402,2026-01-28 17:12:23,WRONG_CONTACT,CRITICAL,RESOLVED,WHATSAPP,2026-02-01 17:12:23
COMPLAINT0006968,ACC0016082,BRW0000544,2026-04-29 02:18:34,HARASSMENT,CRITICAL,CLOSED,EMAIL,2026-05-02 02:18:34
COMPLAINT0006969,ACC0020981,BRW0011464,2026-04-02 14:43:52,HARASSMENT,HIGH,CLOSED,WHATSAPP,2026-04-06 14:43:52
COMPLAINT0006970,ACC0005830,BRW0006510,2026-05-13 10:29:41,AGENT_BEHAVIOUR,HIGH,OPEN,SMS,2026-05-31 10:29:41
COMPLAINT0006971,ACC0026946,BRW0005366,2026-05-11 13:38:57,DND,CRITICAL,OPEN,EMAIL,2026-05-21 13:38:57
COMPLAINT0006972,ACC0004355,BRW0010235,2026-02-18 07:53:10,WRONG_CONTACT,LOW,CLOSED,FIELD,2026-02-20 07:53:10
COMPLAINT0006973,ACC0001350,BRW0002425,2026-02-16 02:23:37,PAYMENT,HIGH,CLOSED,WHATSAPP,2026-02-18 02:23:37
COMPLAINT0006974,ACC0011832,BRW0008399,2026-07-15 12:59:18,DISPUTE,MEDIUM,RESOLVED,SMS,2026-07-21 12:59:18
COMPLAINT0006975,ACC0020119,BRW0005530,2026-07-24 17:32:57,AGENT_BEHAVIOUR,LOW,CLOSED,CALL,2026-08-08 17:32:57
COMPLAINT0006976,ACC0001133,BRW0010392,2026-05-29 00:34:43,DND,CRITICAL,OPEN,SMS,2026-06-11 00:34:43
COMPLAINT0006977,ACC0027458,BRW0008685,2026-01-19 22:06:54,DISPUTE,LOW,CLOSED,FIELD,2026-01-29 22:06:54
COMPLAINT0006978,ACC0000565,BRW0007783,2026-04-20 23:08:25,DISPUTE,LOW,INVESTIGATING,EMAIL,2026-04-30 23:08:25
COMPLAINT0006979,ACC0026226,BRW0011645,2026-08-03 22:43:03,PAYMENT,HIGH,CLOSED,WHATSAPP,2026-08-17 22:43:03
COMPLAINT0006980,ACC0001327,BRW0001109,2026-04-24 22:52:49,AGENT_BEHAVIOUR,HIGH,CLOSED,WHATSAPP,2026-05-05 22:52:49
COMPLAINT0006981,ACC0018372,BRW0008128,2026-01-30 06:10:35,AGENT_BEHAVIOUR,LOW,INVESTIGATING,SMS,2026-02-12 06:10:35
COMPLAINT0006982,ACC0029914,BRW0003739,2026-01-22 21:37:57,AGENT_BEHAVIOUR,MEDIUM,INVESTIGATING,SMS,2026-01-24 21:37:57
COMPLAINT0006983,ACC0014433,BRW0004515,2026-02-17 07:51:31,DISPUTE,MEDIUM,OPEN,CALL,2026-02-19 07:51:31
COMPLAINT0006984,ACC0026943,BRW0008310,2026-01-28 17:14:52,WRONG_CONTACT,LOW,CLOSED,FIELD,2026-02-09 17:14:52
COMPLAINT0006985,ACC0011847,BRW0010126,2026-03-26 07:03:30,AGENT_BEHAVIOUR,CRITICAL,CLOSED,SMS,2026-03-29 07:03:30
COMPLAINT0006986,ACC0008503,BRW0000077,2026-02-20 13:05:13,HARASSMENT,HIGH,INVESTIGATING,CALL,2026-03-07 13:05:13
COMPLAINT0006987,ACC0012667,BRW0004537,2026-03-07 03:44:53,PRIVACY,HIGH,RESOLVED,SMS,2026-03-10 03:44:53
COMPLAINT0006988,ACC0025388,BRW0000477,2026-01-22 05:33:29,PAYMENT,LOW,RESOLVED,CALL,2026-02-10 05:33:29
COMPLAINT0006989,ACC0007759,BRW0009079,2026-07-01 00:36:36,HARASSMENT,MEDIUM,RESOLVED,EMAIL,2026-07-17 00:36:36
COMPLAINT0006990,ACC0000287,BRW0006666,2026-07-18 00:35:23,HARASSMENT,LOW,INVESTIGATING,SMS,2026-07-26 00:35:23
COMPLAINT0006991,ACC0020709,BRW0004441,2026-01-11 15:34:43,PRIVACY,CRITICAL,OPEN,SMS,2026-01-21 15:34:43
COMPLAINT0006992,ACC0010285,BRW0004253,2026-03-09 14:01:03,WRONG_CONTACT,LOW,INVESTIGATING,CALL,2026-03-24 14:01:03
COMPLAINT0006993,ACC0020045,BRW0011124,2026-08-06 16:25:50,HARASSMENT,MEDIUM,CLOSED,CALL,2026-08-15 16:25:50
COMPLAINT0006994,ACC0014896,BRW0010884,2026-03-28 04:31:35,PAYMENT,LOW,OPEN,SMS,2026-04-04 04:31:35
COMPLAINT0006995,ACC0002095,BRW0000781,2026-02-11 18:48:51,PAYMENT,CRITICAL,RESOLVED,SMS,2026-02-21 18:48:51
COMPLAINT0006996,ACC0026558,BRW0003206,2026-05-05 06:34:17,PAYMENT,CRITICAL,CLOSED,WHATSAPP,2026-05-09 06:34:17
COMPLAINT0006997,ACC0024995,BRW0008680,2026-03-28 09:08:00,PRIVACY,LOW,OPEN,WHATSAPP,2026-04-15 09:08:00
COMPLAINT0006998,ACC0027782,BRW0003701,2026-04-09 13:45:55,DISPUTE,LOW,OPEN,FIELD,2026-04-28 13:45:55
COMPLAINT0006999,ACC0024507,BRW0003866,2026-07-15 20:42:10,PAYMENT,HIGH,OPEN,FIELD,2026-07-17 20:42:10
COMPLAINT0007000,ACC0009879,BRW0007229,2026-05-22 21:15:01,AGENT_BEHAVIOUR,LOW,CLOSED,WHATSAPP,2026-06-09 21:15:01
COMPLAINT0007001,ACC0003543,BRW0000058,2026-07-11 13:51:25,PRIVACY,CRITICAL,INVESTIGATING,CALL,2026-07-23 13:51:25
COMPLAINT0007002,ACC0008644,BRW0003021,2026-03-13 14:15:47,HARASSMENT,CRITICAL,RESOLVED,SMS,2026-03-24 14:15:47
COMPLAINT0007003,ACC0007062,BRW0005077,2026-05-14 15:57:43,DISPUTE,HIGH,INVESTIGATING,EMAIL,2026-05-24 15:57:43
COMPLAINT0007004,ACC0019688,BRW0006392,2026-01-21 04:55:28,WRONG_CONTACT,LOW,OPEN,EMAIL,2026-01-23 04:55:28
COMPLAINT0007005,ACC0009332,BRW0008063,2026-06-01 07:32:33,HARASSMENT,MEDIUM,OPEN,CALL,2026-06-15 07:32:33
COMPLAINT0007006,ACC0014828,BRW0009831,2026-06-08 18:25:17,WRONG_CONTACT,CRITICAL,OPEN,FIELD,2026-06-19 18:25:17
COMPLAINT0007007,ACC0017577,BRW0004616,2026-01-12 03:58:31,WRONG_CONTACT,HIGH,OPEN,FIELD,2026-01-28 03:58:31
COMPLAINT0007008,ACC0014013,BRW0010760,2026-05-13 03:09:28,HARASSMENT,HIGH,OPEN,WHATSAPP,2026-05-18 03:09:28
COMPLAINT0007009,ACC0000837,BRW0010278,2026-01-13 06:23:20,PAYMENT,LOW,CLOSED,WHATSAPP,2026-01-27 06:23:20
COMPLAINT0007010,ACC0029393,BRW0006448,2026-07-24 02:28:11,HARASSMENT,CRITICAL,INVESTIGATING,FIELD,2026-08-01 02:28:11
COMPLAINT0007011,ACC0011187,BRW0010345,2026-07-13 02:50:47,DND,MEDIUM,OPEN,WHATSAPP,2026-07-30 02:50:47
COMPLAINT0007012,ACC0026833,BRW0011611,2026-04-25 17:59:02,PAYMENT,CRITICAL,RESOLVED,SMS,2026-05-06 17:59:02
COMPLAINT0007013,ACC0023337,BRW0000853,2026-04-20 00:25:34,PAYMENT,CRITICAL,RESOLVED,WHATSAPP,2026-05-02 00:25:34
COMPLAINT0007014,ACC0028359,BRW0005155,2026-01-25 09:35:06,PRIVACY,LOW,OPEN,WHATSAPP,2026-01-29 09:35:06
COMPLAINT0007015,ACC0025668,BRW0004926,2026-06-19 19:31:45,PAYMENT,LOW,OPEN,FIELD,2026-06-28 19:31:45
COMPLAINT0007016,ACC0007507,BRW0007332,2026-03-27 00:04:02,DISPUTE,MEDIUM,INVESTIGATING,WHATSAPP,2026-04-12 00:04:02
COMPLAINT0007017,ACC0009267,BRW0008354,2026-03-22 23:04:16,DISPUTE,CRITICAL,INVESTIGATING,EMAIL,2026-03-25 23:04:16
COMPLAINT0007018,ACC0024685,BRW0002407,2026-03-20 17:54:23,PAYMENT,CRITICAL,INVESTIGATING,FIELD,2026-04-01 17:54:23
COMPLAINT0007019,ACC0023988,BRW0009774,2026-01-20 10:45:18,AGENT_BEHAVIOUR,CRITICAL,INVESTIGATING,CALL,2026-01-28 10:45:18
COMPLAINT0007020,ACC0018313,BRW0006081,2026-05-08 00:13:07,PAYMENT,MEDIUM,OPEN,FIELD,2026-05-24 00:13:07
COMPLAINT0007021,ACC0000076,BRW0000951,2026-04-24 22:44:06,DND,CRITICAL,OPEN,SMS,2026-05-07 22:44:06
COMPLAINT0007022,ACC0016729,BRW0000384,2026-06-03 02:39:21,DND,HIGH,INVESTIGATING,CALL,2026-06-21 02:39:21
COMPLAINT0007023,ACC0014635,BRW0010092,2026-02-05 21:42:28,PAYMENT,LOW,INVESTIGATING,EMAIL,2026-02-22 21:42:28
COMPLAINT0007024,ACC0026801,BRW0011216,2026-06-08 18:36:50,AGENT_BEHAVIOUR,HIGH,INVESTIGATING,SMS,2026-06-19 18:36:50
COMPLAINT0007025,ACC0022221,BRW0005577,2026-05-27 15:21:08,PAYMENT,CRITICAL,RESOLVED,EMAIL,2026-06-08 15:21:08
COMPLAINT0007026,ACC0016372,BRW0005528,2026-04-25 05:37:00,AGENT_BEHAVIOUR,MEDIUM,INVESTIGATING,FIELD,2026-05-12 05:37:00
COMPLAINT0007027,ACC0027697,BRW0010186,2026-02-08 12:23:24,WRONG_CONTACT,CRITICAL,CLOSED,SMS,2026-02-19 12:23:24
COMPLAINT0007028,ACC0021189,BRW0003953,2026-01-05 08:18:00,AGENT_BEHAVIOUR,LOW,RESOLVED,EMAIL,2026-01-13 08:18:00
COMPLAINT0007029,ACC0028168,BRW0007529,2026-05-10 04:00:59,PRIVACY,HIGH,RESOLVED,EMAIL,2026-05-13 04:00:59
COMPLAINT0007030,ACC0008499,BRW0009872,2026-07-22 22:16:21,HARASSMENT,CRITICAL,OPEN,EMAIL,2026-08-05 22:16:21
COMPLAINT0007031,ACC0003891,BRW0007717,2026-07-05 15:07:21,HARASSMENT,CRITICAL,INVESTIGATING,CALL,2026-07-21 15:07:21
COMPLAINT0007032,ACC0028814,BRW0007487,2026-04-09 04:18:38,WRONG_CONTACT,CRITICAL,OPEN,EMAIL,2026-04-10 04:18:38
COMPLAINT0007033,ACC0003307,BRW0010183,2026-06-03 02:40:46,DISPUTE,HIGH,CLOSED,FIELD,2026-06-11 02:40:46
COMPLAINT0007034,ACC0015662,BRW0005357,2026-07-25 03:07:49,AGENT_BEHAVIOUR,LOW,CLOSED,EMAIL,2026-08-10 03:07:49
COMPLAINT0007035,ACC0002709,BRW0001032,2026-04-26 17:08:40,PAYMENT,HIGH,RESOLVED,WHATSAPP,2026-05-10 17:08:40
COMPLAINT0007036,ACC0001043,BRW0009253,2026-06-16 14:03:36,DND,CRITICAL,RESOLVED,WHATSAPP,2026-06-30 14:03:36
COMPLAINT0007037,ACC0006969,BRW0009979,2026-06-10 22:14:59,PAYMENT,LOW,INVESTIGATING,FIELD,2026-06-11 22:14:59
COMPLAINT0007038,ACC0014969,BRW0004474,2026-04-16 22:33:50,HARASSMENT,LOW,RESOLVED,EMAIL,2026-04-29 22:33:50
COMPLAINT0007039,ACC0022636,BRW0006615,2026-03-20 06:04:32,WRONG_CONTACT,CRITICAL,RESOLVED,FIELD,2026-03-25 06:04:32
COMPLAINT0007040,ACC0007266,BRW0002488,2026-05-20 08:40:52,DND,CRITICAL,RESOLVED,CALL,2026-06-01 08:40:52
COMPLAINT0007041,ACC0003036,BRW0006870,2026-08-02 20:47:35,PRIVACY,HIGH,INVESTIGATING,EMAIL,2026-08-13 20:47:35
COMPLAINT0007042,ACC0007334,BRW0011441,2026-07-11 22:15:44,PRIVACY,HIGH,RESOLVED,WHATSAPP,2026-07-16 22:15:44
COMPLAINT0007043,ACC0002048,BRW0001552,2026-01-31 06:53:10,HARASSMENT,LOW,RESOLVED,FIELD,2026-02-10 06:53:10
COMPLAINT0007044,ACC0026513,BRW0007120,2026-03-29 09:51:01,DISPUTE,LOW,CLOSED,FIELD,2026-04-14 09:51:01
COMPLAINT0007045,ACC0016326,BRW0008092,2026-06-07 04:48:09,PAYMENT,LOW,RESOLVED,FIELD,2026-06-13 04:48:09
COMPLAINT0007046,ACC0022581,BRW0001199,2026-04-16 09:59:56,DISPUTE,LOW,OPEN,FIELD,2026-04-25 09:59:56
COMPLAINT0007047,ACC0011100,BRW0002699,2026-02-17 23:18:36,PRIVACY,LOW,RESOLVED,EMAIL,2026-02-21 23:18:36
COMPLAINT0007048,ACC0027994,BRW0002258,2026-06-02 01:57:38,DND,HIGH,CLOSED,SMS,2026-06-06 01:57:38
COMPLAINT0007049,ACC0003697,BRW0010832,2026-06-30 17:12:51,DND,HIGH,RESOLVED,EMAIL,2026-07-07 17:12:51
COMPLAINT0007050,ACC0006170,BRW0002547,2026-03-30 03:18:28,HARASSMENT,CRITICAL,OPEN,SMS,2026-04-18 03:18:28
COMPLAINT0007051,ACC0005931,BRW0004167,2026-05-15 23:38:24,WRONG_CONTACT,LOW,CLOSED,CALL,2026-05-16 23:38:24
COMPLAINT0007052,ACC0025777,BRW0001527,2026-01-07 08:14:35,AGENT_BEHAVIOUR,LOW,OPEN,FIELD,2026-01-14 08:14:35
COMPLAINT0007053,ACC0025374,BRW0008311,2026-05-21 14:27:41,WRONG_CONTACT,HIGH,OPEN,EMAIL,2026-05-22 14:27:41
COMPLAINT0007054,ACC0023868,BRW0004492,2026-04-21 12:04:43,DISPUTE,MEDIUM,CLOSED,FIELD,2026-05-04 12:04:43
COMPLAINT0007055,ACC0006823,BRW0007244,2026-02-28 20:54:38,DND,LOW,OPEN,SMS,2026-03-10 20:54:38
COMPLAINT0007056,ACC0005382,BRW0002171,2026-07-18 00:41:39,WRONG_CONTACT,LOW,CLOSED,CALL,2026-07-31 00:41:39
COMPLAINT0007057,ACC0019224,BRW0005043,2026-03-21 18:16:38,DND,MEDIUM,OPEN,WHATSAPP,2026-04-07 18:16:38
COMPLAINT0007058,ACC0018423,BRW0010067,2026-06-15 03:45:34,DISPUTE,CRITICAL,CLOSED,FIELD,2026-06-19 03:45:34
COMPLAINT0007059,ACC0010405,BRW0009820,2026-01-30 20:50:23,HARASSMENT,LOW,CLOSED,SMS,2026-02-06 20:50:23
COMPLAINT0007060,ACC0022127,BRW0010799,2026-03-15 03:09:10,AGENT_BEHAVIOUR,CRITICAL,OPEN,FIELD,2026-03-23 03:09:10
COMPLAINT0007061,ACC0009854,BRW0011022,2026-04-25 11:10:15,DND,CRITICAL,RESOLVED,EMAIL,2026-05-01 11:10:15
COMPLAINT0007062,ACC0000098,BRW0001108,2026-07-31 10:50:55,HARASSMENT,HIGH,CLOSED,CALL,2026-08-03 10:50:55
COMPLAINT0007063,ACC0010147,BRW0008729,2026-07-04 02:24:30,WRONG_CONTACT,MEDIUM,INVESTIGATING,WHATSAPP,2026-07-19 02:24:30
COMPLAINT0007064,ACC0007969,BRW0002314,2026-07-02 22:25:04,AGENT_BEHAVIOUR,LOW,RESOLVED,FIELD,2026-07-17 22:25:04
COMPLAINT0007065,ACC0014729,BRW0009260,2026-07-03 22:20:15,WRONG_CONTACT,MEDIUM,INVESTIGATING,FIELD,2026-07-08 22:20:15
COMPLAINT0007066,ACC0020621,BRW0011314,2026-06-24 02:35:38,PAYMENT,HIGH,RESOLVED,SMS,2026-07-09 02:35:38
COMPLAINT0007067,ACC0024458,BRW0003480,2026-01-15 00:43:03,PAYMENT,MEDIUM,OPEN,CALL,2026-01-24 00:43:03
COMPLAINT0007068,ACC0001317,BRW0011519,2026-01-11 02:23:58,AGENT_BEHAVIOUR,MEDIUM,OPEN,EMAIL,2026-01-18 02:23:58
COMPLAINT0007069,ACC0012127,BRW0000827,2026-07-30 06:53:52,WRONG_CONTACT,HIGH,CLOSED,FIELD,2026-08-17 06:53:52
COMPLAINT0007070,ACC0023087,BRW0002294,2026-02-07 14:15:36,DND,HIGH,OPEN,SMS,2026-02-19 14:15:36
COMPLAINT0007071,ACC0003721,BRW0006935,2026-07-15 03:26:01,WRONG_CONTACT,MEDIUM,RESOLVED,CALL,2026-07-29 03:26:01
COMPLAINT0007072,ACC0014204,BRW0000878,2026-05-13 09:04:43,HARASSMENT,LOW,INVESTIGATING,CALL,2026-05-26 09:04:43
COMPLAINT0007073,ACC0015245,BRW0010305,2026-07-03 11:21:25,WRONG_CONTACT,HIGH,RESOLVED,CALL,2026-07-08 11:21:25
COMPLAINT0007074,ACC0021152,BRW0003409,2026-06-15 06:38:00,PRIVACY,LOW,CLOSED,WHATSAPP,2026-06-30 06:38:00
COMPLAINT0007075,ACC0021991,BRW0007113,2026-07-04 19:41:03,WRONG_CONTACT,MEDIUM,CLOSED,EMAIL,2026-07-12 19:41:03
COMPLAINT0007076,ACC0011384,BRW0002119,2026-07-04 07:32:32,PRIVACY,MEDIUM,CLOSED,EMAIL,2026-07-05 07:32:32
COMPLAINT0007077,ACC0020612,BRW0005593,2026-01-28 10:35:13,WRONG_CONTACT,CRITICAL,OPEN,FIELD,2026-02-04 10:35:13
COMPLAINT0007078,ACC0027584,BRW0006485,2026-02-09 05:58:53,DISPUTE,MEDIUM,RESOLVED,FIELD,2026-02-20 05:58:53
COMPLAINT0007079,ACC0004576,BRW0007734,2026-07-05 06:22:09,AGENT_BEHAVIOUR,CRITICAL,OPEN,EMAIL,2026-07-14 06:22:09
COMPLAINT0007080,ACC0029160,BRW0002403,2026-06-18 03:33:35,WRONG_CONTACT,LOW,INVESTIGATING,WHATSAPP,2026-07-05 03:33:35
COMPLAINT0007081,ACC0019484,BRW0009728,2026-07-26 03:31:46,WRONG_CONTACT,HIGH,OPEN,FIELD,2026-08-14 03:31:46
COMPLAINT0007082,ACC0002896,BRW0001482,2026-04-22 20:20:42,PAYMENT,LOW,INVESTIGATING,CALL,2026-05-02 20:20:42
COMPLAINT0007083,ACC0008139,BRW0009585,2026-02-23 08:41:53,DISPUTE,MEDIUM,CLOSED,FIELD,2026-02-27 08:41:53
COMPLAINT0007084,ACC0006624,BRW0000429,2026-06-10 01:45:26,WRONG_CONTACT,LOW,RESOLVED,EMAIL,2026-06-13 01:45:26
COMPLAINT0007085,ACC0005149,BRW0001899,2026-01-23 16:34:43,AGENT_BEHAVIOUR,MEDIUM,CLOSED,FIELD,2026-02-10 16:34:43
COMPLAINT0007086,ACC0020429,BRW0011131,2026-05-29 09:59:55,WRONG_CONTACT,HIGH,CLOSED,WHATSAPP,2026-06-02 09:59:55
COMPLAINT0007087,ACC0008864,BRW0000293,2026-07-24 01:01:54,AGENT_BEHAVIOUR,CRITICAL,INVESTIGATING,FIELD,2026-07-31 01:01:54
COMPLAINT0007088,ACC0023563,BRW0003741,2026-06-26 15:26:34,WRONG_CONTACT,LOW,RESOLVED,WHATSAPP,2026-07-02 15:26:34
COMPLAINT0007089,ACC0018080,BRW0004172,2026-04-24 12:45:33,PRIVACY,LOW,RESOLVED,WHATSAPP,2026-05-01 12:45:33
COMPLAINT0007090,ACC0006219,BRW0003280,2026-05-26 18:31:56,AGENT_BEHAVIOUR,LOW,OPEN,FIELD,2026-06-07 18:31:56
COMPLAINT0007091,ACC0020006,BRW0002839,2026-05-25 11:41:24,WRONG_CONTACT,MEDIUM,OPEN,FIELD,2026-06-09 11:41:24
COMPLAINT0007092,ACC0010099,BRW0004883,2026-06-05 12:12:56,HARASSMENT,HIGH,INVESTIGATING,EMAIL,2026-06-12 12:12:56
COMPLAINT0007093,ACC0021965,BRW0005068,2026-02-05 14:12:43,HARASSMENT,HIGH,INVESTIGATING,SMS,2026-02-11 14:12:43
COMPLAINT0007094,ACC0009747,BRW0003938,2026-06-12 22:03:44,WRONG_CONTACT,CRITICAL,OPEN,CALL,2026-06-30 22:03:44
COMPLAINT0007095,ACC0027441,BRW0011695,2026-07-27 21:47:24,AGENT_BEHAVIOUR,CRITICAL,RESOLVED,WHATSAPP,2026-08-14 21:47:24
COMPLAINT0007096,ACC0020525,BRW0010448,2026-04-22 06:57:02,DISPUTE,CRITICAL,INVESTIGATING,WHATSAPP,2026-05-06 06:57:02
COMPLAINT0007097,ACC0002205,BRW0008759,2026-02-25 05:50:24,DISPUTE,HIGH,CLOSED,FIELD,2026-03-10 05:50:24
COMPLAINT0007098,ACC0024148,BRW0001245,2026-05-02 10:24:34,HARASSMENT,CRITICAL,OPEN,WHATSAPP,2026-05-04 10:24:34
COMPLAINT0007099,ACC0003394,BRW0004813,2026-05-08 01:10:58,AGENT_BEHAVIOUR,CRITICAL,INVESTIGATING,SMS,2026-05-20 01:10:58
COMPLAINT0007100,ACC0020594,BRW0009856,2026-07-05 20:25:34,DND,MEDIUM,RESOLVED,CALL,2026-07-24 20:25:34
COMPLAINT0007101,ACC0003022,BRW0004297,2026-01-09 17:24:35,WRONG_CONTACT,HIGH,OPEN,CALL,2026-01-15 17:24:35
COMPLAINT0007102,ACC0022723,BRW0011047,2026-06-28 17:45:55,PRIVACY,HIGH,CLOSED,SMS,2026-07-12 17:45:55
COMPLAINT0007103,ACC0022483,BRW0001528,2026-07-01 02:04:38,DND,LOW,RESOLVED,CALL,2026-07-19 02:04:38
COMPLAINT0007104,ACC0029010,BRW0010585,2026-02-12 17:24:24,PAYMENT,HIGH,INVESTIGATING,WHATSAPP,2026-02-25 17:24:24
COMPLAINT0007105,ACC0013230,BRW0005496,2026-06-30 08:56:54,DISPUTE,LOW,OPEN,EMAIL,2026-07-16 08:56:54
COMPLAINT0007106,ACC0014372,BRW0006914,2026-07-02 18:10:37,PRIVACY,MEDIUM,CLOSED,FIELD,2026-07-15 18:10:37
COMPLAINT0007107,ACC0019973,BRW0002897,2026-01-11 11:51:44,PRIVACY,MEDIUM,RESOLVED,SMS,2026-01-27 11:51:44
COMPLAINT0007108,ACC0026948,BRW0011840,2026-03-23 17:57:26,PRIVACY,CRITICAL,INVESTIGATING,EMAIL,2026-04-08 17:57:26
COMPLAINT0007109,ACC0023780,BRW0003311,2026-04-16 23:08:04,DND,MEDIUM,OPEN,FIELD,2026-04-20 23:08:04
COMPLAINT0007110,ACC0023186,BRW0009202,2026-07-15 22:42:28,PAYMENT,CRITICAL,INVESTIGATING,EMAIL,2026-07-30 22:42:28
COMPLAINT0007111,ACC0004512,BRW0007812,2026-03-07 15:16:50,DND,LOW,RESOLVED,FIELD,2026-03-20 15:16:50
COMPLAINT0007112,ACC0025878,BRW0006769,2026-05-28 09:22:35,HARASSMENT,LOW,OPEN,EMAIL,2026-06-15 09:22:35
COMPLAINT0007113,ACC0022606,BRW0009431,2026-01-20 19:59:37,AGENT_BEHAVIOUR,HIGH,INVESTIGATING,FIELD,2026-01-23 19:59:37
COMPLAINT0007114,ACC0015411,BRW0011382,2026-02-14 16:24:42,PRIVACY,MEDIUM,CLOSED,CALL,2026-02-21 16:24:42
COMPLAINT0007115,ACC0023869,BRW0008071,2026-07-18 09:50:13,AGENT_BEHAVIOUR,HIGH,OPEN,CALL,2026-07-29 09:50:13
COMPLAINT0007116,ACC0009668,BRW0004480,2026-01-13 14:15:50,PAYMENT,MEDIUM,INVESTIGATING,FIELD,2026-01-27 14:15:50
COMPLAINT0007117,ACC0009205,BRW0011466,2026-02-06 07:21:35,DND,HIGH,RESOLVED,CALL,2026-02-24 07:21:35
COMPLAINT0007118,ACC0007296,BRW0003097,2026-01-16 22:37:55,PAYMENT,CRITICAL,INVESTIGATING,SMS,2026-02-03 22:37:55
COMPLAINT0007119,ACC0014284,BRW0004467,2026-04-01 17:54:24,PAYMENT,HIGH,RESOLVED,WHATSAPP,2026-04-12 17:54:24
COMPLAINT0007120,ACC0019029,BRW0007251,2026-06-05 08:37:38,DND,LOW,RESOLVED,FIELD,2026-06-22 08:37:38
COMPLAINT0007121,ACC0021530,BRW0006265,2026-03-03 16:39:24,AGENT_BEHAVIOUR,CRITICAL,CLOSED,FIELD,2026-03-09 16:39:24
COMPLAINT0007122,ACC0023090,BRW0000495,2026-06-27 18:17:43,DND,MEDIUM,OPEN,FIELD,2026-07-06 18:17:43
COMPLAINT0007123,ACC0009095,BRW0011075,2026-05-11 11:05:51,PAYMENT,LOW,CLOSED,FIELD,2026-05-21 11:05:51
COMPLAINT0007124,ACC0013472,BRW0010273,2026-02-09 09:10:04,DND,HIGH,OPEN,CALL,2026-02-15 09:10:04
COMPLAINT0007125,ACC0009275,BRW0004819,2026-01-29 09:01:10,AGENT_BEHAVIOUR,CRITICAL,RESOLVED,WHATSAPP,2026-02-04 09:01:10
COMPLAINT0007126,ACC0000858,BRW0011686,2026-07-27 16:22:21,AGENT_BEHAVIOUR,CRITICAL,INVESTIGATING,SMS,2026-08-09 16:22:21
COMPLAINT0007127,ACC0014852,BRW0011264,2026-04-03 03:03:31,DND,MEDIUM,INVESTIGATING,WHATSAPP,2026-04-22 03:03:31
COMPLAINT0007128,ACC0028666,BRW0007880,2026-05-14 12:45:58,PRIVACY,MEDIUM,OPEN,FIELD,2026-05-28 12:45:58
COMPLAINT0007129,ACC0024353,BRW0007700,2026-03-21 12:54:57,AGENT_BEHAVIOUR,HIGH,CLOSED,WHATSAPP,2026-04-05 12:54:57
COMPLAINT0007130,ACC0021544,BRW0009951,2026-05-01 01:20:05,WRONG_CONTACT,CRITICAL,RESOLVED,WHATSAPP,2026-05-17 01:20:05
COMPLAINT0007131,ACC0010586,BRW0005841,2026-07-18 08:34:36,HARASSMENT,MEDIUM,OPEN,FIELD,2026-08-03 08:34:36
COMPLAINT0007132,ACC0024200,BRW0005800,2026-05-31 02:22:20,DISPUTE,LOW,OPEN,SMS,2026-06-10 02:22:20
COMPLAINT0007133,ACC0018745,BRW0003447,2026-02-16 15:15:12,HARASSMENT,HIGH,RESOLVED,FIELD,2026-02-27 15:15:12
COMPLAINT0007134,ACC0008150,BRW0006267,2026-02-26 19:05:11,DND,CRITICAL,OPEN,WHATSAPP,2026-03-10 19:05:11
COMPLAINT0007135,ACC0001357,BRW0010827,2026-01-30 23:09:36,WRONG_CONTACT,MEDIUM,RESOLVED,CALL,2026-02-08 23:09:36
COMPLAINT0007136,ACC0022616,BRW0006069,2026-03-03 21:20:21,PRIVACY,HIGH,INVESTIGATING,FIELD,2026-03-22 21:20:21
COMPLAINT0007137,ACC0029520,BRW0009205,2026-02-03 22:39:02,DISPUTE,LOW,OPEN,CALL,2026-02-09 22:39:02
COMPLAINT0007138,ACC0021878,BRW0000644,2026-05-02 03:03:51,DISPUTE,HIGH,CLOSED,EMAIL,2026-05-11 03:03:51
COMPLAINT0007139,ACC0024365,BRW0010120,2026-02-12 20:27:24,PAYMENT,LOW,CLOSED,EMAIL,2026-02-19 20:27:24
COMPLAINT0007140,ACC0008888,BRW0011631,2026-01-09 15:19:35,PAYMENT,HIGH,CLOSED,WHATSAPP,2026-01-23 15:19:35
COMPLAINT0007141,ACC0024538,BRW0004328,2026-01-11 09:22:05,PAYMENT,CRITICAL,INVESTIGATING,CALL,2026-01-21 09:22:05
COMPLAINT0007142,ACC0020981,BRW0009598,2026-04-14 11:39:38,DISPUTE,LOW,RESOLVED,WHATSAPP,2026-04-15 11:39:38
COMPLAINT0007143,ACC0007000,BRW0000833,2026-05-15 15:10:09,AGENT_BEHAVIOUR,LOW,OPEN,CALL,2026-05-16 15:10:09
COMPLAINT0007144,ACC0009283,BRW0004110,2026-01-30 15:27:49,DND,HIGH,OPEN,CALL,2026-02-04 15:27:49
COMPLAINT0007145,ACC0003507,BRW0006988,2026-02-03 16:26:32,DISPUTE,LOW,INVESTIGATING,CALL,2026-02-14 16:26:32
COMPLAINT0007146,ACC0024255,BRW0010738,2026-02-17 18:25:51,WRONG_CONTACT,LOW,RESOLVED,FIELD,2026-03-02 18:25:51
COMPLAINT0007147,ACC0008740,BRW0005780,2026-03-25 09:42:25,WRONG_CONTACT,CRITICAL,OPEN,SMS,2026-03-30 09:42:25
COMPLAINT0007148,ACC0018913,BRW0010766,2026-01-01 18:15:29,DISPUTE,HIGH,OPEN,FIELD,2026-01-16 18:15:29
COMPLAINT0007149,ACC0015490,BRW0007890,2026-02-17 21:17:54,PRIVACY,LOW,CLOSED,FIELD,2026-02-20 21:17:54
COMPLAINT0007150,ACC0008866,BRW0010738,2026-07-24 09:09:31,WRONG_CONTACT,MEDIUM,OPEN,CALL,2026-08-09 09:09:31
COMPLAINT0007151,ACC0008910,BRW0007506,2026-06-10 19:18:15,DISPUTE,MEDIUM,RESOLVED,CALL,2026-06-13 19:18:15
COMPLAINT0007152,ACC0026852,BRW0006460,2026-04-07 21:58:02,PAYMENT,MEDIUM,CLOSED,EMAIL,2026-04-13 21:58:02
COMPLAINT0007153,ACC0026926,BRW0005508,2026-03-19 23:13:47,DISPUTE,MEDIUM,INVESTIGATING,FIELD,2026-03-28 23:13:47
COMPLAINT0007154,ACC0028962,BRW0011854,2026-07-06 15:42:14,PRIVACY,CRITICAL,INVESTIGATING,FIELD,2026-07-12 15:42:14
COMPLAINT0007155,ACC0011214,BRW0003624,2026-05-07 00:26:30,PRIVACY,HIGH,RESOLVED,SMS,2026-05-20 00:26:30
COMPLAINT0007156,ACC0007568,BRW0008911,2026-05-14 22:08:18,HARASSMENT,HIGH,CLOSED,CALL,2026-05-15 22:08:18
COMPLAINT0007157,ACC0028906,BRW0010233,2026-04-08 22:28:12,PAYMENT,CRITICAL,INVESTIGATING,EMAIL,2026-04-21 22:28:12
COMPLAINT0007158,ACC0014522,BRW0005910,2026-02-13 09:47:23,PAYMENT,HIGH,INVESTIGATING,WHATSAPP,2026-02-20 09:47:23
COMPLAINT0007159,ACC0006889,BRW0006334,2026-07-08 09:27:17,HARASSMENT,HIGH,RESOLVED,FIELD,2026-07-12 09:27:17
COMPLAINT0007160,ACC0019986,BRW0003537,2026-07-30 14:49:53,PRIVACY,HIGH,RESOLVED,FIELD,2026-07-31 14:49:53
COMPLAINT0007161,ACC0019354,BRW0000244,2026-05-18 11:06:10,AGENT_BEHAVIOUR,CRITICAL,OPEN,SMS,2026-06-05 11:06:10
COMPLAINT0007162,ACC0008726,BRW0006650,2026-02-21 09:47:44,DND,MEDIUM,OPEN,SMS,2026-03-01 09:47:44
COMPLAINT0007163,ACC0007270,BRW0006266,2026-06-22 09:02:23,PRIVACY,LOW,INVESTIGATING,FIELD,2026-06-26 09:02:23
COMPLAINT0007164,ACC0005409,BRW0000923,2026-06-02 07:03:13,WRONG_CONTACT,HIGH,INVESTIGATING,EMAIL,2026-06-09 07:03:13
COMPLAINT0007165,ACC0000858,BRW0000767,2026-04-18 20:40:28,DND,MEDIUM,CLOSED,FIELD,2026-05-03 20:40:28
COMPLAINT0007166,ACC0014258,BRW0008316,2026-04-07 00:54:17,PRIVACY,CRITICAL,INVESTIGATING,CALL,2026-04-15 00:54:17
COMPLAINT0007167,ACC0029470,BRW0004217,2026-04-04 06:40:32,DND,CRITICAL,OPEN,WHATSAPP,2026-04-10 06:40:32
COMPLAINT0007168,ACC0028663,BRW0000863,2026-07-17 21:33:22,WRONG_CONTACT,LOW,INVESTIGATING,SMS,2026-08-01 21:33:22
COMPLAINT0007169,ACC0017257,BRW0008962,2026-04-28 11:32:46,PAYMENT,MEDIUM,INVESTIGATING,CALL,2026-04-29 11:32:46
COMPLAINT0007170,ACC0007726,BRW0006631,2026-05-31 23:35:40,HARASSMENT,HIGH,OPEN,SMS,2026-06-17 23:35:40
COMPLAINT0007171,ACC0003430,BRW0005187,2026-07-04 18:43:14,WRONG_CONTACT,LOW,RESOLVED,EMAIL,2026-07-22 18:43:14
COMPLAINT0007172,ACC0019095,BRW0007619,2026-01-25 09:15:24,AGENT_BEHAVIOUR,MEDIUM,CLOSED,FIELD,2026-02-01 09:15:24
COMPLAINT0007173,ACC0025694,BRW0009483,2026-07-29 21:30:06,DISPUTE,HIGH,OPEN,WHATSAPP,2026-08-15 21:30:06
COMPLAINT0007174,ACC0005678,BRW0001572,2026-08-05 14:01:13,PAYMENT,LOW,RESOLVED,WHATSAPP,2026-08-13 14:01:13
COMPLAINT0007175,ACC0019413,BRW0000017,2026-01-10 13:11:28,DISPUTE,CRITICAL,CLOSED,CALL,2026-01-20 13:11:28
COMPLAINT0007176,ACC0024852,BRW0006540,2026-08-02 06:11:19,WRONG_CONTACT,LOW,OPEN,WHATSAPP,2026-08-11 06:11:19
COMPLAINT0007177,ACC0029234,BRW0003508,2026-03-10 05:41:46,DND,LOW,RESOLVED,WHATSAPP,2026-03-20 05:41:46
COMPLAINT0007178,ACC0008709,BRW0005028,2026-05-29 18:17:27,DND,MEDIUM,OPEN,SMS,2026-05-30 18:17:27
COMPLAINT0007179,ACC0011644,BRW0003811,2026-05-30 07:50:54,AGENT_BEHAVIOUR,CRITICAL,OPEN,WHATSAPP,2026-06-01 07:50:54
COMPLAINT0007180,ACC0009053,BRW0003315,2026-01-03 19:12:37,HARASSMENT,LOW,CLOSED,WHATSAPP,2026-01-21 19:12:37
COMPLAINT0007181,ACC0014668,BRW0009021,2026-07-25 05:39:05,AGENT_BEHAVIOUR,HIGH,RESOLVED,CALL,2026-08-03 05:39:05
COMPLAINT0007182,ACC0012536,BRW0004980,2026-03-21 14:43:12,DISPUTE,MEDIUM,INVESTIGATING,EMAIL,2026-03-30 14:43:12
COMPLAINT0007183,ACC0011018,BRW0004604,2026-05-17 09:21:47,AGENT_BEHAVIOUR,HIGH,CLOSED,WHATSAPP,2026-05-25 09:21:47
COMPLAINT0007184,ACC0022417,BRW0011792,2026-01-26 06:33:49,HARASSMENT,LOW,CLOSED,WHATSAPP,2026-02-03 06:33:49
COMPLAINT0007185,ACC0021402,BRW0004666,2026-02-28 04:16:51,AGENT_BEHAVIOUR,CRITICAL,RESOLVED,SMS,2026-03-18 04:16:51
COMPLAINT0007186,ACC0000427,BRW0010159,2026-07-10 10:31:29,PRIVACY,HIGH,INVESTIGATING,FIELD,2026-07-22 10:31:29
COMPLAINT0007187,ACC0027529,BRW0000764,2026-03-04 23:47:03,PAYMENT,HIGH,CLOSED,WHATSAPP,2026-03-07 23:47:03
COMPLAINT0007188,ACC0023563,BRW0008914,2026-05-24 03:27:42,WRONG_CONTACT,CRITICAL,OPEN,SMS,2026-05-25 03:27:42
COMPLAINT0007189,ACC0003250,BRW0008705,2026-04-10 10:17:05,DND,MEDIUM,RESOLVED,WHATSAPP,2026-04-21 10:17:05
COMPLAINT0007190,ACC0009009,BRW0005703,2026-01-11 23:26:32,PRIVACY,HIGH,RESOLVED,WHATSAPP,2026-01-15 23:26:32
COMPLAINT0007191,ACC0016926,BRW0004363,2026-03-30 11:59:32,PRIVACY,LOW,CLOSED,FIELD,2026-04-11 11:59:32
COMPLAINT0007192,ACC0013432,BRW0008300,2026-05-02 06:30:31,PRIVACY,HIGH,RESOLVED,CALL,2026-05-09 06:30:31
COMPLAINT0007193,ACC0002198,BRW0001110,2026-02-11 07:35:23,WRONG_CONTACT,MEDIUM,OPEN,FIELD,2026-03-02 07:35:23
COMPLAINT0007194,ACC0013357,BRW0004329,2026-03-02 09:39:12,HARASSMENT,LOW,RESOLVED,SMS,2026-03-03 09:39:12
COMPLAINT0007195,ACC0005643,BRW0003834,2026-04-06 20:28:13,WRONG_CONTACT,HIGH,INVESTIGATING,FIELD,2026-04-16 20:28:13
COMPLAINT0007196,ACC0022456,BRW0011477,2026-05-13 11:01:16,DND,LOW,OPEN,FIELD,2026-05-31 11:01:16
COMPLAINT0007197,ACC0009240,BRW0007417,2026-07-30 04:13:06,WRONG_CONTACT,LOW,INVESTIGATING,FIELD,2026-08-02 04:13:06
COMPLAINT0007198,ACC0016665,BRW0010593,2026-01-26 20:12:05,WRONG_CONTACT,LOW,RESOLVED,EMAIL,2026-01-29 20:12:05
COMPLAINT0007199,ACC0000323,BRW0009766,2026-04-15 04:51:12,AGENT_BEHAVIOUR,HIGH,CLOSED,SMS,2026-04-17 04:51:12
COMPLAINT0007200,ACC0021356,BRW0006093,2026-07-01 03:08:43,DND,MEDIUM,CLOSED,EMAIL,2026-07-14 03:08:43
COMPLAINT0007201,ACC0010100,BRW0002053,2026-05-20 10:22:18,DISPUTE,CRITICAL,CLOSED,FIELD,2026-06-01 10:22:18
COMPLAINT0007202,ACC0012893,BRW0000966,2026-08-07 17:03:40,AGENT_BEHAVIOUR,HIGH,OPEN,EMAIL,2026-08-13 17:03:40
COMPLAINT0007203,ACC0000025,BRW0010437,2026-01-10 23:56:42,AGENT_BEHAVIOUR,MEDIUM,OPEN,WHATSAPP,2026-01-22 23:56:42
COMPLAINT0007204,ACC0006601,BRW0003052,2026-02-21 15:37:06,WRONG_CONTACT,LOW,RESOLVED,FIELD,2026-02-28 15:37:06
COMPLAINT0007205,ACC0017957,BRW0009997,2026-05-03 08:42:57,WRONG_CONTACT,HIGH,CLOSED,SMS,2026-05-05 08:42:57
COMPLAINT0007206,ACC0026665,BRW0008313,2026-05-24 08:27:01,DND,LOW,INVESTIGATING,SMS,2026-06-06 08:27:01
COMPLAINT0007207,ACC0018216,BRW0006338,2026-06-24 10:46:13,PRIVACY,HIGH,RESOLVED,CALL,2026-07-06 10:46:13
COMPLAINT0007208,ACC0027818,BRW0007324,2026-07-29 21:37:12,HARASSMENT,MEDIUM,INVESTIGATING,EMAIL,2026-07-30 21:37:12
COMPLAINT0007209,ACC0013257,BRW0000141,2026-04-16 23:42:49,DISPUTE,CRITICAL,INVESTIGATING,CALL,2026-04-20 23:42:49
COMPLAINT0007210,ACC0021488,BRW0003087,2026-02-26 19:50:31,WRONG_CONTACT,HIGH,RESOLVED,FIELD,2026-03-12 19:50:31
COMPLAINT0007211,ACC0022819,BRW0001768,2026-06-26 02:28:22,PRIVACY,LOW,RESOLVED,SMS,2026-07-11 02:28:22
COMPLAINT0007212,ACC0008907,BRW0006969,2026-05-02 19:59:26,WRONG_CONTACT,LOW,CLOSED,CALL,2026-05-05 19:59:26
COMPLAINT0007213,ACC0023708,BRW0008264,2026-03-08 19:50:25,HARASSMENT,LOW,RESOLVED,EMAIL,2026-03-26 19:50:25
COMPLAINT0007214,ACC0001427,BRW0010398,2026-05-12 06:08:28,PRIVACY,MEDIUM,CLOSED,SMS,2026-05-15 06:08:28
COMPLAINT0007215,ACC0023032,BRW0006525,2026-05-27 13:55:24,DND,MEDIUM,OPEN,EMAIL,2026-06-07 13:55:24
COMPLAINT0007216,ACC0007017,BRW0010845,2026-05-19 20:38:54,HARASSMENT,CRITICAL,OPEN,FIELD,2026-05-22 20:38:54
COMPLAINT0007217,ACC0027715,BRW0000655,2026-01-22 00:14:59,HARASSMENT,LOW,INVESTIGATING,CALL,2026-01-31 00:14:59
COMPLAINT0007218,ACC0009708,BRW0006951,2026-04-07 01:45:23,WRONG_CONTACT,LOW,INVESTIGATING,FIELD,2026-04-21 01:45:23
COMPLAINT0007219,ACC0004396,BRW0004603,2026-07-12 18:42:59,DND,MEDIUM,INVESTIGATING,SMS,2026-07-21 18:42:59
COMPLAINT0007220,ACC0003488,BRW0006444,2026-07-29 00:46:06,PAYMENT,MEDIUM,INVESTIGATING,CALL,2026-08-08 00:46:06
COMPLAINT0007221,ACC0024325,BRW0000390,2026-06-27 08:13:16,AGENT_BEHAVIOUR,HIGH,CLOSED,CALL,2026-07-01 08:13:16
COMPLAINT0007222,ACC0014759,BRW0011300,2026-03-09 02:47:17,PRIVACY,CRITICAL,CLOSED,CALL,2026-03-25 02:47:17
COMPLAINT0007223,ACC0022753,BRW0010841,2026-04-10 03:36:07,PAYMENT,MEDIUM,RESOLVED,EMAIL,2026-04-23 03:36:07
COMPLAINT0007224,ACC0019647,BRW0009174,2026-05-11 20:01:51,AGENT_BEHAVIOUR,HIGH,OPEN,CALL,2026-05-20 20:01:51
COMPLAINT0007225,ACC0016803,BRW0009419,2026-02-04 11:10:00,WRONG_CONTACT,MEDIUM,RESOLVED,CALL,2026-02-06 11:10:00
COMPLAINT0007226,ACC0006723,BRW0005417,2026-05-12 17:36:26,AGENT_BEHAVIOUR,CRITICAL,INVESTIGATING,WHATSAPP,2026-05-21 17:36:26
COMPLAINT0007227,ACC0017601,BRW0008332,2026-06-19 11:41:28,AGENT_BEHAVIOUR,HIGH,RESOLVED,CALL,2026-06-23 11:41:28
COMPLAINT0007228,ACC0012976,BRW0005734,2026-07-20 18:13:10,DISPUTE,HIGH,CLOSED,WHATSAPP,2026-08-08 18:13:10
COMPLAINT0007229,ACC0015477,BRW0006564,2026-01-11 03:59:11,DND,HIGH,OPEN,FIELD,2026-01-17 03:59:11
COMPLAINT0007230,ACC0011336,BRW0002650,2026-07-01 14:53:25,AGENT_BEHAVIOUR,LOW,CLOSED,SMS,2026-07-06 14:53:25
COMPLAINT0007231,ACC0028054,BRW0001283,2026-08-05 00:58:21,AGENT_BEHAVIOUR,LOW,OPEN,SMS,2026-08-20 00:58:21
COMPLAINT0007232,ACC0026838,BRW0006144,2026-04-11 12:26:10,WRONG_CONTACT,HIGH,RESOLVED,SMS,2026-04-21 12:26:10
COMPLAINT0007233,ACC0002585,BRW0011020,2026-02-17 15:59:43,HARASSMENT,CRITICAL,OPEN,WHATSAPP,2026-02-26 15:59:43
COMPLAINT0007234,ACC0027617,BRW0005846,2026-07-10 09:38:19,DISPUTE,MEDIUM,OPEN,WHATSAPP,2026-07-28 09:38:19
COMPLAINT0007235,ACC0014916,BRW0011913,2026-04-24 20:20:25,DND,MEDIUM,RESOLVED,CALL,2026-05-04 20:20:25
COMPLAINT0007236,ACC0016420,BRW0000591,2026-06-20 19:31:27,WRONG_CONTACT,HIGH,OPEN,EMAIL,2026-06-30 19:31:27
COMPLAINT0007237,ACC0029997,BRW0006868,2026-07-05 12:51:36,AGENT_BEHAVIOUR,LOW,CLOSED,FIELD,2026-07-18 12:51:36
COMPLAINT0007238,ACC0028309,BRW0000281,2026-04-23 03:43:30,DND,MEDIUM,INVESTIGATING,FIELD,2026-05-02 03:43:30
COMPLAINT0007239,ACC0028107,BRW0009301,2026-04-04 04:00:50,PRIVACY,CRITICAL,RESOLVED,SMS,2026-04-19 04:00:50
COMPLAINT0007240,ACC0003500,BRW0002663,2026-01-28 16:48:22,HARASSMENT,CRITICAL,RESOLVED,SMS,2026-02-07 16:48:22
COMPLAINT0007241,ACC0006464,BRW0005747,2026-05-29 05:05:41,WRONG_CONTACT,HIGH,INVESTIGATING,SMS,2026-05-31 05:05:41
COMPLAINT0007242,ACC0007110,BRW0006424,2026-06-25 19:49:56,WRONG_CONTACT,CRITICAL,INVESTIGATING,SMS,2026-06-26 19:49:56
COMPLAINT0007243,ACC0000456,BRW0003810,2026-06-25 01:22:57,PRIVACY,CRITICAL,CLOSED,SMS,2026-07-14 01:22:57
COMPLAINT0007244,ACC0000173,BRW0003606,2026-05-06 19:36:38,WRONG_CONTACT,CRITICAL,INVESTIGATING,WHATSAPP,2026-05-09 19:36:38
COMPLAINT0007245,ACC0025020,BRW0011884,2026-04-16 03:16:23,AGENT_BEHAVIOUR,LOW,OPEN,SMS,2026-04-17 03:16:23
COMPLAINT0007246,ACC0011003,BRW0000104,2026-06-05 23:51:03,PRIVACY,HIGH,INVESTIGATING,FIELD,2026-06-06 23:51:03
COMPLAINT0007247,ACC0003030,BRW0002744,2026-08-04 14:03:36,AGENT_BEHAVIOUR,MEDIUM,RESOLVED,CALL,2026-08-13 14:03:36
COMPLAINT0007248,ACC0016018,BRW0001190,2026-06-23 01:39:09,AGENT_BEHAVIOUR,LOW,RESOLVED,FIELD,2026-07-02 01:39:09
COMPLAINT0007249,ACC0029131,BRW0004956,2026-05-21 07:57:35,DND,LOW,OPEN,FIELD,2026-06-05 07:57:35
COMPLAINT0007250,ACC0007846,BRW0000992,2026-06-13 19:33:40,PRIVACY,MEDIUM,INVESTIGATING,FIELD,2026-06-19 19:33:40
COMPLAINT0007251,ACC0019697,BRW0009952,2026-01-18 12:39:38,PAYMENT,MEDIUM,OPEN,CALL,2026-01-22 12:39:38
COMPLAINT0007252,ACC0019052,BRW0005507,2026-02-26 20:30:54,DND,LOW,CLOSED,EMAIL,2026-02-27 20:30:54
COMPLAINT0007253,ACC0017866,BRW0010815,2026-07-03 18:01:57,DISPUTE,LOW,RESOLVED,EMAIL,2026-07-11 18:01:57
COMPLAINT0007254,ACC0008556,BRW0009340,2026-01-15 14:07:17,DISPUTE,MEDIUM,CLOSED,CALL,2026-01-31 14:07:17
COMPLAINT0007255,ACC0013643,BRW0009194,2026-05-26 05:36:13,DISPUTE,HIGH,CLOSED,CALL,2026-05-31 05:36:13
COMPLAINT0007256,ACC0014697,BRW0004797,2026-06-08 16:03:23,DISPUTE,CRITICAL,RESOLVED,FIELD,2026-06-19 16:03:23
COMPLAINT0007257,ACC0011377,BRW0007433,2026-08-03 09:15:02,WRONG_CONTACT,LOW,INVESTIGATING,SMS,2026-08-12 09:15:02
COMPLAINT0007258,ACC0003593,BRW0001916,2026-06-19 08:43:09,HARASSMENT,CRITICAL,OPEN,CALL,2026-07-04 08:43:09
COMPLAINT0007259,ACC0007640,BRW0003562,2026-06-06 07:04:52,HARASSMENT,LOW,INVESTIGATING,EMAIL,2026-06-21 07:04:52
COMPLAINT0007260,ACC0028430,BRW0000220,2026-05-04 14:47:16,PRIVACY,CRITICAL,RESOLVED,CALL,2026-05-16 14:47:16
COMPLAINT0007261,ACC0013924,BRW0000932,2026-05-15 22:19:26,HARASSMENT,HIGH,INVESTIGATING,FIELD,2026-06-03 22:19:26
COMPLAINT0007262,ACC0020811,BRW0002768,2026-08-08 09:05:41,PRIVACY,CRITICAL,INVESTIGATING,EMAIL,2026-08-09 09:05:41
COMPLAINT0007263,ACC0012673,BRW0006339,2026-03-20 19:16:41,DISPUTE,HIGH,CLOSED,EMAIL,2026-03-24 19:16:41
COMPLAINT0007264,ACC0020760,BRW0010424,2026-06-19 22:33:31,DISPUTE,MEDIUM,INVESTIGATING,SMS,2026-06-22 22:33:31
COMPLAINT0007265,ACC0014752,BRW0006249,2026-07-11 22:07:01,DISPUTE,HIGH,RESOLVED,EMAIL,2026-07-21 22:07:01
COMPLAINT0007266,ACC0029092,BRW0010237,2026-06-01 14:14:26,HARASSMENT,MEDIUM,OPEN,WHATSAPP,2026-06-03 14:14:26
COMPLAINT0007267,ACC0007497,BRW0006606,2026-04-13 23:12:47,PAYMENT,LOW,INVESTIGATING,EMAIL,2026-04-19 23:12:47
COMPLAINT0007268,ACC0009146,BRW0007995,2026-07-16 08:29:52,DND,HIGH,OPEN,CALL,2026-07-17 08:29:52
COMPLAINT0007269,ACC0024367,BRW0007958,2026-03-07 11:04:48,DND,HIGH,RESOLVED,WHATSAPP,2026-03-11 11:04:48
COMPLAINT0007270,ACC0017636,BRW0010179,2026-04-22 16:58:55,PAYMENT,MEDIUM,CLOSED,EMAIL,2026-05-07 16:58:55
COMPLAINT0007271,ACC0021064,BRW0008939,2026-02-06 04:30:22,PRIVACY,HIGH,OPEN,FIELD,2026-02-23 04:30:22
COMPLAINT0007272,ACC0002316,BRW0008544,2026-05-03 00:40:08,PRIVACY,MEDIUM,INVESTIGATING,FIELD,2026-05-11 00:40:08
COMPLAINT0007273,ACC0022997,BRW0006864,2026-01-10 01:08:04,PAYMENT,LOW,RESOLVED,WHATSAPP,2026-01-24 01:08:04
COMPLAINT0007274,ACC0008838,BRW0002357,2026-07-17 10:11:20,AGENT_BEHAVIOUR,CRITICAL,RESOLVED,CALL,2026-07-26 10:11:20
COMPLAINT0007275,ACC0010655,BRW0010218,2026-03-16 21:56:22,AGENT_BEHAVIOUR,LOW,CLOSED,WHATSAPP,2026-03-30 21:56:22
COMPLAINT0007276,ACC0014711,BRW0006617,2026-08-03 08:50:36,DISPUTE,CRITICAL,CLOSED,EMAIL,2026-08-17 08:50:36
COMPLAINT0007277,ACC0016619,BRW0010764,2026-06-21 08:52:36,PRIVACY,CRITICAL,RESOLVED,SMS,2026-07-04 08:52:36
COMPLAINT0007278,ACC0029175,BRW0002383,2026-05-24 11:06:57,DND,CRITICAL,OPEN,EMAIL,2026-06-02 11:06:57
COMPLAINT0007279,ACC0014416,BRW0003921,2026-01-05 05:19:26,AGENT_BEHAVIOUR,HIGH,RESOLVED,FIELD,2026-01-17 05:19:26
COMPLAINT0007280,ACC0020938,BRW0005900,2026-08-03 03:15:21,HARASSMENT,LOW,OPEN,FIELD,2026-08-07 03:15:21
COMPLAINT0007281,ACC0027164,BRW0011515,2026-05-16 18:21:58,PAYMENT,MEDIUM,INVESTIGATING,FIELD,2026-05-26 18:21:58
COMPLAINT0007282,ACC0014348,BRW0007836,2026-01-12 05:38:49,DISPUTE,HIGH,OPEN,EMAIL,2026-01-27 05:38:49
COMPLAINT0007283,ACC0013532,BRW0010153,2026-04-05 04:11:53,AGENT_BEHAVIOUR,MEDIUM,CLOSED,EMAIL,2026-04-21 04:11:53
COMPLAINT0007284,ACC0010723,BRW0001059,2026-02-13 05:21:54,DND,HIGH,OPEN,SMS,2026-02-15 05:21:54
COMPLAINT0007285,ACC0003635,BRW0010818,2026-01-22 03:52:13,PAYMENT,CRITICAL,INVESTIGATING,EMAIL,2026-02-09 03:52:13
COMPLAINT0007286,ACC0012395,BRW0005996,2026-06-11 15:25:52,HARASSMENT,MEDIUM,RESOLVED,WHATSAPP,2026-06-20 15:25:52
COMPLAINT0007287,ACC0005632,BRW0010562,2026-06-13 09:28:13,PAYMENT,LOW,INVESTIGATING,SMS,2026-06-23 09:28:13
COMPLAINT0007288,ACC0004974,BRW0002871,2026-02-04 02:33:48,AGENT_BEHAVIOUR,LOW,OPEN,EMAIL,2026-02-08 02:33:48
COMPLAINT0007289,ACC0017096,BRW0011053,2026-06-18 13:48:08,PAYMENT,MEDIUM,CLOSED,SMS,2026-06-27 13:48:08
COMPLAINT0007290,ACC0003805,BRW0010226,2026-01-29 07:16:43,HARASSMENT,LOW,RESOLVED,SMS,2026-01-31 07:16:43
COMPLAINT0007291,ACC0020619,BRW0000333,2026-03-20 08:05:00,DISPUTE,MEDIUM,RESOLVED,CALL,2026-04-05 08:05:00
COMPLAINT0007292,ACC0024275,BRW0002823,2026-05-08 21:18:54,PAYMENT,MEDIUM,INVESTIGATING,EMAIL,2026-05-26 21:18:54
COMPLAINT0007293,ACC0013873,BRW0003100,2026-01-11 05:02:31,DND,LOW,CLOSED,EMAIL,2026-01-19 05:02:31
COMPLAINT0007294,ACC0013924,BRW0000380,2026-03-28 08:32:27,WRONG_CONTACT,HIGH,CLOSED,FIELD,2026-04-08 08:32:27
COMPLAINT0007295,ACC0016220,BRW0007237,2026-07-20 06:53:53,DND,HIGH,RESOLVED,FIELD,2026-07-26 06:53:53
COMPLAINT0007296,ACC0028918,BRW0001245,2026-06-19 20:48:56,DISPUTE,HIGH,OPEN,FIELD,2026-06-26 20:48:56
COMPLAINT0007297,ACC0027736,BRW0009947,2026-04-24 08:00:18,HARASSMENT,MEDIUM,INVESTIGATING,CALL,2026-05-11 08:00:18
COMPLAINT0007298,ACC0003410,BRW0009951,2026-07-13 18:42:25,DND,LOW,RESOLVED,EMAIL,2026-07-23 18:42:25
COMPLAINT0007299,ACC0011931,BRW0002924,2026-03-28 22:29:54,AGENT_BEHAVIOUR,CRITICAL,OPEN,CALL,2026-04-15 22:29:54
COMPLAINT0007300,ACC0018520,BRW0002898,2026-01-06 21:22:11,PRIVACY,CRITICAL,OPEN,SMS,2026-01-09 21:22:11
COMPLAINT0007301,ACC0007728,BRW0010966,2026-08-01 01:09:28,DISPUTE,LOW,RESOLVED,SMS,2026-08-05 01:09:28
COMPLAINT0007302,ACC0020292,BRW0002599,2026-02-20 18:52:27,AGENT_BEHAVIOUR,MEDIUM,INVESTIGATING,CALL,2026-03-02 18:52:27
COMPLAINT0007303,ACC0019636,BRW0001154,2026-03-12 00:35:15,WRONG_CONTACT,MEDIUM,OPEN,CALL,2026-03-15 00:35:15
COMPLAINT0007304,ACC0008746,BRW0010193,2026-02-06 18:35:12,WRONG_CONTACT,MEDIUM,INVESTIGATING,WHATSAPP,2026-02-09 18:35:12
COMPLAINT0007305,ACC0010691,BRW0011831,2026-02-16 01:18:22,PRIVACY,MEDIUM,CLOSED,CALL,2026-02-20 01:18:22
COMPLAINT0007306,ACC0012150,BRW0011427,2026-03-30 15:40:32,DISPUTE,MEDIUM,CLOSED,CALL,2026-04-11 15:40:32
COMPLAINT0007307,ACC0018313,BRW0010497,2026-05-20 01:43:13,PAYMENT,LOW,OPEN,EMAIL,2026-06-04 01:43:13
COMPLAINT0007308,ACC0007338,BRW0008553,2026-07-18 17:55:35,HARASSMENT,HIGH,CLOSED,CALL,2026-07-28 17:55:35
COMPLAINT0007309,ACC0021621,BRW0008507,2026-02-05 05:00:10,AGENT_BEHAVIOUR,LOW,CLOSED,FIELD,2026-02-11 05:00:10
COMPLAINT0007310,ACC0025817,BRW0004745,2026-07-04 04:54:46,DND,CRITICAL,RESOLVED,SMS,2026-07-09 04:54:46
COMPLAINT0007311,ACC0007978,BRW0008871,2026-07-03 07:09:43,PRIVACY,MEDIUM,OPEN,CALL,2026-07-16 07:09:43
COMPLAINT0007312,ACC0017071,BRW0002019,2026-06-13 06:01:35,HARASSMENT,LOW,OPEN,EMAIL,2026-06-19 06:01:35
COMPLAINT0007313,ACC0012101,BRW0008966,2026-03-04 02:40:06,AGENT_BEHAVIOUR,HIGH,OPEN,CALL,2026-03-17 02:40:06
COMPLAINT0007314,ACC0000628,BRW0003297,2026-06-16 16:27:07,PRIVACY,HIGH,CLOSED,WHATSAPP,2026-06-26 16:27:07
COMPLAINT0007315,ACC0016201,BRW0009843,2026-05-16 13:06:10,PRIVACY,HIGH,INVESTIGATING,FIELD,2026-06-02 13:06:10
COMPLAINT0007316,ACC0010257,BRW0009390,2026-07-16 12:39:51,DISPUTE,LOW,OPEN,FIELD,2026-07-19 12:39:51
COMPLAINT0007317,ACC0021697,BRW0000420,2026-05-14 10:00:35,AGENT_BEHAVIOUR,MEDIUM,INVESTIGATING,SMS,2026-05-20 10:00:35
COMPLAINT0007318,ACC0007721,BRW0002673,2026-03-09 14:00:47,DND,CRITICAL,INVESTIGATING,CALL,2026-03-11 14:00:47
COMPLAINT0007319,ACC0013408,BRW0011849,2026-06-23 06:19:09,DND,MEDIUM,OPEN,EMAIL,2026-07-12 06:19:09
COMPLAINT0007320,ACC0010330,BRW0007101,2026-03-22 02:30:48,PAYMENT,LOW,RESOLVED,WHATSAPP,2026-04-02 02:30:48
COMPLAINT0007321,ACC0013758,BRW0002565,2026-01-01 16:26:32,DISPUTE,MEDIUM,OPEN,FIELD,2026-01-04 16:26:32
COMPLAINT0007322,ACC0011388,BRW0003983,2026-07-10 12:20:37,HARASSMENT,HIGH,CLOSED,FIELD,2026-07-23 12:20:37
COMPLAINT0007323,ACC0027745,BRW0009138,2026-03-04 08:53:37,PRIVACY,LOW,INVESTIGATING,WHATSAPP,2026-03-13 08:53:37
COMPLAINT0007324,ACC0011461,BRW0007624,2026-04-20 04:21:02,PRIVACY,HIGH,CLOSED,FIELD,2026-04-30 04:21:02
COMPLAINT0007325,ACC0021333,BRW0001341,2026-01-26 05:12:13,WRONG_CONTACT,MEDIUM,INVESTIGATING,SMS,2026-02-08 05:12:13
COMPLAINT0007326,ACC0017518,BRW0001468,2026-07-22 01:18:14,AGENT_BEHAVIOUR,MEDIUM,CLOSED,WHATSAPP,2026-07-25 01:18:14
COMPLAINT0007327,ACC0025101,BRW0007945,2026-01-20 03:31:41,DISPUTE,CRITICAL,RESOLVED,SMS,2026-01-21 03:31:41
COMPLAINT0007328,ACC0028063,BRW0011703,2026-04-02 06:05:11,HARASSMENT,MEDIUM,RESOLVED,FIELD,2026-04-19 06:05:11
COMPLAINT0007329,ACC0026081,BRW0002861,2026-01-23 10:08:21,DND,MEDIUM,OPEN,FIELD,2026-01-25 10:08:21
COMPLAINT0007330,ACC0009585,BRW0009045,2026-06-09 14:06:43,HARASSMENT,LOW,OPEN,FIELD,2026-06-27 14:06:43
COMPLAINT0007331,ACC0019231,BRW0004087,2026-02-09 10:57:46,DND,LOW,RESOLVED,WHATSAPP,2026-02-24 10:57:46
COMPLAINT0007332,ACC0028339,BRW0009579,2026-06-17 19:12:32,PAYMENT,CRITICAL,RESOLVED,WHATSAPP,2026-06-30 19:12:32
COMPLAINT0007333,ACC0000112,BRW0007568,2026-02-21 01:29:51,WRONG_CONTACT,MEDIUM,CLOSED,EMAIL,2026-03-10 01:29:51
COMPLAINT0007334,ACC0004799,BRW0009951,2026-04-29 09:02:11,HARASSMENT,CRITICAL,INVESTIGATING,SMS,2026-05-04 09:02:11
COMPLAINT0007335,ACC0022276,BRW0007827,2026-02-03 07:46:08,HARASSMENT,LOW,OPEN,FIELD,2026-02-08 07:46:08
COMPLAINT0007336,ACC0000195,BRW0002860,2026-02-26 03:16:48,PRIVACY,LOW,OPEN,SMS,2026-03-08 03:16:48
COMPLAINT0007337,ACC0029988,BRW0010677,2026-02-12 10:08:03,HARASSMENT,MEDIUM,OPEN,WHATSAPP,2026-02-22 10:08:03
COMPLAINT0007338,ACC0002764,BRW0002951,2026-04-21 08:42:57,WRONG_CONTACT,HIGH,RESOLVED,EMAIL,2026-04-26 08:42:57
COMPLAINT0007339,ACC0027648,BRW0010779,2026-03-09 01:37:51,DND,MEDIUM,RESOLVED,WHATSAPP,2026-03-27 01:37:51
COMPLAINT0007340,ACC0022769,BRW0010142,2026-02-16 02:10:43,AGENT_BEHAVIOUR,MEDIUM,INVESTIGATING,EMAIL,2026-03-07 02:10:43
COMPLAINT0007341,ACC0013998,BRW0001058,2026-08-02 16:57:13,AGENT_BEHAVIOUR,MEDIUM,INVESTIGATING,WHATSAPP,2026-08-15 16:57:13
COMPLAINT0007342,ACC0018882,BRW0003717,2026-06-30 20:19:08,PRIVACY,HIGH,INVESTIGATING,CALL,2026-07-02 20:19:08
COMPLAINT0007343,ACC0014649,BRW0006450,2026-07-24 04:00:32,HARASSMENT,MEDIUM,RESOLVED,CALL,2026-08-07 04:00:32
COMPLAINT0007344,ACC0000804,BRW0006334,2026-01-05 16:11:40,AGENT_BEHAVIOUR,CRITICAL,RESOLVED,FIELD,2026-01-08 16:11:40
COMPLAINT0007345,ACC0006535,BRW0003801,2026-07-04 11:24:17,AGENT_BEHAVIOUR,LOW,CLOSED,EMAIL,2026-07-06 11:24:17
COMPLAINT0007346,ACC0025154,BRW0006179,2026-06-18 08:08:02,PAYMENT,LOW,INVESTIGATING,EMAIL,2026-06-24 08:08:02
COMPLAINT0007347,ACC0017116,BRW0003819,2026-03-28 11:24:41,DND,CRITICAL,INVESTIGATING,EMAIL,2026-04-04 11:24:41
COMPLAINT0007348,ACC0001476,BRW0006108,2026-03-23 14:31:21,AGENT_BEHAVIOUR,HIGH,INVESTIGATING,CALL,2026-03-25 14:31:21
COMPLAINT0007349,ACC0011965,BRW0003259,2026-07-14 23:46:42,DISPUTE,LOW,OPEN,SMS,2026-07-30 23:46:42
COMPLAINT0007350,ACC0004319,BRW0008390,2026-05-05 09:07:09,AGENT_BEHAVIOUR,MEDIUM,CLOSED,SMS,2026-05-15 09:07:09
COMPLAINT0007351,ACC0025499,BRW0005562,2026-06-08 00:51:31,DISPUTE,LOW,OPEN,FIELD,2026-06-13 00:51:31
COMPLAINT0007352,ACC0004998,BRW0004131,2026-01-18 11:35:23,DND,MEDIUM,INVESTIGATING,EMAIL,2026-01-20 11:35:23
COMPLAINT0007353,ACC0004791,BRW0005274,2026-06-08 14:57:11,DND,CRITICAL,INVESTIGATING,FIELD,2026-06-25 14:57:11
COMPLAINT0007354,ACC0009422,BRW0001498,2026-01-24 01:23:19,PAYMENT,CRITICAL,RESOLVED,EMAIL,2026-02-09 01:23:19
COMPLAINT0007355,ACC0026182,BRW0010297,2026-02-22 10:16:23,PRIVACY,MEDIUM,CLOSED,FIELD,2026-03-10 10:16:23
COMPLAINT0007356,ACC0004149,BRW0006586,2026-05-25 17:58:42,AGENT_BEHAVIOUR,MEDIUM,INVESTIGATING,FIELD,2026-06-04 17:58:42
COMPLAINT0007357,ACC0028117,BRW0001634,2026-03-01 20:04:17,WRONG_CONTACT,CRITICAL,RESOLVED,CALL,2026-03-08 20:04:17
COMPLAINT0007358,ACC0009968,BRW0007997,2026-01-31 15:54:17,PAYMENT,CRITICAL,CLOSED,SMS,2026-02-12 15:54:17
COMPLAINT0007359,ACC0019025,BRW0003504,2026-06-03 21:57:02,PRIVACY,CRITICAL,CLOSED,WHATSAPP,2026-06-20 21:57:02
COMPLAINT0007360,ACC0011140,BRW0008658,2026-01-26 08:14:20,PRIVACY,LOW,CLOSED,SMS,2026-02-04 08:14:20
COMPLAINT0007361,ACC0028007,BRW0008822,2026-04-24 11:29:36,DISPUTE,HIGH,RESOLVED,SMS,2026-05-09 11:29:36
COMPLAINT0007362,ACC0021932,BRW0011958,2026-06-17 17:08:31,WRONG_CONTACT,HIGH,RESOLVED,CALL,2026-07-04 17:08:31
COMPLAINT0007363,ACC0012432,BRW0010398,2026-03-10 03:59:14,DISPUTE,HIGH,RESOLVED,EMAIL,2026-03-22 03:59:14
COMPLAINT0007364,ACC0020818,BRW0005764,2026-07-28 06:19:20,DND,HIGH,OPEN,SMS,2026-08-12 06:19:20
COMPLAINT0007365,ACC0024295,BRW0000986,2026-06-07 12:53:17,PAYMENT,HIGH,RESOLVED,WHATSAPP,2026-06-24 12:53:17
COMPLAINT0007366,ACC0019630,BRW0008431,2026-03-22 15:57:58,HARASSMENT,CRITICAL,INVESTIGATING,EMAIL,2026-03-24 15:57:58
COMPLAINT0007367,ACC0017338,BRW0004439,2026-01-21 07:25:00,DISPUTE,HIGH,RESOLVED,WHATSAPP,2026-02-07 07:25:00
COMPLAINT0007368,ACC0019939,BRW0008115,2026-07-29 15:48:35,PRIVACY,LOW,RESOLVED,EMAIL,2026-08-07 15:48:35
COMPLAINT0007369,ACC0025162,BRW0006726,2026-05-19 18:00:37,DISPUTE,CRITICAL,INVESTIGATING,SMS,2026-05-31 18:00:37
COMPLAINT0007370,ACC0017557,BRW0001719,2026-02-24 11:52:56,PAYMENT,HIGH,OPEN,WHATSAPP,2026-03-01 11:52:56
COMPLAINT0007371,ACC0016694,BRW0010171,2026-01-20 16:20:26,DISPUTE,LOW,OPEN,FIELD,2026-01-21 16:20:26
COMPLAINT0007372,ACC0020523,BRW0000451,2026-03-17 00:40:57,DISPUTE,HIGH,OPEN,SMS,2026-04-02 00:40:57
COMPLAINT0007373,ACC0021626,BRW0008045,2026-05-11 17:39:40,HARASSMENT,MEDIUM,CLOSED,CALL,2026-05-14 17:39:40
COMPLAINT0007374,ACC0016752,BRW0006096,2026-01-24 20:45:32,DND,LOW,CLOSED,EMAIL,2026-02-02 20:45:32
COMPLAINT0007375,ACC0008134,BRW0007445,2026-03-15 20:28:44,HARASSMENT,LOW,CLOSED,FIELD,2026-03-29 20:28:44
COMPLAINT0007376,ACC0005669,BRW0006809,2026-04-27 12:16:49,HARASSMENT,HIGH,CLOSED,FIELD,2026-05-06 12:16:49
COMPLAINT0007377,ACC0011732,BRW0001894,2026-07-24 05:08:52,DND,LOW,CLOSED,WHATSAPP,2026-08-10 05:08:52
COMPLAINT0007378,ACC0029531,BRW0007705,2026-02-13 22:07:42,PAYMENT,HIGH,INVESTIGATING,SMS,2026-03-01 22:07:42
COMPLAINT0007379,ACC0014882,BRW0002889,2026-02-19 00:57:30,DND,LOW,INVESTIGATING,CALL,2026-02-25 00:57:30
COMPLAINT0007380,ACC0012718,BRW0010472,2026-03-02 22:16:00,DND,HIGH,CLOSED,SMS,2026-03-14 22:16:00
COMPLAINT0007381,ACC0026709,BRW0005244,2026-03-05 18:55:22,WRONG_CONTACT,LOW,CLOSED,FIELD,2026-03-12 18:55:22
COMPLAINT0007382,ACC0010028,BRW0003871,2026-08-04 22:31:17,DND,MEDIUM,RESOLVED,WHATSAPP,2026-08-20 22:31:17
COMPLAINT0007383,ACC0014952,BRW0000958,2026-07-27 10:52:57,DISPUTE,HIGH,OPEN,EMAIL,2026-08-01 10:52:57
COMPLAINT0007384,ACC0012742,BRW0011989,2026-05-12 15:14:10,AGENT_BEHAVIOUR,LOW,CLOSED,FIELD,2026-05-27 15:14:10
COMPLAINT0007385,ACC0027308,BRW0002022,2026-03-13 00:22:48,PRIVACY,HIGH,CLOSED,WHATSAPP,2026-03-29 00:22:48
COMPLAINT0007386,ACC0008855,BRW0001874,2026-07-04 04:14:18,HARASSMENT,LOW,OPEN,SMS,2026-07-11 04:14:18
COMPLAINT0007387,ACC0005960,BRW0010737,2026-04-06 17:37:37,DND,MEDIUM,RESOLVED,SMS,2026-04-22 17:37:37
COMPLAINT0007388,ACC0002906,BRW0001801,2026-03-19 20:57:51,AGENT_BEHAVIOUR,LOW,CLOSED,EMAIL,2026-03-29 20:57:51
COMPLAINT0007389,ACC0001856,BRW0001814,2026-02-08 12:19:45,HARASSMENT,LOW,INVESTIGATING,CALL,2026-02-18 12:19:45
COMPLAINT0007390,ACC0003122,BRW0000654,2026-07-26 19:50:01,DISPUTE,MEDIUM,RESOLVED,FIELD,2026-08-13 19:50:01
COMPLAINT0007391,ACC0001492,BRW0011135,2026-08-05 20:26:24,WRONG_CONTACT,HIGH,RESOLVED,WHATSAPP,2026-08-21 20:26:24
COMPLAINT0007392,ACC0018570,BRW0002464,2026-02-13 01:21:32,PRIVACY,LOW,INVESTIGATING,SMS,2026-02-28 01:21:32
COMPLAINT0007393,ACC0002218,BRW0003247,2026-01-31 09:51:49,HARASSMENT,CRITICAL,RESOLVED,WHATSAPP,2026-02-02 09:51:49
COMPLAINT0007394,ACC0022188,BRW0011648,2026-03-12 23:58:21,AGENT_BEHAVIOUR,MEDIUM,INVESTIGATING,CALL,2026-03-21 23:58:21
COMPLAINT0007395,ACC0001433,BRW0007755,2026-07-04 15:31:25,AGENT_BEHAVIOUR,MEDIUM,INVESTIGATING,EMAIL,2026-07-13 15:31:25
COMPLAINT0007396,ACC0012587,BRW0004188,2026-07-18 11:04:18,PAYMENT,HIGH,INVESTIGATING,SMS,2026-07-19 11:04:18
COMPLAINT0007397,ACC0012100,BRW0006988,2026-05-30 12:00:33,AGENT_BEHAVIOUR,CRITICAL,INVESTIGATING,CALL,2026-06-08 12:00:33
COMPLAINT0007398,ACC0018426,BRW0005948,2026-05-02 22:29:35,DND,LOW,CLOSED,FIELD,2026-05-11 22:29:35
COMPLAINT0007399,ACC0027042,BRW0011210,2026-04-14 16:59:54,WRONG_CONTACT,MEDIUM,RESOLVED,EMAIL,2026-05-02 16:59:54
COMPLAINT0007400,ACC0011191,BRW0006904,2026-01-31 08:21:17,AGENT_BEHAVIOUR,MEDIUM,OPEN,FIELD,2026-02-10 08:21:17
COMPLAINT0007401,ACC0022300,BRW0000150,2026-03-17 18:39:25,DND,HIGH,OPEN,CALL,2026-03-18 18:39:25
COMPLAINT0007402,ACC0017903,BRW0009056,2026-02-17 09:03:06,PAYMENT,LOW,OPEN,CALL,2026-03-03 09:03:06
COMPLAINT0007403,ACC0018874,BRW0003485,2026-03-14 18:14:50,DISPUTE,LOW,CLOSED,SMS,2026-03-17 18:14:50
COMPLAINT0007404,ACC0006599,BRW0000784,2026-03-07 14:32:57,DND,MEDIUM,RESOLVED,CALL,2026-03-20 14:32:57
COMPLAINT0007405,ACC0009621,BRW0009645,2026-07-16 02:43:07,DND,MEDIUM,OPEN,WHATSAPP,2026-08-02 02:43:07
COMPLAINT0007406,ACC0015189,BRW0003719,2026-07-27 08:01:03,WRONG_CONTACT,HIGH,INVESTIGATING,SMS,2026-08-13 08:01:03
COMPLAINT0007407,ACC0019995,BRW0005356,2026-06-07 18:13:03,PAYMENT,HIGH,OPEN,FIELD,2026-06-11 18:13:03
COMPLAINT0007408,ACC0013162,BRW0007198,2026-07-02 02:18:26,PAYMENT,MEDIUM,RESOLVED,FIELD,2026-07-08 02:18:26
COMPLAINT0007409,ACC0028428,BRW0002932,2026-08-03 23:54:04,DISPUTE,HIGH,CLOSED,SMS,2026-08-13 23:54:04
COMPLAINT0007410,ACC0018960,BRW0008780,2026-08-07 00:12:40,AGENT_BEHAVIOUR,HIGH,INVESTIGATING,WHATSAPP,2026-08-18 00:12:40
COMPLAINT0007411,ACC0001672,BRW0009910,2026-04-14 03:17:46,HARASSMENT,MEDIUM,OPEN,WHATSAPP,2026-04-24 03:17:46
COMPLAINT0007412,ACC0023312,BRW0004380,2026-04-09 03:35:03,PAYMENT,HIGH,INVESTIGATING,SMS,2026-04-18 03:35:03
COMPLAINT0007413,ACC0025053,BRW0008256,2026-03-27 07:58:28,DISPUTE,LOW,RESOLVED,WHATSAPP,2026-04-08 07:58:28
COMPLAINT0007414,ACC0028166,BRW0006779,2026-05-21 14:13:38,WRONG_CONTACT,HIGH,CLOSED,EMAIL,2026-06-05 14:13:38
COMPLAINT0007415,ACC0004627,BRW0007498,2026-03-15 02:45:04,HARASSMENT,MEDIUM,OPEN,FIELD,2026-03-20 02:45:04
COMPLAINT0007416,ACC0021280,BRW0006355,2026-02-20 00:21:34,WRONG_CONTACT,MEDIUM,INVESTIGATING,CALL,2026-03-07 00:21:34
COMPLAINT0007417,ACC0003789,BRW0002019,2026-06-07 05:38:46,WRONG_CONTACT,LOW,RESOLVED,CALL,2026-06-25 05:38:46
COMPLAINT0007418,ACC0007141,BRW0003729,2026-07-02 21:06:33,PRIVACY,MEDIUM,INVESTIGATING,CALL,2026-07-17 21:06:33
COMPLAINT0007419,ACC0023920,BRW0001492,2026-02-28 20:31:04,DISPUTE,MEDIUM,RESOLVED,WHATSAPP,2026-03-02 20:31:04
COMPLAINT0007420,ACC0019630,BRW0011950,2026-05-22 05:16:36,DND,HIGH,OPEN,FIELD,2026-06-07 05:16:36
COMPLAINT0007421,ACC0028048,BRW0007475,2026-04-30 00:09:52,DND,CRITICAL,RESOLVED,SMS,2026-05-02 00:09:52
COMPLAINT0007422,ACC0009106,BRW0011360,2026-03-03 09:21:44,DND,HIGH,OPEN,WHATSAPP,2026-03-08 09:21:44
COMPLAINT0007423,ACC0001178,BRW0001189,2026-04-10 04:44:29,PRIVACY,LOW,RESOLVED,EMAIL,2026-04-12 04:44:29
COMPLAINT0007424,ACC0015898,BRW0008799,2026-01-03 05:17:29,DISPUTE,HIGH,OPEN,WHATSAPP,2026-01-04 05:17:29
COMPLAINT0007425,ACC0018476,BRW0011821,2026-01-28 09:22:02,WRONG_CONTACT,MEDIUM,INVESTIGATING,FIELD,2026-02-14 09:22:02
COMPLAINT0007426,ACC0017829,BRW0010051,2026-03-14 01:15:09,PAYMENT,LOW,CLOSED,EMAIL,2026-03-21 01:15:09
COMPLAINT0007427,ACC0017604,BRW0010379,2026-04-29 00:17:32,PRIVACY,LOW,CLOSED,FIELD,2026-04-30 00:17:32
COMPLAINT0007428,ACC0023088,BRW0000838,2026-08-02 05:23:21,WRONG_CONTACT,CRITICAL,OPEN,EMAIL,2026-08-11 05:23:21
COMPLAINT0007429,ACC0023199,BRW0001571,2026-01-07 06:18:27,WRONG_CONTACT,MEDIUM,OPEN,FIELD,2026-01-24 06:18:27
COMPLAINT0007430,ACC0014585,BRW0006942,2026-08-02 20:05:19,PAYMENT,LOW,RESOLVED,CALL,2026-08-09 20:05:19
COMPLAINT0007431,ACC0024296,BRW0011401,2026-04-25 12:27:37,WRONG_CONTACT,HIGH,CLOSED,WHATSAPP,2026-05-08 12:27:37
COMPLAINT0007432,ACC0028731,BRW0001899,2026-06-04 02:28:52,DND,HIGH,OPEN,CALL,2026-06-20 02:28:52
COMPLAINT0007433,ACC0026656,BRW0008160,2026-06-16 01:51:44,WRONG_CONTACT,LOW,INVESTIGATING,WHATSAPP,2026-06-25 01:51:44
COMPLAINT0007434,ACC0007698,BRW0001307,2026-06-28 23:09:58,HARASSMENT,CRITICAL,RESOLVED,WHATSAPP,2026-07-07 23:09:58
COMPLAINT0007435,ACC0025711,BRW0010054,2026-03-24 17:04:50,HARASSMENT,HIGH,RESOLVED,FIELD,2026-04-03 17:04:50
COMPLAINT0007436,ACC0012141,BRW0009674,2026-03-16 01:13:51,DISPUTE,HIGH,CLOSED,FIELD,2026-03-18 01:13:51
COMPLAINT0007437,ACC0020290,BRW0008701,2026-02-09 08:11:06,DISPUTE,MEDIUM,RESOLVED,WHATSAPP,2026-02-22 08:11:06
COMPLAINT0007438,ACC0029827,BRW0001959,2026-02-03 06:24:08,DISPUTE,HIGH,RESOLVED,SMS,2026-02-06 06:24:08
COMPLAINT0007439,ACC0003634,BRW0005296,2026-07-08 06:50:55,PAYMENT,CRITICAL,INVESTIGATING,FIELD,2026-07-14 06:50:55
COMPLAINT0007440,ACC0002748,BRW0009263,2026-06-28 20:32:07,WRONG_CONTACT,HIGH,OPEN,FIELD,2026-07-08 20:32:07
COMPLAINT0007441,ACC0023807,BRW0003887,2026-04-28 21:26:54,AGENT_BEHAVIOUR,HIGH,CLOSED,WHATSAPP,2026-04-30 21:26:54
COMPLAINT0007442,ACC0028874,BRW0002577,2026-01-21 00:15:22,AGENT_BEHAVIOUR,LOW,RESOLVED,EMAIL,2026-01-22 00:15:22
COMPLAINT0007443,ACC0025184,BRW0001463,2026-05-23 07:03:42,PRIVACY,HIGH,INVESTIGATING,FIELD,2026-06-07 07:03:42
COMPLAINT0007444,ACC0025748,BRW0009058,2026-06-21 16:18:57,AGENT_BEHAVIOUR,CRITICAL,CLOSED,WHATSAPP,2026-06-22 16:18:57
COMPLAINT0007445,ACC0017951,BRW0005001,2026-07-31 16:14:48,DISPUTE,LOW,INVESTIGATING,EMAIL,2026-08-13 16:14:48
COMPLAINT0007446,ACC0007351,BRW0002988,2026-06-22 12:08:29,PAYMENT,CRITICAL,CLOSED,CALL,2026-07-08 12:08:29
COMPLAINT0007447,ACC0001281,BRW0002861,2026-05-22 04:54:25,PRIVACY,HIGH,CLOSED,WHATSAPP,2026-05-24 04:54:25
COMPLAINT0007448,ACC0025592,BRW0009724,2026-03-13 23:16:11,WRONG_CONTACT,CRITICAL,RESOLVED,EMAIL,2026-03-31 23:16:11
COMPLAINT0007449,ACC0027181,BRW0009190,2026-07-20 08:53:10,AGENT_BEHAVIOUR,MEDIUM,RESOLVED,CALL,2026-08-03 08:53:10
COMPLAINT0007450,ACC0013855,BRW0001940,2026-01-09 20:41:07,PRIVACY,LOW,CLOSED,WHATSAPP,2026-01-18 20:41:07
COMPLAINT0007451,ACC0017978,BRW0000885,2026-02-26 08:33:14,DISPUTE,CRITICAL,INVESTIGATING,EMAIL,2026-03-12 08:33:14
COMPLAINT0007452,ACC0004715,BRW0005808,2026-03-14 23:38:58,DISPUTE,LOW,INVESTIGATING,CALL,2026-03-15 23:38:58
COMPLAINT0007453,ACC0011081,BRW0010451,2026-01-14 20:05:26,DISPUTE,HIGH,INVESTIGATING,EMAIL,2026-01-30 20:05:26
COMPLAINT0007454,ACC0010282,BRW0011564,2026-08-03 20:18:39,DND,LOW,INVESTIGATING,EMAIL,2026-08-22 20:18:39
COMPLAINT0007455,ACC0020986,BRW0009615,2026-05-17 21:30:42,DND,MEDIUM,RESOLVED,CALL,2026-05-22 21:30:42
COMPLAINT0007456,ACC0016623,BRW0001459,2026-05-23 13:36:50,DND,LOW,RESOLVED,SMS,2026-06-08 13:36:50
COMPLAINT0007457,ACC0014358,BRW0006409,2026-03-21 13:43:58,DND,MEDIUM,RESOLVED,EMAIL,2026-03-26 13:43:58
COMPLAINT0007458,ACC0003242,BRW0009464,2026-01-16 09:12:26,AGENT_BEHAVIOUR,CRITICAL,RESOLVED,FIELD,2026-01-24 09:12:26
COMPLAINT0007459,ACC0022200,BRW0007047,2026-02-10 12:44:30,HARASSMENT,LOW,RESOLVED,FIELD,2026-03-01 12:44:30
COMPLAINT0007460,ACC0001786,BRW0007756,2026-07-31 01:52:27,WRONG_CONTACT,LOW,CLOSED,EMAIL,2026-08-01 01:52:27
COMPLAINT0007461,ACC0025571,BRW0009209,2026-03-26 21:36:52,PAYMENT,MEDIUM,INVESTIGATING,EMAIL,2026-03-29 21:36:52
COMPLAINT0007462,ACC0027286,BRW0008548,2026-07-15 03:52:03,HARASSMENT,HIGH,RESOLVED,SMS,2026-07-19 03:52:03
COMPLAINT0007463,ACC0027644,BRW0002131,2026-01-12 13:50:59,DISPUTE,HIGH,CLOSED,SMS,2026-01-30 13:50:59
COMPLAINT0007464,ACC0003730,BRW0004432,2026-04-18 06:56:00,WRONG_CONTACT,MEDIUM,CLOSED,EMAIL,2026-05-02 06:56:00
COMPLAINT0007465,ACC0026169,BRW0003630,2026-07-03 11:32:45,PRIVACY,HIGH,CLOSED,EMAIL,2026-07-10 11:32:45
COMPLAINT0007466,ACC0018603,BRW0007626,2026-02-23 06:30:32,DISPUTE,LOW,CLOSED,WHATSAPP,2026-03-04 06:30:32
COMPLAINT0007467,ACC0016131,BRW0004709,2026-04-19 21:49:04,PAYMENT,HIGH,CLOSED,FIELD,2026-05-01 21:49:04
COMPLAINT0007468,ACC0023608,BRW0011073,2026-04-15 17:04:45,DND,MEDIUM,RESOLVED,WHATSAPP,2026-05-01 17:04:45
COMPLAINT0007469,ACC0023458,BRW0000161,2026-03-06 21:10:09,HARASSMENT,LOW,RESOLVED,CALL,2026-03-19 21:10:09
COMPLAINT0007470,ACC0004641,BRW0006781,2026-04-15 22:50:42,PRIVACY,HIGH,CLOSED,EMAIL,2026-04-23 22:50:42
COMPLAINT0007471,ACC0028580,BRW0009954,2026-01-16 23:34:05,DISPUTE,MEDIUM,OPEN,SMS,2026-01-30 23:34:05
COMPLAINT0007472,ACC0021380,BRW0011845,2026-06-30 03:58:41,AGENT_BEHAVIOUR,MEDIUM,RESOLVED,CALL,2026-07-05 03:58:41
COMPLAINT0007473,ACC0023861,BRW0008458,2026-01-15 09:32:13,PRIVACY,MEDIUM,INVESTIGATING,SMS,2026-01-23 09:32:13
COMPLAINT0007474,ACC0021621,BRW0010707,2026-05-21 06:41:23,WRONG_CONTACT,HIGH,CLOSED,SMS,2026-06-06 06:41:23
COMPLAINT0007475,ACC0012413,BRW0004985,2026-08-05 11:25:16,PRIVACY,LOW,CLOSED,WHATSAPP,2026-08-06 11:25:16
COMPLAINT0007476,ACC0017562,BRW0010327,2026-06-02 23:26:20,PAYMENT,CRITICAL,CLOSED,FIELD,2026-06-21 23:26:20
COMPLAINT0007477,ACC0014580,BRW0011815,2026-03-24 11:55:02,PAYMENT,MEDIUM,RESOLVED,WHATSAPP,2026-04-07 11:55:02
COMPLAINT0007478,ACC0001238,BRW0007657,2026-02-21 11:36:41,AGENT_BEHAVIOUR,MEDIUM,OPEN,EMAIL,2026-02-27 11:36:41
COMPLAINT0007479,ACC0006490,BRW0003037,2026-06-21 05:27:48,PRIVACY,LOW,INVESTIGATING,SMS,2026-07-02 05:27:48
COMPLAINT0007480,ACC0011984,BRW0007913,2026-07-28 02:16:38,PRIVACY,LOW,RESOLVED,SMS,2026-08-11 02:16:38
COMPLAINT0007481,ACC0015892,BRW0008587,2026-06-01 15:26:12,AGENT_BEHAVIOUR,HIGH,INVESTIGATING,EMAIL,2026-06-15 15:26:12
COMPLAINT0007482,ACC0026143,BRW0002382,2026-04-10 12:10:15,AGENT_BEHAVIOUR,HIGH,INVESTIGATING,WHATSAPP,2026-04-27 12:10:15
COMPLAINT0007483,ACC0026458,BRW0004166,2026-04-03 17:08:56,WRONG_CONTACT,LOW,OPEN,FIELD,2026-04-08 17:08:56
COMPLAINT0007484,ACC0013171,BRW0006583,2026-04-27 11:44:15,DISPUTE,LOW,CLOSED,FIELD,2026-05-02 11:44:15
COMPLAINT0007485,ACC0001060,BRW0000657,2026-04-05 00:43:54,HARASSMENT,HIGH,CLOSED,WHATSAPP,2026-04-17 00:43:54
COMPLAINT0007486,ACC0028537,BRW0000213,2026-07-10 21:49:12,WRONG_CONTACT,HIGH,OPEN,WHATSAPP,2026-07-13 21:49:12
COMPLAINT0007487,ACC0020279,BRW0011707,2026-04-24 12:56:35,PRIVACY,LOW,RESOLVED,EMAIL,2026-05-12 12:56:35
COMPLAINT0007488,ACC0005245,BRW0000054,2026-07-16 21:21:43,DND,MEDIUM,CLOSED,WHATSAPP,2026-07-28 21:21:43
COMPLAINT0007489,ACC0019745,BRW0011858,2026-05-17 08:30:35,PRIVACY,HIGH,CLOSED,CALL,2026-05-19 08:30:35
COMPLAINT0007490,ACC0018916,BRW0005039,2026-01-17 13:37:22,PAYMENT,MEDIUM,RESOLVED,WHATSAPP,2026-02-01 13:37:22
COMPLAINT0007491,ACC0026358,BRW0005756,2026-05-26 13:14:02,WRONG_CONTACT,MEDIUM,CLOSED,WHATSAPP,2026-06-04 13:14:02
COMPLAINT0007492,ACC0009385,BRW0001731,2026-07-27 13:35:32,WRONG_CONTACT,CRITICAL,INVESTIGATING,SMS,2026-08-04 13:35:32
COMPLAINT0007493,ACC0009648,BRW0005701,2026-03-10 08:02:26,DISPUTE,HIGH,INVESTIGATING,EMAIL,2026-03-14 08:02:26
COMPLAINT0007494,ACC0017708,BRW0001038,2026-04-04 12:42:55,DND,MEDIUM,RESOLVED,FIELD,2026-04-07 12:42:55
COMPLAINT0007495,ACC0026769,BRW0010858,2026-04-10 22:04:15,PRIVACY,MEDIUM,OPEN,FIELD,2026-04-26 22:04:15
COMPLAINT0007496,ACC0028342,BRW0000980,2026-02-01 23:07:01,DND,LOW,INVESTIGATING,SMS,2026-02-07 23:07:01
COMPLAINT0007497,ACC0021944,BRW0006802,2026-05-02 20:56:19,DND,LOW,CLOSED,SMS,2026-05-04 20:56:19
COMPLAINT0007498,ACC0013779,BRW0008268,2026-01-15 12:31:20,DISPUTE,HIGH,OPEN,FIELD,2026-01-29 12:31:20
COMPLAINT0007499,ACC0028087,BRW0003686,2026-07-06 05:48:00,DND,CRITICAL,RESOLVED,CALL,2026-07-12 05:48:00
COMPLAINT0007500,ACC0008961,BRW0002833,2026-04-24 11:39:57,PAYMENT,CRITICAL,CLOSED,EMAIL,2026-04-28 11:39:57
COMPLAINT0007501,ACC0017932,BRW0010093,2026-02-07 02:41:38,DND,MEDIUM,INVESTIGATING,SMS,2026-02-23 02:41:38
COMPLAINT0007502,ACC0003943,BRW0000858,2026-04-15 05:33:09,WRONG_CONTACT,CRITICAL,OPEN,EMAIL,2026-04-17 05:33:09
COMPLAINT0007503,ACC0012462,BRW0007526,2026-04-08 01:31:58,DND,CRITICAL,CLOSED,FIELD,2026-04-27 01:31:58
COMPLAINT0007504,ACC0007812,BRW0010222,2026-03-13 14:30:18,AGENT_BEHAVIOUR,CRITICAL,RESOLVED,EMAIL,2026-03-27 14:30:18
COMPLAINT0007505,ACC0009965,BRW0005828,2026-01-25 19:47:03,HARASSMENT,MEDIUM,INVESTIGATING,CALL,2026-02-08 19:47:03
COMPLAINT0007506,ACC0013884,BRW0002662,2026-02-02 16:46:01,AGENT_BEHAVIOUR,MEDIUM,OPEN,EMAIL,2026-02-03 16:46:01
COMPLAINT0007507,ACC0010537,BRW0008060,2026-05-11 22:06:46,PAYMENT,HIGH,RESOLVED,SMS,2026-05-26 22:06:46
COMPLAINT0007508,ACC0007906,BRW0004711,2026-01-26 16:38:48,WRONG_CONTACT,LOW,INVESTIGATING,CALL,2026-02-10 16:38:48
COMPLAINT0007509,ACC0020120,BRW0001698,2026-08-07 00:55:48,DND,MEDIUM,OPEN,EMAIL,2026-08-26 00:55:48
COMPLAINT0007510,ACC0028228,BRW0007639,2026-06-16 21:16:00,DISPUTE,MEDIUM,OPEN,EMAIL,2026-06-19 21:16:00
COMPLAINT0007511,ACC0015170,BRW0008499,2026-04-01 16:28:57,HARASSMENT,HIGH,OPEN,EMAIL,2026-04-03 16:28:57
COMPLAINT0007512,ACC0021057,BRW0007287,2026-04-28 00:00:55,PRIVACY,HIGH,INVESTIGATING,FIELD,2026-05-06 00:00:55
COMPLAINT0007513,ACC0029231,BRW0001174,2026-03-12 11:30:15,DND,CRITICAL,CLOSED,FIELD,2026-03-21 11:30:15
COMPLAINT0007514,ACC0026563,BRW0006594,2026-08-01 23:26:06,PAYMENT,HIGH,CLOSED,EMAIL,2026-08-08 23:26:06
COMPLAINT0007515,ACC0015801,BRW0011669,2026-02-05 11:51:53,WRONG_CONTACT,MEDIUM,CLOSED,FIELD,2026-02-17 11:51:53
COMPLAINT0007516,ACC0018080,BRW0006554,2026-08-04 22:14:24,DISPUTE,CRITICAL,CLOSED,SMS,2026-08-09 22:14:24
COMPLAINT0007517,ACC0015575,BRW0003718,2026-02-26 23:08:21,DISPUTE,CRITICAL,OPEN,CALL,2026-03-13 23:08:21
COMPLAINT0007518,ACC0012680,BRW0008432,2026-08-06 01:15:05,PRIVACY,MEDIUM,OPEN,FIELD,2026-08-11 01:15:05
COMPLAINT0007519,ACC0025947,BRW0007532,2026-07-13 19:44:09,WRONG_CONTACT,MEDIUM,RESOLVED,SMS,2026-07-16 19:44:09
COMPLAINT0007520,ACC0025125,BRW0009069,2026-03-24 10:25:28,PAYMENT,HIGH,CLOSED,WHATSAPP,2026-04-08 10:25:28
COMPLAINT0007521,ACC0009587,BRW0001774,2026-04-30 10:21:58,PAYMENT,HIGH,INVESTIGATING,WHATSAPP,2026-05-13 10:21:58
COMPLAINT0007522,ACC0017024,BRW0004225,2026-05-07 07:38:47,WRONG_CONTACT,CRITICAL,OPEN,FIELD,2026-05-21 07:38:47
COMPLAINT0007523,ACC0017166,BRW0009504,2026-01-23 18:42:59,PAYMENT,HIGH,OPEN,WHATSAPP,2026-02-01 18:42:59
COMPLAINT0007524,ACC0003028,BRW0009070,2026-02-02 01:55:10,DISPUTE,CRITICAL,OPEN,FIELD,2026-02-13 01:55:10
COMPLAINT0007525,ACC0013006,BRW0001184,2026-06-27 11:21:18,DND,HIGH,OPEN,EMAIL,2026-07-05 11:21:18
COMPLAINT0007526,ACC0005513,BRW0003480,2026-05-06 09:51:12,HARASSMENT,CRITICAL,CLOSED,SMS,2026-05-24 09:51:12
COMPLAINT0007527,ACC0001134,BRW0005184,2026-07-04 06:16:59,PAYMENT,HIGH,RESOLVED,EMAIL,2026-07-07 06:16:59
COMPLAINT0007528,ACC0007467,BRW0002532,2026-03-02 07:01:27,PAYMENT,MEDIUM,CLOSED,WHATSAPP,2026-03-13 07:01:27
COMPLAINT0007529,ACC0017913,BRW0011509,2026-04-01 03:01:21,WRONG_CONTACT,MEDIUM,RESOLVED,WHATSAPP,2026-04-12 03:01:21
COMPLAINT0007530,ACC0013202,BRW0010420,2026-04-25 01:54:36,PRIVACY,HIGH,RESOLVED,SMS,2026-05-03 01:54:36
COMPLAINT0007531,ACC0022079,BRW0005538,2026-02-27 23:47:27,AGENT_BEHAVIOUR,HIGH,RESOLVED,FIELD,2026-03-10 23:47:27
COMPLAINT0007532,ACC0004635,BRW0008855,2026-04-23 21:14:03,WRONG_CONTACT,HIGH,RESOLVED,CALL,2026-04-29 21:14:03
COMPLAINT0007533,ACC0020332,BRW0007940,2026-07-27 15:56:07,AGENT_BEHAVIOUR,CRITICAL,OPEN,WHATSAPP,2026-08-13 15:56:07
COMPLAINT0007534,ACC0019407,BRW0008381,2026-03-07 05:05:09,PRIVACY,HIGH,OPEN,SMS,2026-03-18 05:05:09
COMPLAINT0007535,ACC0008075,BRW0006041,2026-01-26 06:31:47,PRIVACY,CRITICAL,OPEN,FIELD,2026-02-03 06:31:47
COMPLAINT0007536,ACC0024891,BRW0002183,2026-04-28 07:45:50,WRONG_CONTACT,MEDIUM,INVESTIGATING,FIELD,2026-05-10 07:45:50
COMPLAINT0007537,ACC0020296,BRW0002864,2026-06-01 03:28:09,DISPUTE,LOW,CLOSED,SMS,2026-06-19 03:28:09
COMPLAINT0007538,ACC0005751,BRW0005917,2026-01-20 12:02:07,DISPUTE,HIGH,CLOSED,WHATSAPP,2026-01-21 12:02:07
COMPLAINT0007539,ACC0000035,BRW0009895,2026-03-15 04:47:10,HARASSMENT,HIGH,INVESTIGATING,SMS,2026-03-31 04:47:10
COMPLAINT0007540,ACC0003502,BRW0002774,2026-06-24 23:00:39,PAYMENT,LOW,CLOSED,FIELD,2026-07-11 23:00:39
COMPLAINT0007541,ACC0001320,BRW0001433,2026-02-21 03:01:19,PAYMENT,MEDIUM,RESOLVED,FIELD,2026-02-28 03:01:19
COMPLAINT0007542,ACC0022973,BRW0000194,2026-05-28 17:40:47,AGENT_BEHAVIOUR,LOW,CLOSED,WHATSAPP,2026-06-06 17:40:47
COMPLAINT0007543,ACC0003375,BRW0008083,2026-01-26 05:54:44,PAYMENT,CRITICAL,OPEN,EMAIL,2026-01-30 05:54:44
COMPLAINT0007544,ACC0004012,BRW0008818,2026-03-06 22:27:44,DISPUTE,LOW,INVESTIGATING,EMAIL,2026-03-08 22:27:44
COMPLAINT0007545,ACC0027320,BRW0010091,2026-05-08 03:01:29,AGENT_BEHAVIOUR,HIGH,INVESTIGATING,CALL,2026-05-19 03:01:29
COMPLAINT0007546,ACC0013982,BRW0002334,2026-04-30 06:15:37,HARASSMENT,HIGH,CLOSED,SMS,2026-05-07 06:15:37
COMPLAINT0007547,ACC0000757,BRW0003847,2026-03-01 05:42:08,PRIVACY,CRITICAL,INVESTIGATING,SMS,2026-03-11 05:42:08
COMPLAINT0007548,ACC0018557,BRW0001547,2026-05-31 05:49:27,WRONG_CONTACT,CRITICAL,INVESTIGATING,EMAIL,2026-06-17 05:49:27
COMPLAINT0007549,ACC0021171,BRW0010628,2026-07-21 23:02:04,DISPUTE,MEDIUM,RESOLVED,FIELD,2026-07-31 23:02:04
COMPLAINT0007550,ACC0005954,BRW0006216,2026-02-02 21:54:02,DND,HIGH,RESOLVED,FIELD,2026-02-13 21:54:02
COMPLAINT0007551,ACC0008093,BRW0011225,2026-02-19 08:34:13,PAYMENT,HIGH,CLOSED,WHATSAPP,2026-02-20 08:34:13
COMPLAINT0007552,ACC0009958,BRW0008242,2026-04-28 00:17:05,WRONG_CONTACT,CRITICAL,OPEN,WHATSAPP,2026-05-01 00:17:05
COMPLAINT0007553,ACC0021789,BRW0002614,2026-03-28 13:27:28,PRIVACY,MEDIUM,INVESTIGATING,WHATSAPP,2026-04-14 13:27:28
COMPLAINT0007554,ACC0007358,BRW0004784,2026-03-26 04:21:59,HARASSMENT,MEDIUM,RESOLVED,EMAIL,2026-03-31 04:21:59
COMPLAINT0007555,ACC0027008,BRW0001064,2026-06-12 20:48:12,AGENT_BEHAVIOUR,LOW,INVESTIGATING,SMS,2026-06-26 20:48:12
COMPLAINT0007556,ACC0027613,BRW0010849,2026-06-16 07:36:38,PAYMENT,HIGH,INVESTIGATING,EMAIL,2026-06-18 07:36:38
COMPLAINT0007557,ACC0000626,BRW0005558,2026-05-28 21:03:33,WRONG_CONTACT,CRITICAL,RESOLVED,EMAIL,2026-06-06 21:03:33
COMPLAINT0007558,ACC0001895,BRW0002755,2026-08-05 21:14:58,PRIVACY,HIGH,OPEN,FIELD,2026-08-16 21:14:58
COMPLAINT0007559,ACC0008922,BRW0001144,2026-06-28 21:14:53,AGENT_BEHAVIOUR,CRITICAL,RESOLVED,CALL,2026-07-05 21:14:53
COMPLAINT0007560,ACC0021200,BRW0001169,2026-02-23 06:46:45,PAYMENT,LOW,INVESTIGATING,SMS,2026-03-03 06:46:45
COMPLAINT0007561,ACC0018730,BRW0011849,2026-01-14 13:39:16,HARASSMENT,CRITICAL,INVESTIGATING,SMS,2026-01-20 13:39:16
COMPLAINT0007562,ACC0009480,BRW0009718,2026-07-17 19:28:45,DISPUTE,CRITICAL,INVESTIGATING,FIELD,2026-07-26 19:28:45
COMPLAINT0007563,ACC0005350,BRW0009544,2026-02-14 08:43:26,PRIVACY,LOW,CLOSED,CALL,2026-02-17 08:43:26
COMPLAINT0007564,ACC0028054,BRW0004377,2026-05-01 09:07:49,HARASSMENT,MEDIUM,INVESTIGATING,EMAIL,2026-05-04 09:07:49
COMPLAINT0007565,ACC0022546,BRW0000497,2026-01-26 01:26:21,DISPUTE,LOW,RESOLVED,FIELD,2026-02-06 01:26:21
COMPLAINT0007566,ACC0015859,BRW0010308,2026-02-20 12:31:37,AGENT_BEHAVIOUR,MEDIUM,OPEN,EMAIL,2026-03-11 12:31:37
COMPLAINT0007567,ACC0010298,BRW0009040,2026-04-29 09:56:32,PAYMENT,HIGH,CLOSED,SMS,2026-05-15 09:56:32
COMPLAINT0007568,ACC0027509,BRW0010451,2026-03-15 21:34:26,DISPUTE,CRITICAL,OPEN,FIELD,2026-04-01 21:34:26
COMPLAINT0007569,ACC0014837,BRW0007084,2026-06-18 02:08:42,PRIVACY,CRITICAL,CLOSED,FIELD,2026-07-07 02:08:42
COMPLAINT0007570,ACC0000317,BRW0006578,2026-04-30 06:45:49,HARASSMENT,CRITICAL,CLOSED,FIELD,2026-05-09 06:45:49
COMPLAINT0007571,ACC0002977,BRW0009733,2026-03-25 23:42:48,DISPUTE,MEDIUM,CLOSED,SMS,2026-03-28 23:42:48
COMPLAINT0007572,ACC0008112,BRW0009528,2026-04-21 14:56:50,WRONG_CONTACT,HIGH,RESOLVED,CALL,2026-04-28 14:56:50
COMPLAINT0007573,ACC0015030,BRW0002290,2026-01-09 11:24:12,AGENT_BEHAVIOUR,MEDIUM,OPEN,EMAIL,2026-01-13 11:24:12
COMPLAINT0007574,ACC0002651,BRW0011424,2026-03-19 17:16:29,DND,MEDIUM,INVESTIGATING,FIELD,2026-04-04 17:16:29
COMPLAINT0007575,ACC0021865,BRW0005744,2026-06-22 15:35:50,HARASSMENT,MEDIUM,OPEN,SMS,2026-07-04 15:35:50
COMPLAINT0007576,ACC0009956,BRW0005075,2026-06-26 17:27:39,PRIVACY,MEDIUM,OPEN,FIELD,2026-07-03 17:27:39
COMPLAINT0007577,ACC0022276,BRW0007560,2026-03-12 17:12:37,PRIVACY,MEDIUM,CLOSED,FIELD,2026-03-27 17:12:37
COMPLAINT0007578,ACC0021035,BRW0003223,2026-05-28 04:12:25,PAYMENT,HIGH,CLOSED,CALL,2026-06-03 04:12:25
COMPLAINT0007579,ACC0029555,BRW0008007,2026-03-03 20:04:54,PAYMENT,LOW,OPEN,CALL,2026-03-10 20:04:54
COMPLAINT0007580,ACC0025982,BRW0007903,2026-04-14 12:31:50,HARASSMENT,MEDIUM,RESOLVED,EMAIL,2026-04-29 12:31:50
COMPLAINT0007581,ACC0019951,BRW0004991,2026-03-29 18:00:55,DND,CRITICAL,CLOSED,EMAIL,2026-04-05 18:00:55
COMPLAINT0007582,ACC0008209,BRW0011494,2026-03-24 01:53:57,PRIVACY,LOW,INVESTIGATING,SMS,2026-03-31 01:53:57
COMPLAINT0007583,ACC0013107,BRW0000871,2026-07-19 01:59:39,AGENT_BEHAVIOUR,LOW,RESOLVED,WHATSAPP,2026-07-28 01:59:39
COMPLAINT0007584,ACC0017723,BRW0000852,2026-07-10 12:28:47,PRIVACY,MEDIUM,RESOLVED,SMS,2026-07-21 12:28:47
COMPLAINT0007585,ACC0026768,BRW0003921,2026-01-24 05:18:32,DND,HIGH,INVESTIGATING,SMS,2026-01-29 05:18:32
COMPLAINT0007586,ACC0012882,BRW0010032,2026-06-23 09:53:30,HARASSMENT,HIGH,RESOLVED,CALL,2026-07-07 09:53:30
COMPLAINT0007587,ACC0028041,BRW0002706,2026-08-04 01:59:21,WRONG_CONTACT,LOW,OPEN,EMAIL,2026-08-14 01:59:21
COMPLAINT0007588,ACC0013317,BRW0000981,2026-03-01 16:37:14,PAYMENT,LOW,OPEN,SMS,2026-03-17 16:37:14
COMPLAINT0007589,ACC0015279,BRW0002381,2026-04-11 20:12:47,PRIVACY,CRITICAL,CLOSED,FIELD,2026-04-17 20:12:47
COMPLAINT0007590,ACC0019651,BRW0011232,2026-06-17 00:16:54,HARASSMENT,CRITICAL,RESOLVED,EMAIL,2026-06-20 00:16:54
COMPLAINT0007591,ACC0006482,BRW0001427,2026-02-27 03:56:02,AGENT_BEHAVIOUR,CRITICAL,INVESTIGATING,FIELD,2026-03-10 03:56:02
COMPLAINT0007592,ACC0015649,BRW0008578,2026-07-03 08:42:51,WRONG_CONTACT,HIGH,OPEN,WHATSAPP,2026-07-14 08:42:51
COMPLAINT0007593,ACC0005530,BRW0006960,2026-06-15 03:05:35,DISPUTE,LOW,OPEN,FIELD,2026-06-23 03:05:35
COMPLAINT0007594,ACC0020240,BRW0010915,2026-02-07 03:59:38,PRIVACY,CRITICAL,INVESTIGATING,SMS,2026-02-08 03:59:38
COMPLAINT0007595,ACC0001674,BRW0011001,2026-07-17 10:05:50,PAYMENT,LOW,INVESTIGATING,FIELD,2026-07-24 10:05:50
COMPLAINT0007596,ACC0015240,BRW0005531,2026-06-07 01:58:58,PAYMENT,HIGH,INVESTIGATING,SMS,2026-06-24 01:58:58
COMPLAINT0007597,ACC0007336,BRW0006207,2026-06-07 23:00:09,DND,HIGH,CLOSED,EMAIL,2026-06-11 23:00:09
COMPLAINT0007598,ACC0000692,BRW0006893,2026-06-21 20:01:14,DND,CRITICAL,OPEN,FIELD,2026-06-27 20:01:14
COMPLAINT0007599,ACC0004656,BRW0011572,2026-06-08 15:17:59,WRONG_CONTACT,LOW,OPEN,SMS,2026-06-11 15:17:59
COMPLAINT0007600,ACC0005696,BRW0011816,2026-02-26 09:21:46,DND,CRITICAL,OPEN,WHATSAPP,2026-03-07 09:21:46
COMPLAINT0007601,ACC0024959,BRW0007701,2026-06-13 06:26:11,DISPUTE,LOW,RESOLVED,CALL,2026-06-23 06:26:11
COMPLAINT0007602,ACC0022683,BRW0008563,2026-01-22 22:10:27,PRIVACY,LOW,OPEN,SMS,2026-02-07 22:10:27
COMPLAINT0007603,ACC0021566,BRW0011784,2026-07-02 11:56:47,DISPUTE,CRITICAL,INVESTIGATING,CALL,2026-07-03 11:56:47
COMPLAINT0007604,ACC0025532,BRW0008099,2026-05-10 23:08:38,DISPUTE,MEDIUM,OPEN,EMAIL,2026-05-11 23:08:38
COMPLAINT0007605,ACC0003780,BRW0011503,2026-07-12 20:37:39,WRONG_CONTACT,CRITICAL,OPEN,SMS,2026-07-18 20:37:39
COMPLAINT0007606,ACC0025511,BRW0002993,2026-07-19 00:05:02,DND,LOW,RESOLVED,SMS,2026-07-21 00:05:02
COMPLAINT0007607,ACC0024255,BRW0007044,2026-01-11 21:13:26,DND,MEDIUM,CLOSED,WHATSAPP,2026-01-26 21:13:26
COMPLAINT0007608,ACC0007176,BRW0009060,2026-04-17 05:58:51,PRIVACY,CRITICAL,RESOLVED,EMAIL,2026-04-20 05:58:51
COMPLAINT0007609,ACC0003337,BRW0005782,2026-04-08 16:56:32,PRIVACY,MEDIUM,CLOSED,CALL,2026-04-14 16:56:32
COMPLAINT0007610,ACC0022522,BRW0004642,2026-08-07 05:41:04,HARASSMENT,MEDIUM,CLOSED,EMAIL,2026-08-13 05:41:04
COMPLAINT0007611,ACC0003271,BRW0008198,2026-02-15 11:09:24,PAYMENT,HIGH,INVESTIGATING,CALL,2026-02-23 11:09:24
COMPLAINT0007612,ACC0016921,BRW0005097,2026-01-19 23:07:22,WRONG_CONTACT,CRITICAL,CLOSED,EMAIL,2026-02-06 23:07:22
COMPLAINT0007613,ACC0021950,BRW0004231,2026-02-08 07:35:49,PRIVACY,LOW,RESOLVED,SMS,2026-02-26 07:35:49
COMPLAINT0007614,ACC0022376,BRW0004395,2026-02-07 05:08:07,PAYMENT,MEDIUM,OPEN,WHATSAPP,2026-02-08 05:08:07
COMPLAINT0007615,ACC0018876,BRW0011213,2026-04-11 12:05:57,AGENT_BEHAVIOUR,MEDIUM,CLOSED,FIELD,2026-04-27 12:05:57
COMPLAINT0007616,ACC0022626,BRW0006581,2026-01-03 02:05:12,AGENT_BEHAVIOUR,CRITICAL,CLOSED,SMS,2026-01-19 02:05:12
COMPLAINT0007617,ACC0003595,BRW0004756,2026-06-22 02:29:02,WRONG_CONTACT,HIGH,CLOSED,FIELD,2026-07-06 02:29:02
COMPLAINT0007618,ACC0009871,BRW0009990,2026-04-27 22:37:50,WRONG_CONTACT,MEDIUM,CLOSED,SMS,2026-05-04 22:37:50
COMPLAINT0007619,ACC0027245,BRW0009162,2026-02-28 04:38:58,DND,HIGH,CLOSED,FIELD,2026-03-02 04:38:58
COMPLAINT0007620,ACC0003233,BRW0000913,2026-02-25 12:44:55,DISPUTE,HIGH,INVESTIGATING,SMS,2026-03-04 12:44:55
COMPLAINT0007621,ACC0023329,BRW0011376,2026-04-21 03:30:00,PAYMENT,MEDIUM,CLOSED,SMS,2026-04-29 03:30:00
COMPLAINT0007622,ACC0001469,BRW0002793,2026-04-19 18:40:55,PRIVACY,MEDIUM,CLOSED,CALL,2026-05-07 18:40:55
COMPLAINT0007623,ACC0017154,BRW0005319,2026-07-16 02:01:26,PAYMENT,CRITICAL,RESOLVED,WHATSAPP,2026-07-30 02:01:26
COMPLAINT0007624,ACC0017036,BRW0005945,2026-01-22 01:53:56,PAYMENT,MEDIUM,RESOLVED,CALL,2026-01-30 01:53:56
COMPLAINT0007625,ACC0000610,BRW0008235,2026-04-07 13:34:01,DISPUTE,LOW,CLOSED,FIELD,2026-04-25 13:34:01
COMPLAINT0007626,ACC0005370,BRW0003569,2026-01-10 06:29:58,DISPUTE,LOW,RESOLVED,FIELD,2026-01-27 06:29:58
COMPLAINT0007627,ACC0020712,BRW0010215,2026-01-08 11:30:35,DISPUTE,HIGH,INVESTIGATING,FIELD,2026-01-25 11:30:35
COMPLAINT0007628,ACC0006917,BRW0011433,2026-01-19 03:24:48,PAYMENT,LOW,CLOSED,CALL,2026-02-01 03:24:48
COMPLAINT0007629,ACC0007043,BRW0000862,2026-02-25 16:50:06,AGENT_BEHAVIOUR,HIGH,CLOSED,EMAIL,2026-03-11 16:50:06
COMPLAINT0007630,ACC0005286,BRW0011166,2026-05-21 14:01:15,HARASSMENT,MEDIUM,INVESTIGATING,EMAIL,2026-06-01 14:01:15
COMPLAINT0007631,ACC0021745,BRW0002208,2026-03-30 10:39:34,AGENT_BEHAVIOUR,LOW,CLOSED,SMS,2026-04-04 10:39:34
COMPLAINT0007632,ACC0002266,BRW0004272,2026-04-04 19:06:27,PRIVACY,HIGH,CLOSED,SMS,2026-04-16 19:06:27
COMPLAINT0007633,ACC0001990,BRW0008117,2026-04-10 05:59:15,AGENT_BEHAVIOUR,MEDIUM,OPEN,WHATSAPP,2026-04-12 05:59:15
COMPLAINT0007634,ACC0000873,BRW0007773,2026-02-21 09:51:47,DISPUTE,MEDIUM,CLOSED,EMAIL,2026-02-22 09:51:47
COMPLAINT0007635,ACC0009020,BRW0008560,2026-02-19 10:23:00,DISPUTE,HIGH,CLOSED,CALL,2026-03-05 10:23:00
COMPLAINT0007636,ACC0027877,BRW0006048,2026-02-24 03:46:07,HARASSMENT,LOW,RESOLVED,SMS,2026-03-10 03:46:07
COMPLAINT0007637,ACC0009615,BRW0000416,2026-07-13 06:39:57,DND,LOW,CLOSED,CALL,2026-07-21 06:39:57
COMPLAINT0007638,ACC0003143,BRW0000196,2026-04-11 06:03:28,DISPUTE,LOW,CLOSED,FIELD,2026-04-12 06:03:28
COMPLAINT0007639,ACC0028740,BRW0001423,2026-03-30 03:41:34,DND,HIGH,RESOLVED,SMS,2026-04-07 03:41:34
COMPLAINT0007640,ACC0019239,BRW0007227,2026-06-27 04:48:39,PRIVACY,LOW,RESOLVED,EMAIL,2026-07-13 04:48:39
COMPLAINT0007641,ACC0004390,BRW0007767,2026-07-06 05:52:32,DND,HIGH,RESOLVED,FIELD,2026-07-08 05:52:32
COMPLAINT0007642,ACC0015623,BRW0001085,2026-05-26 17:37:29,DISPUTE,HIGH,RESOLVED,FIELD,2026-06-14 17:37:29
COMPLAINT0007643,ACC0027640,BRW0005671,2026-01-13 06:40:01,PRIVACY,CRITICAL,RESOLVED,CALL,2026-01-21 06:40:01
COMPLAINT0007644,ACC0010602,BRW0005968,2026-01-01 07:36:01,PRIVACY,MEDIUM,RESOLVED,SMS,2026-01-02 07:36:01
COMPLAINT0007645,ACC0004172,BRW0002060,2026-03-05 19:52:14,AGENT_BEHAVIOUR,CRITICAL,RESOLVED,SMS,2026-03-22 19:52:14
COMPLAINT0007646,ACC0029337,BRW0010473,2026-03-29 10:38:42,HARASSMENT,CRITICAL,RESOLVED,WHATSAPP,2026-04-01 10:38:42
COMPLAINT0007647,ACC0023379,BRW0008747,2026-07-20 05:38:09,WRONG_CONTACT,CRITICAL,OPEN,EMAIL,2026-08-03 05:38:09
COMPLAINT0007648,ACC0024310,BRW0002374,2026-04-09 10:20:04,DND,LOW,RESOLVED,SMS,2026-04-18 10:20:04
COMPLAINT0007649,ACC0000506,BRW0003561,2026-07-03 22:51:09,DND,LOW,INVESTIGATING,SMS,2026-07-16 22:51:09
COMPLAINT0007650,ACC0011951,BRW0000164,2026-02-13 01:54:47,DISPUTE,HIGH,CLOSED,FIELD,2026-02-15 01:54:47
COMPLAINT0007651,ACC0021213,BRW0005784,2026-06-05 18:33:23,AGENT_BEHAVIOUR,LOW,OPEN,FIELD,2026-06-09 18:33:23
COMPLAINT0007652,ACC0013734,BRW0007217,2026-04-09 16:38:25,AGENT_BEHAVIOUR,CRITICAL,RESOLVED,FIELD,2026-04-22 16:38:25
COMPLAINT0007653,ACC0023727,BRW0001592,2026-02-10 05:10:01,PAYMENT,CRITICAL,RESOLVED,WHATSAPP,2026-02-12 05:10:01
COMPLAINT0007654,ACC0006697,BRW0010591,2026-04-19 00:13:11,WRONG_CONTACT,CRITICAL,CLOSED,FIELD,2026-04-29 00:13:11
COMPLAINT0007655,ACC0022882,BRW0008837,2026-02-05 22:35:14,DND,MEDIUM,CLOSED,SMS,2026-02-12 22:35:14
COMPLAINT0007656,ACC0014881,BRW0002489,2026-03-19 17:59:47,PAYMENT,LOW,CLOSED,EMAIL,2026-03-28 17:59:47
COMPLAINT0007657,ACC0021830,BRW0004438,2026-01-05 03:54:41,PAYMENT,CRITICAL,OPEN,CALL,2026-01-13 03:54:41
COMPLAINT0007658,ACC0002571,BRW0008140,2026-07-30 11:55:44,DISPUTE,HIGH,OPEN,CALL,2026-08-12 11:55:44
COMPLAINT0007659,ACC0002223,BRW0006454,2026-05-01 16:56:04,AGENT_BEHAVIOUR,HIGH,CLOSED,SMS,2026-05-08 16:56:04
COMPLAINT0007660,ACC0023179,BRW0006110,2026-03-20 01:48:10,AGENT_BEHAVIOUR,CRITICAL,INVESTIGATING,SMS,2026-04-08 01:48:10
COMPLAINT0007661,ACC0002060,BRW0010894,2026-03-14 13:23:18,WRONG_CONTACT,CRITICAL,CLOSED,SMS,2026-03-24 13:23:18
COMPLAINT0007662,ACC0002810,BRW0006074,2026-05-01 14:41:24,PRIVACY,LOW,CLOSED,FIELD,2026-05-12 14:41:24
COMPLAINT0007663,ACC0015383,BRW0003140,2026-01-12 20:37:40,DND,CRITICAL,OPEN,CALL,2026-01-13 20:37:40
COMPLAINT0007664,ACC0005205,BRW0010683,2026-07-06 10:38:04,PRIVACY,HIGH,RESOLVED,CALL,2026-07-17 10:38:04
COMPLAINT0007665,ACC0012371,BRW0006864,2026-04-14 23:34:04,HARASSMENT,MEDIUM,INVESTIGATING,CALL,2026-04-27 23:34:04
COMPLAINT0007666,ACC0018087,BRW0005315,2026-08-01 16:24:36,DND,HIGH,INVESTIGATING,FIELD,2026-08-13 16:24:36
COMPLAINT0007667,ACC0014802,BRW0005287,2026-04-25 00:34:09,DISPUTE,MEDIUM,OPEN,SMS,2026-04-28 00:34:09
COMPLAINT0007668,ACC0021788,BRW0005536,2026-02-28 04:27:04,HARASSMENT,CRITICAL,RESOLVED,FIELD,2026-03-02 04:27:04
COMPLAINT0007669,ACC0015390,BRW0011137,2026-01-21 11:56:12,HARASSMENT,MEDIUM,OPEN,WHATSAPP,2026-02-02 11:56:12
COMPLAINT0007670,ACC0013565,BRW0002912,2026-07-02 17:35:38,HARASSMENT,LOW,CLOSED,SMS,2026-07-19 17:35:38
COMPLAINT0007671,ACC0027518,BRW0005165,2026-01-06 19:19:27,AGENT_BEHAVIOUR,CRITICAL,INVESTIGATING,WHATSAPP,2026-01-07 19:19:27
COMPLAINT0007672,ACC0027194,BRW0010028,2026-03-16 12:34:19,WRONG_CONTACT,CRITICAL,CLOSED,CALL,2026-03-22 12:34:19
COMPLAINT0007673,ACC0008848,BRW0011615,2026-03-19 20:54:19,DND,LOW,CLOSED,SMS,2026-04-03 20:54:19
COMPLAINT0007674,ACC0022637,BRW0007066,2026-08-01 17:10:32,PRIVACY,MEDIUM,CLOSED,WHATSAPP,2026-08-17 17:10:32
COMPLAINT0007675,ACC0005289,BRW0000426,2026-07-21 15:25:50,WRONG_CONTACT,MEDIUM,RESOLVED,EMAIL,2026-08-09 15:25:50
COMPLAINT0007676,ACC0020052,BRW0004280,2026-04-05 08:37:11,DISPUTE,LOW,RESOLVED,CALL,2026-04-09 08:37:11
COMPLAINT0007677,ACC0007749,BRW0007876,2026-01-24 10:50:03,DND,CRITICAL,RESOLVED,FIELD,2026-01-25 10:50:03
COMPLAINT0007678,ACC0004236,BRW0008688,2026-07-25 23:06:52,PAYMENT,CRITICAL,OPEN,EMAIL,2026-07-26 23:06:52
COMPLAINT0007679,ACC0002418,BRW0006694,2026-02-28 10:00:06,DND,CRITICAL,OPEN,EMAIL,2026-03-03 10:00:06
COMPLAINT0007680,ACC0002382,BRW0003109,2026-01-21 07:56:35,PAYMENT,CRITICAL,INVESTIGATING,FIELD,2026-01-28 07:56:35
COMPLAINT0007681,ACC0029472,BRW0008407,2026-05-09 21:32:11,DISPUTE,HIGH,CLOSED,SMS,2026-05-10 21:32:11
COMPLAINT0007682,ACC0027928,BRW0010742,2026-04-03 16:02:40,WRONG_CONTACT,LOW,CLOSED,EMAIL,2026-04-21 16:02:40
COMPLAINT0007683,ACC0013951,BRW0008066,2026-03-18 06:56:46,HARASSMENT,LOW,OPEN,CALL,2026-04-03 06:56:46
COMPLAINT0007684,ACC0007604,BRW0001985,2026-05-09 03:23:32,PRIVACY,HIGH,INVESTIGATING,SMS,2026-05-18 03:23:32
COMPLAINT0007685,ACC0024613,BRW0011451,2026-07-26 15:06:05,AGENT_BEHAVIOUR,LOW,CLOSED,SMS,2026-08-02 15:06:05
COMPLAINT0007686,ACC0015854,BRW0005345,2026-07-21 16:36:22,HARASSMENT,HIGH,RESOLVED,CALL,2026-07-22 16:36:22
COMPLAINT0007687,ACC0026382,BRW0006255,2026-04-23 02:01:23,WRONG_CONTACT,MEDIUM,OPEN,FIELD,2026-04-30 02:01:23
COMPLAINT0007688,ACC0018030,BRW0007839,2026-06-04 15:41:56,AGENT_BEHAVIOUR,MEDIUM,CLOSED,EMAIL,2026-06-21 15:41:56
COMPLAINT0007689,ACC0002337,BRW0011987,2026-01-16 00:23:32,PAYMENT,LOW,CLOSED,FIELD,2026-01-23 00:23:32
COMPLAINT0007690,ACC0025814,BRW0011640,2026-06-27 11:33:58,DISPUTE,LOW,RESOLVED,FIELD,2026-07-14 11:33:58
COMPLAINT0007691,ACC0029556,BRW0010700,2026-03-26 06:57:21,DISPUTE,CRITICAL,CLOSED,EMAIL,2026-04-06 06:57:21
COMPLAINT0007692,ACC0004195,BRW0004331,2026-04-16 11:10:31,HARASSMENT,LOW,OPEN,FIELD,2026-05-04 11:10:31
COMPLAINT0007693,ACC0023276,BRW0005459,2026-01-12 23:37:19,PAYMENT,CRITICAL,CLOSED,EMAIL,2026-01-15 23:37:19
COMPLAINT0007694,ACC0026384,BRW0001258,2026-02-25 05:20:05,PAYMENT,HIGH,OPEN,FIELD,2026-03-15 05:20:05
COMPLAINT0007695,ACC0013938,BRW0000311,2026-07-23 05:15:26,DISPUTE,MEDIUM,INVESTIGATING,SMS,2026-07-24 05:15:26
COMPLAINT0007696,ACC0029130,BRW0010046,2026-01-18 07:11:24,DND,CRITICAL,CLOSED,SMS,2026-01-31 07:11:24
COMPLAINT0007697,ACC0013951,BRW0001434,2026-06-23 06:38:49,PAYMENT,MEDIUM,RESOLVED,EMAIL,2026-07-03 06:38:49
COMPLAINT0007698,ACC0025401,BRW0008029,2026-04-02 22:05:33,AGENT_BEHAVIOUR,CRITICAL,OPEN,SMS,2026-04-08 22:05:33
COMPLAINT0007699,ACC0006900,BRW0011211,2026-06-28 07:31:34,DND,MEDIUM,RESOLVED,CALL,2026-07-17 07:31:34
COMPLAINT0007700,ACC0009906,BRW0011504,2026-02-21 21:17:35,HARASSMENT,CRITICAL,RESOLVED,EMAIL,2026-03-12 21:17:35
COMPLAINT0007701,ACC0000668,BRW0002843,2026-02-26 16:38:47,DISPUTE,CRITICAL,INVESTIGATING,EMAIL,2026-03-15 16:38:47
COMPLAINT0007702,ACC0021379,BRW0008183,2026-07-01 14:18:46,PRIVACY,MEDIUM,RESOLVED,EMAIL,2026-07-06 14:18:46
COMPLAINT0007703,ACC0010343,BRW0001862,2026-06-23 18:13:36,DISPUTE,HIGH,INVESTIGATING,FIELD,2026-07-07 18:13:36
COMPLAINT0007704,ACC0022905,BRW0008622,2026-06-11 22:18:09,DND,CRITICAL,CLOSED,WHATSAPP,2026-06-20 22:18:09
COMPLAINT0007705,ACC0028708,BRW0006374,2026-05-03 14:20:08,DND,MEDIUM,CLOSED,SMS,2026-05-18 14:20:08
COMPLAINT0007706,ACC0027512,BRW0000754,2026-04-11 07:11:56,WRONG_CONTACT,CRITICAL,RESOLVED,FIELD,2026-04-22 07:11:56
COMPLAINT0007707,ACC0005277,BRW0007710,2026-06-22 09:08:25,PRIVACY,LOW,RESOLVED,SMS,2026-07-01 09:08:25
COMPLAINT0007708,ACC0022430,BRW0000601,2026-04-18 18:56:02,PAYMENT,CRITICAL,RESOLVED,WHATSAPP,2026-04-27 18:56:02
COMPLAINT0007709,ACC0020387,BRW0006629,2026-07-17 13:42:01,PAYMENT,MEDIUM,RESOLVED,EMAIL,2026-07-29 13:42:01
COMPLAINT0007710,ACC0014080,BRW0001484,2026-02-14 23:05:59,DISPUTE,CRITICAL,OPEN,EMAIL,2026-02-22 23:05:59
COMPLAINT0007711,ACC0001659,BRW0008881,2026-08-03 01:22:35,DND,CRITICAL,INVESTIGATING,EMAIL,2026-08-21 01:22:35
COMPLAINT0007712,ACC0011646,BRW0010122,2026-04-09 15:42:20,WRONG_CONTACT,LOW,OPEN,FIELD,2026-04-11 15:42:20
COMPLAINT0007713,ACC0001739,BRW0009290,2026-01-23 18:13:16,DND,LOW,CLOSED,WHATSAPP,2026-02-01 18:13:16
COMPLAINT0007714,ACC0003672,BRW0011433,2026-06-07 19:51:20,DND,MEDIUM,CLOSED,CALL,2026-06-19 19:51:20
COMPLAINT0007715,ACC0001901,BRW0007290,2026-01-12 23:14:11,DND,LOW,OPEN,CALL,2026-01-22 23:14:11
COMPLAINT0007716,ACC0026476,BRW0000102,2026-07-08 03:34:34,DND,CRITICAL,INVESTIGATING,FIELD,2026-07-11 03:34:34
COMPLAINT0007717,ACC0029643,BRW0002542,2026-05-11 20:53:40,PAYMENT,MEDIUM,OPEN,SMS,2026-05-16 20:53:40
COMPLAINT0007718,ACC0024094,BRW0010072,2026-01-11 01:44:15,DND,MEDIUM,INVESTIGATING,SMS,2026-01-17 01:44:15
COMPLAINT0007719,ACC0010257,BRW0008803,2026-07-11 03:29:59,DISPUTE,CRITICAL,CLOSED,CALL,2026-07-15 03:29:59
COMPLAINT0007720,ACC0008682,BRW0002138,2026-05-16 06:31:18,HARASSMENT,CRITICAL,CLOSED,SMS,2026-05-28 06:31:18
COMPLAINT0007721,ACC0016502,BRW0005735,2026-04-22 02:30:04,PAYMENT,MEDIUM,RESOLVED,WHATSAPP,2026-05-03 02:30:04
COMPLAINT0007722,ACC0009569,BRW0006291,2026-04-16 21:35:26,AGENT_BEHAVIOUR,CRITICAL,OPEN,SMS,2026-05-01 21:35:26
COMPLAINT0007723,ACC0019288,BRW0001396,2026-05-25 21:15:40,DND,CRITICAL,RESOLVED,CALL,2026-06-08 21:15:40
COMPLAINT0007724,ACC0008652,BRW0008217,2026-01-12 19:32:14,PRIVACY,HIGH,OPEN,SMS,2026-01-25 19:32:14
COMPLAINT0007725,ACC0027576,BRW0007757,2026-07-22 05:09:02,PAYMENT,LOW,RESOLVED,CALL,2026-08-01 05:09:02
COMPLAINT0007726,ACC0006076,BRW0008371,2026-03-16 22:10:43,PRIVACY,HIGH,RESOLVED,FIELD,2026-03-25 22:10:43
COMPLAINT0007727,ACC0009823,BRW0000383,2026-06-07 11:43:30,WRONG_CONTACT,MEDIUM,INVESTIGATING,EMAIL,2026-06-19 11:43:30
COMPLAINT0007728,ACC0019416,BRW0007340,2026-05-04 02:46:51,DND,HIGH,CLOSED,WHATSAPP,2026-05-06 02:46:51
COMPLAINT0007729,ACC0027971,BRW0002228,2026-03-18 23:50:48,AGENT_BEHAVIOUR,LOW,CLOSED,CALL,2026-03-23 23:50:48
COMPLAINT0007730,ACC0003729,BRW0010596,2026-08-08 13:33:05,WRONG_CONTACT,MEDIUM,CLOSED,SMS,2026-08-15 13:33:05
COMPLAINT0007731,ACC0011350,BRW0010967,2026-02-08 13:16:02,PAYMENT,LOW,OPEN,FIELD,2026-02-25 13:16:02
COMPLAINT0007732,ACC0009405,BRW0000672,2026-03-02 13:46:55,WRONG_CONTACT,HIGH,CLOSED,CALL,2026-03-03 13:46:55
COMPLAINT0007733,ACC0001582,BRW0001217,2026-05-07 16:39:28,HARASSMENT,MEDIUM,INVESTIGATING,FIELD,2026-05-26 16:39:28
COMPLAINT0007734,ACC0013102,BRW0000558,2026-01-13 23:00:28,AGENT_BEHAVIOUR,HIGH,OPEN,CALL,2026-01-28 23:00:28
COMPLAINT0007735,ACC0023118,BRW0009872,2026-05-29 17:36:25,PAYMENT,HIGH,CLOSED,EMAIL,2026-06-11 17:36:25
COMPLAINT0007736,ACC0016311,BRW0007087,2026-06-20 22:30:37,PAYMENT,HIGH,INVESTIGATING,EMAIL,2026-06-30 22:30:37
COMPLAINT0007737,ACC0027094,BRW0001404,2026-01-16 17:50:20,WRONG_CONTACT,MEDIUM,RESOLVED,EMAIL,2026-01-22 17:50:20
COMPLAINT0007738,ACC0022938,BRW0004060,2026-04-22 19:33:28,HARASSMENT,LOW,OPEN,CALL,2026-04-30 19:33:28
COMPLAINT0007739,ACC0020609,BRW0004756,2026-01-02 13:54:45,AGENT_BEHAVIOUR,LOW,INVESTIGATING,CALL,2026-01-12 13:54:45
COMPLAINT0007740,ACC0029431,BRW0006478,2026-06-22 00:37:27,AGENT_BEHAVIOUR,CRITICAL,CLOSED,FIELD,2026-06-23 00:37:27
COMPLAINT0007741,ACC0015747,BRW0007652,2026-03-27 13:58:51,PRIVACY,MEDIUM,INVESTIGATING,EMAIL,2026-04-14 13:58:51
COMPLAINT0007742,ACC0018692,BRW0003221,2026-05-14 04:49:29,DND,MEDIUM,CLOSED,EMAIL,2026-05-24 04:49:29
COMPLAINT0007743,ACC0014810,BRW0001481,2026-05-16 17:17:26,HARASSMENT,HIGH,OPEN,CALL,2026-05-25 17:17:26
COMPLAINT0007744,ACC0001669,BRW0002198,2026-02-21 16:04:20,WRONG_CONTACT,LOW,INVESTIGATING,CALL,2026-02-26 16:04:20
COMPLAINT0007745,ACC0023374,BRW0003944,2026-02-16 22:22:24,PAYMENT,MEDIUM,CLOSED,EMAIL,2026-02-19 22:22:24
COMPLAINT0007746,ACC0028963,BRW0006446,2026-07-26 16:21:44,HARASSMENT,MEDIUM,RESOLVED,WHATSAPP,2026-08-03 16:21:44
COMPLAINT0007747,ACC0022644,BRW0001763,2026-04-11 16:09:31,DND,HIGH,CLOSED,CALL,2026-04-18 16:09:31
COMPLAINT0007748,ACC0017033,BRW0002246,2026-07-18 21:12:46,WRONG_CONTACT,MEDIUM,RESOLVED,CALL,2026-07-30 21:12:46
COMPLAINT0007749,ACC0012288,BRW0007411,2026-04-14 17:05:33,DISPUTE,MEDIUM,CLOSED,EMAIL,2026-04-17 17:05:33
COMPLAINT0007750,ACC0019506,BRW0000591,2026-05-07 20:05:40,DISPUTE,LOW,INVESTIGATING,FIELD,2026-05-25 20:05:40
COMPLAINT0007751,ACC0008697,BRW0001549,2026-07-30 12:00:37,DND,MEDIUM,INVESTIGATING,FIELD,2026-08-06 12:00:37
COMPLAINT0007752,ACC0021697,BRW0007912,2026-06-13 17:41:37,AGENT_BEHAVIOUR,HIGH,INVESTIGATING,FIELD,2026-06-17 17:41:37
COMPLAINT0007753,ACC0012314,BRW0003685,2026-06-15 19:12:26,DND,CRITICAL,RESOLVED,WHATSAPP,2026-06-25 19:12:26
COMPLAINT0007754,ACC0012738,BRW0009015,2026-06-07 01:37:46,AGENT_BEHAVIOUR,CRITICAL,CLOSED,CALL,2026-06-15 01:37:46
COMPLAINT0007755,ACC0025427,BRW0003202,2026-01-10 04:12:59,PRIVACY,MEDIUM,OPEN,WHATSAPP,2026-01-20 04:12:59
COMPLAINT0007756,ACC0023308,BRW0011596,2026-04-12 09:49:13,HARASSMENT,MEDIUM,INVESTIGATING,WHATSAPP,2026-04-18 09:49:13
COMPLAINT0007757,ACC0009313,BRW0007575,2026-07-17 14:41:25,PRIVACY,MEDIUM,CLOSED,FIELD,2026-07-30 14:41:25
COMPLAINT0007758,ACC0006618,BRW0000185,2026-08-06 20:10:00,DND,CRITICAL,CLOSED,CALL,2026-08-20 20:10:00
COMPLAINT0007759,ACC0024951,BRW0004184,2026-02-14 15:57:32,WRONG_CONTACT,HIGH,CLOSED,FIELD,2026-02-23 15:57:32
COMPLAINT0007760,ACC0000657,BRW0009994,2026-03-20 01:23:57,DISPUTE,LOW,CLOSED,SMS,2026-03-31 01:23:57
COMPLAINT0007761,ACC0029963,BRW0002391,2026-05-30 19:45:53,AGENT_BEHAVIOUR,MEDIUM,INVESTIGATING,FIELD,2026-06-03 19:45:53
COMPLAINT0007762,ACC0002378,BRW0001647,2026-07-18 09:00:52,AGENT_BEHAVIOUR,HIGH,RESOLVED,FIELD,2026-08-02 09:00:52
COMPLAINT0007763,ACC0018392,BRW0008359,2026-01-10 05:43:25,WRONG_CONTACT,MEDIUM,CLOSED,WHATSAPP,2026-01-28 05:43:25
COMPLAINT0007764,ACC0016369,BRW0007978,2026-04-19 17:09:10,PAYMENT,MEDIUM,INVESTIGATING,EMAIL,2026-05-02 17:09:10
COMPLAINT0007765,ACC0024767,BRW0005021,2026-01-26 01:15:15,PAYMENT,LOW,INVESTIGATING,WHATSAPP,2026-02-14 01:15:15
COMPLAINT0007766,ACC0018939,BRW0011337,2026-02-21 07:12:36,DISPUTE,MEDIUM,OPEN,SMS,2026-03-07 07:12:36
COMPLAINT0007767,ACC0023876,BRW0008019,2026-03-04 00:20:23,WRONG_CONTACT,LOW,CLOSED,WHATSAPP,2026-03-05 00:20:23
COMPLAINT0007768,ACC0022324,BRW0002980,2026-06-23 19:03:20,DISPUTE,LOW,CLOSED,WHATSAPP,2026-06-24 19:03:20
COMPLAINT0007769,ACC0028454,BRW0001375,2026-06-06 14:12:10,DND,MEDIUM,INVESTIGATING,SMS,2026-06-08 14:12:10
COMPLAINT0007770,ACC0011525,BRW0010066,2026-04-27 20:29:04,HARASSMENT,CRITICAL,OPEN,WHATSAPP,2026-05-11 20:29:04
COMPLAINT0007771,ACC0019813,BRW0002434,2026-01-04 07:22:15,WRONG_CONTACT,MEDIUM,INVESTIGATING,CALL,2026-01-11 07:22:15
COMPLAINT0007772,ACC0003695,BRW0004938,2026-03-02 07:56:10,DISPUTE,CRITICAL,OPEN,WHATSAPP,2026-03-21 07:56:10
COMPLAINT0007773,ACC0006242,BRW0004762,2026-02-17 10:22:24,PRIVACY,CRITICAL,RESOLVED,CALL,2026-02-25 10:22:24
COMPLAINT0007774,ACC0015794,BRW0003792,2026-01-31 16:16:41,DISPUTE,MEDIUM,CLOSED,SMS,2026-02-08 16:16:41
COMPLAINT0007775,ACC0023120,BRW0006299,2026-02-03 16:23:02,HARASSMENT,MEDIUM,CLOSED,WHATSAPP,2026-02-08 16:23:02
COMPLAINT0007776,ACC0025505,BRW0010677,2026-06-03 11:40:22,PAYMENT,HIGH,RESOLVED,EMAIL,2026-06-10 11:40:22
COMPLAINT0007777,ACC0026883,BRW0008861,2026-02-27 08:30:43,PRIVACY,MEDIUM,INVESTIGATING,FIELD,2026-03-09 08:30:43
COMPLAINT0007778,ACC0015554,BRW0010899,2026-07-18 04:54:37,PRIVACY,LOW,OPEN,SMS,2026-08-01 04:54:37
COMPLAINT0007779,ACC0028826,BRW0003306,2026-01-22 10:54:45,WRONG_CONTACT,CRITICAL,OPEN,WHATSAPP,2026-01-27 10:54:45
COMPLAINT0007780,ACC0018921,BRW0008687,2026-01-05 15:04:31,DND,CRITICAL,RESOLVED,SMS,2026-01-24 15:04:31
COMPLAINT0007781,ACC0026572,BRW0000308,2026-04-02 17:07:13,PRIVACY,LOW,OPEN,EMAIL,2026-04-10 17:07:13
COMPLAINT0007782,ACC0017954,BRW0009189,2026-03-15 21:05:44,PRIVACY,LOW,INVESTIGATING,WHATSAPP,2026-03-26 21:05:44
COMPLAINT0007783,ACC0021440,BRW0000443,2026-03-14 02:14:08,PRIVACY,LOW,CLOSED,WHATSAPP,2026-03-26 02:14:08
COMPLAINT0007784,ACC0005871,BRW0010888,2026-06-04 14:30:23,PAYMENT,HIGH,CLOSED,WHATSAPP,2026-06-16 14:30:23
COMPLAINT0007785,ACC0009751,BRW0007968,2026-05-21 18:02:50,AGENT_BEHAVIOUR,MEDIUM,OPEN,WHATSAPP,2026-06-04 18:02:50
COMPLAINT0007786,ACC0006851,BRW0005465,2026-01-19 03:53:07,PRIVACY,MEDIUM,CLOSED,SMS,2026-01-30 03:53:07
COMPLAINT0007787,ACC0008846,BRW0011758,2026-05-18 15:49:05,DISPUTE,HIGH,RESOLVED,CALL,2026-05-27 15:49:05
COMPLAINT0007788,ACC0011736,BRW0002638,2026-04-18 11:21:27,PRIVACY,CRITICAL,OPEN,WHATSAPP,2026-04-28 11:21:27
COMPLAINT0007789,ACC0027748,BRW0008609,2026-03-25 11:59:03,WRONG_CONTACT,HIGH,OPEN,SMS,2026-04-04 11:59:03
COMPLAINT0007790,ACC0026480,BRW0007671,2026-08-08 13:22:27,PAYMENT,CRITICAL,INVESTIGATING,SMS,2026-08-26 13:22:27
COMPLAINT0007791,ACC0009590,BRW0004389,2026-06-01 01:15:46,PAYMENT,LOW,RESOLVED,CALL,2026-06-07 01:15:46
COMPLAINT0007792,ACC0022283,BRW0001558,2026-03-26 18:18:39,WRONG_CONTACT,HIGH,CLOSED,CALL,2026-04-11 18:18:39
COMPLAINT0007793,ACC0024019,BRW0008741,2026-01-15 11:45:57,WRONG_CONTACT,HIGH,RESOLVED,CALL,2026-01-17 11:45:57
COMPLAINT0007794,ACC0009615,BRW0005555,2026-06-27 05:32:37,PAYMENT,HIGH,INVESTIGATING,WHATSAPP,2026-07-04 05:32:37
COMPLAINT0007795,ACC0023939,BRW0001398,2026-06-17 04:05:46,HARASSMENT,LOW,CLOSED,CALL,2026-06-20 04:05:46
COMPLAINT0007796,ACC0029146,BRW0006636,2026-06-15 08:40:33,AGENT_BEHAVIOUR,LOW,RESOLVED,WHATSAPP,2026-06-27 08:40:33
COMPLAINT0007797,ACC0010244,BRW0000820,2026-06-10 02:17:31,PRIVACY,HIGH,OPEN,CALL,2026-06-13 02:17:31
COMPLAINT0007798,ACC0011373,BRW0011174,2026-07-22 19:22:15,PRIVACY,MEDIUM,INVESTIGATING,EMAIL,2026-08-02 19:22:15
COMPLAINT0007799,ACC0012775,BRW0007103,2026-04-25 00:23:18,HARASSMENT,LOW,RESOLVED,WHATSAPP,2026-05-04 00:23:18
COMPLAINT0007800,ACC0000422,BRW0011767,2026-05-15 17:31:35,WRONG_CONTACT,MEDIUM,CLOSED,WHATSAPP,2026-05-18 17:31:35
COMPLAINT0007801,ACC0025688,BRW0006688,2026-07-23 15:38:30,HARASSMENT,CRITICAL,INVESTIGATING,SMS,2026-08-07 15:38:30
COMPLAINT0007802,ACC0014948,BRW0009187,2026-05-14 07:19:03,WRONG_CONTACT,CRITICAL,OPEN,WHATSAPP,2026-05-18 07:19:03
COMPLAINT0007803,ACC0001531,BRW0007573,2026-03-18 05:07:27,DISPUTE,MEDIUM,CLOSED,FIELD,2026-03-24 05:07:27
COMPLAINT0007804,ACC0014344,BRW0008322,2026-02-23 07:21:41,HARASSMENT,MEDIUM,OPEN,EMAIL,2026-03-10 07:21:41
COMPLAINT0007805,ACC0009667,BRW0007403,2026-04-06 08:20:21,PAYMENT,LOW,OPEN,EMAIL,2026-04-19 08:20:21
COMPLAINT0007806,ACC0006614,BRW0008068,2026-01-17 03:11:15,PRIVACY,LOW,INVESTIGATING,WHATSAPP,2026-02-04 03:11:15
COMPLAINT0007807,ACC0025724,BRW0000186,2026-06-23 02:07:40,PAYMENT,HIGH,RESOLVED,EMAIL,2026-07-07 02:07:40
COMPLAINT0007808,ACC0009919,BRW0002273,2026-07-30 11:31:59,DND,LOW,OPEN,SMS,2026-08-02 11:31:59
COMPLAINT0007809,ACC0004889,BRW0004919,2026-01-30 03:33:18,AGENT_BEHAVIOUR,HIGH,CLOSED,WHATSAPP,2026-02-03 03:33:18
COMPLAINT0007810,ACC0026613,BRW0004809,2026-06-18 08:18:37,PRIVACY,LOW,OPEN,WHATSAPP,2026-07-04 08:18:37
COMPLAINT0007811,ACC0007788,BRW0004849,2026-05-26 07:53:44,AGENT_BEHAVIOUR,CRITICAL,RESOLVED,SMS,2026-05-27 07:53:44
COMPLAINT0007812,ACC0006133,BRW0008637,2026-01-11 05:03:34,PRIVACY,HIGH,INVESTIGATING,CALL,2026-01-21 05:03:34
COMPLAINT0007813,ACC0029953,BRW0003335,2026-07-14 23:28:58,HARASSMENT,LOW,RESOLVED,CALL,2026-07-17 23:28:58
COMPLAINT0007814,ACC0023612,BRW0007744,2026-04-02 06:44:31,PRIVACY,HIGH,CLOSED,SMS,2026-04-18 06:44:31
COMPLAINT0007815,ACC0011564,BRW0002502,2026-05-12 16:59:28,PRIVACY,LOW,INVESTIGATING,FIELD,2026-05-15 16:59:28
COMPLAINT0007816,ACC0025000,BRW0009578,2026-05-18 10:02:35,HARASSMENT,HIGH,CLOSED,FIELD,2026-05-30 10:02:35
COMPLAINT0007817,ACC0000915,BRW0008850,2026-07-14 17:38:23,DISPUTE,CRITICAL,OPEN,WHATSAPP,2026-07-26 17:38:23
COMPLAINT0007818,ACC0017315,BRW0004351,2026-01-07 01:37:02,DND,CRITICAL,RESOLVED,WHATSAPP,2026-01-19 01:37:02
COMPLAINT0007819,ACC0017882,BRW0003476,2026-03-28 12:32:14,HARASSMENT,MEDIUM,OPEN,CALL,2026-03-31 12:32:14
COMPLAINT0007820,ACC0007596,BRW0008782,2026-05-19 10:08:40,WRONG_CONTACT,MEDIUM,OPEN,FIELD,2026-05-21 10:08:40
COMPLAINT0007821,ACC0001460,BRW0006347,2026-02-03 18:53:47,WRONG_CONTACT,MEDIUM,RESOLVED,EMAIL,2026-02-19 18:53:47
COMPLAINT0007822,ACC0011628,BRW0008599,2026-03-02 12:39:22,PRIVACY,MEDIUM,INVESTIGATING,EMAIL,2026-03-14 12:39:22
COMPLAINT0007823,ACC0023493,BRW0001653,2026-06-14 17:05:01,PAYMENT,LOW,CLOSED,EMAIL,2026-06-23 17:05:01
COMPLAINT0007824,ACC0003779,BRW0011082,2026-01-21 13:26:03,DND,CRITICAL,RESOLVED,SMS,2026-01-26 13:26:03
COMPLAINT0007825,ACC0014154,BRW0003342,2026-03-28 23:13:17,PAYMENT,LOW,INVESTIGATING,EMAIL,2026-04-02 23:13:17
COMPLAINT0007826,ACC0003645,BRW0000757,2026-07-20 15:21:03,WRONG_CONTACT,CRITICAL,OPEN,EMAIL,2026-07-21 15:21:03
COMPLAINT0007827,ACC0004208,BRW0001177,2026-04-07 10:09:11,DND,LOW,CLOSED,EMAIL,2026-04-15 10:09:11
COMPLAINT0007828,ACC0005562,BRW0000496,2026-07-13 08:59:18,DISPUTE,LOW,INVESTIGATING,CALL,2026-07-23 08:59:18
COMPLAINT0007829,ACC0022821,BRW0007334,2026-04-11 02:36:20,DND,MEDIUM,RESOLVED,FIELD,2026-04-14 02:36:20
COMPLAINT0007830,ACC0008754,BRW0004935,2026-03-28 19:16:11,PAYMENT,HIGH,RESOLVED,WHATSAPP,2026-04-03 19:16:11
COMPLAINT0007831,ACC0024109,BRW0001259,2026-02-16 06:55:09,HARASSMENT,LOW,CLOSED,SMS,2026-02-21 06:55:09
COMPLAINT0007832,ACC0027220,BRW0004512,2026-04-08 03:18:23,PAYMENT,HIGH,RESOLVED,SMS,2026-04-27 03:18:23
COMPLAINT0007833,ACC0023797,BRW0004809,2026-06-16 12:56:10,DND,HIGH,RESOLVED,CALL,2026-06-18 12:56:10
COMPLAINT0007834,ACC0009747,BRW0003480,2026-04-12 22:33:57,DISPUTE,LOW,CLOSED,EMAIL,2026-04-21 22:33:57
COMPLAINT0007835,ACC0002463,BRW0011672,2026-03-04 15:54:20,DISPUTE,CRITICAL,OPEN,EMAIL,2026-03-23 15:54:20
COMPLAINT0007836,ACC0011257,BRW0009161,2026-06-29 01:08:32,PRIVACY,MEDIUM,OPEN,FIELD,2026-07-15 01:08:32
COMPLAINT0007837,ACC0019301,BRW0005309,2026-01-24 05:27:14,WRONG_CONTACT,LOW,OPEN,CALL,2026-02-07 05:27:14
COMPLAINT0007838,ACC0026593,BRW0000250,2026-07-27 20:40:42,WRONG_CONTACT,MEDIUM,OPEN,SMS,2026-07-28 20:40:42
COMPLAINT0007839,ACC0026567,BRW0010946,2026-01-05 15:56:52,AGENT_BEHAVIOUR,LOW,CLOSED,EMAIL,2026-01-21 15:56:52
COMPLAINT0007840,ACC0001886,BRW0002126,2026-04-19 07:17:35,DND,MEDIUM,CLOSED,EMAIL,2026-05-06 07:17:35
COMPLAINT0007841,ACC0028788,BRW0005335,2026-01-26 16:35:03,AGENT_BEHAVIOUR,CRITICAL,CLOSED,FIELD,2026-01-27 16:35:03
COMPLAINT0007842,ACC0018764,BRW0009707,2026-04-27 16:52:38,AGENT_BEHAVIOUR,CRITICAL,INVESTIGATING,FIELD,2026-05-01 16:52:38
COMPLAINT0007843,ACC0013408,BRW0000948,2026-07-08 03:38:10,WRONG_CONTACT,CRITICAL,INVESTIGATING,SMS,2026-07-11 03:38:10
COMPLAINT0007844,ACC0019466,BRW0001737,2026-03-17 13:05:36,PAYMENT,CRITICAL,CLOSED,FIELD,2026-04-02 13:05:36
COMPLAINT0007845,ACC0000919,BRW0008391,2026-05-17 18:35:05,WRONG_CONTACT,CRITICAL,RESOLVED,FIELD,2026-05-23 18:35:05
COMPLAINT0007846,ACC0029342,BRW0000082,2026-05-06 06:23:02,PRIVACY,MEDIUM,CLOSED,FIELD,2026-05-23 06:23:02
COMPLAINT0007847,ACC0023835,BRW0009901,2026-06-14 15:14:21,AGENT_BEHAVIOUR,LOW,OPEN,SMS,2026-06-15 15:14:21
COMPLAINT0007848,ACC0006124,BRW0005689,2026-02-22 13:07:56,WRONG_CONTACT,CRITICAL,CLOSED,EMAIL,2026-03-11 13:07:56
COMPLAINT0007849,ACC0021697,BRW0011684,2026-04-06 18:12:08,AGENT_BEHAVIOUR,HIGH,INVESTIGATING,CALL,2026-04-21 18:12:08
COMPLAINT0007850,ACC0024178,BRW0002513,2026-02-24 03:34:27,DISPUTE,LOW,INVESTIGATING,EMAIL,2026-02-25 03:34:27
COMPLAINT0007851,ACC0022338,BRW0000155,2026-01-08 18:47:21,PRIVACY,HIGH,OPEN,CALL,2026-01-18 18:47:21
COMPLAINT0007852,ACC0015041,BRW0003126,2026-05-15 05:35:13,PRIVACY,CRITICAL,RESOLVED,WHATSAPP,2026-05-18 05:35:13
COMPLAINT0007853,ACC0029135,BRW0002871,2026-05-20 16:12:32,WRONG_CONTACT,MEDIUM,CLOSED,EMAIL,2026-05-24 16:12:32
COMPLAINT0007854,ACC0000799,BRW0006755,2026-04-09 21:57:50,AGENT_BEHAVIOUR,MEDIUM,OPEN,SMS,2026-04-28 21:57:50
COMPLAINT0007855,ACC0015136,BRW0002255,2026-06-06 21:33:23,WRONG_CONTACT,MEDIUM,RESOLVED,SMS,2026-06-19 21:33:23
COMPLAINT0007856,ACC0028623,BRW0000391,2026-07-07 16:21:16,DND,CRITICAL,CLOSED,EMAIL,2026-07-21 16:21:16
COMPLAINT0007857,ACC0006671,BRW0008661,2026-05-12 04:44:01,AGENT_BEHAVIOUR,LOW,OPEN,CALL,2026-05-26 04:44:01
COMPLAINT0007858,ACC0001670,BRW0006916,2026-01-03 12:18:43,DISPUTE,MEDIUM,INVESTIGATING,FIELD,2026-01-21 12:18:43
COMPLAINT0007859,ACC0017872,BRW0010478,2026-05-23 08:59:44,DISPUTE,MEDIUM,CLOSED,EMAIL,2026-06-04 08:59:44
COMPLAINT0007860,ACC0012531,BRW0005833,2026-01-20 14:26:27,HARASSMENT,MEDIUM,CLOSED,FIELD,2026-01-27 14:26:27
COMPLAINT0007861,ACC0026155,BRW0007266,2026-08-02 15:17:38,HARASSMENT,HIGH,INVESTIGATING,WHATSAPP,2026-08-13 15:17:38
COMPLAINT0007862,ACC0003816,BRW0001595,2026-07-07 22:48:05,DND,CRITICAL,RESOLVED,EMAIL,2026-07-20 22:48:05
COMPLAINT0007863,ACC0018080,BRW0006947,2026-02-23 18:38:40,AGENT_BEHAVIOUR,LOW,OPEN,CALL,2026-02-27 18:38:40
COMPLAINT0007864,ACC0009824,BRW0009801,2026-06-27 10:36:43,AGENT_BEHAVIOUR,LOW,OPEN,SMS,2026-06-28 10:36:43
COMPLAINT0007865,ACC0012997,BRW0007819,2026-03-14 22:12:45,PRIVACY,MEDIUM,RESOLVED,CALL,2026-03-23 22:12:45
COMPLAINT0007866,ACC0023851,BRW0010247,2026-05-14 12:24:12,WRONG_CONTACT,LOW,RESOLVED,WHATSAPP,2026-05-24 12:24:12
COMPLAINT0007867,ACC0003423,BRW0004471,2026-07-02 16:15:03,DISPUTE,LOW,RESOLVED,CALL,2026-07-10 16:15:03
COMPLAINT0007868,ACC0014547,BRW0001705,2026-04-09 22:50:30,WRONG_CONTACT,LOW,OPEN,FIELD,2026-04-22 22:50:30
COMPLAINT0007869,ACC0028820,BRW0000060,2026-05-21 22:02:20,PRIVACY,HIGH,CLOSED,CALL,2026-05-27 22:02:20
COMPLAINT0007870,ACC0009978,BRW0001501,2026-05-19 09:29:47,AGENT_BEHAVIOUR,MEDIUM,RESOLVED,WHATSAPP,2026-05-23 09:29:47
COMPLAINT0007871,ACC0018706,BRW0001253,2026-03-30 02:05:43,PRIVACY,HIGH,INVESTIGATING,FIELD,2026-04-16 02:05:43
COMPLAINT0007872,ACC0008053,BRW0004858,2026-01-05 19:49:32,AGENT_BEHAVIOUR,LOW,CLOSED,FIELD,2026-01-14 19:49:32
COMPLAINT0007873,ACC0022312,BRW0002838,2026-05-26 06:37:07,DISPUTE,LOW,OPEN,WHATSAPP,2026-05-27 06:37:07
COMPLAINT0007874,ACC0017658,BRW0006433,2026-02-06 21:24:38,HARASSMENT,CRITICAL,INVESTIGATING,CALL,2026-02-21 21:24:38
COMPLAINT0007875,ACC0014840,BRW0011216,2026-06-25 07:35:52,WRONG_CONTACT,LOW,INVESTIGATING,CALL,2026-07-09 07:35:52
COMPLAINT0007876,ACC0001676,BRW0002475,2026-01-13 08:06:47,HARASSMENT,LOW,OPEN,CALL,2026-01-17 08:06:47
COMPLAINT0007877,ACC0009034,BRW0009945,2026-04-05 19:38:28,DND,MEDIUM,CLOSED,SMS,2026-04-08 19:38:28
COMPLAINT0007878,ACC0009087,BRW0010413,2026-04-13 16:58:03,AGENT_BEHAVIOUR,HIGH,CLOSED,CALL,2026-04-24 16:58:03
COMPLAINT0007879,ACC0024590,BRW0002203,2026-07-10 20:49:34,AGENT_BEHAVIOUR,CRITICAL,INVESTIGATING,WHATSAPP,2026-07-16 20:49:34
COMPLAINT0007880,ACC0014488,BRW0006314,2026-05-21 20:12:53,HARASSMENT,HIGH,CLOSED,SMS,2026-06-08 20:12:53
COMPLAINT0007881,ACC0012574,BRW0002863,2026-04-05 11:54:22,WRONG_CONTACT,MEDIUM,RESOLVED,SMS,2026-04-07 11:54:22
COMPLAINT0007882,ACC0005784,BRW0004033,2026-04-19 10:32:54,AGENT_BEHAVIOUR,MEDIUM,RESOLVED,CALL,2026-04-27 10:32:54
COMPLAINT0007883,ACC0026457,BRW0010941,2026-07-10 01:16:01,DISPUTE,HIGH,OPEN,WHATSAPP,2026-07-21 01:16:01
COMPLAINT0007884,ACC0024713,BRW0001510,2026-06-02 17:42:08,WRONG_CONTACT,LOW,RESOLVED,WHATSAPP,2026-06-07 17:42:08
COMPLAINT0007885,ACC0010316,BRW0008974,2026-03-30 00:42:00,WRONG_CONTACT,CRITICAL,CLOSED,WHATSAPP,2026-04-13 00:42:00
COMPLAINT0007886,ACC0022902,BRW0008651,2026-01-04 00:50:01,WRONG_CONTACT,CRITICAL,CLOSED,WHATSAPP,2026-01-07 00:50:01
COMPLAINT0007887,ACC0011510,BRW0001947,2026-03-05 19:35:28,AGENT_BEHAVIOUR,MEDIUM,RESOLVED,WHATSAPP,2026-03-22 19:35:28
COMPLAINT0007888,ACC0009220,BRW0001367,2026-04-16 17:03:07,WRONG_CONTACT,HIGH,RESOLVED,SMS,2026-04-22 17:03:07
COMPLAINT0007889,ACC0008698,BRW0009741,2026-05-10 08:59:40,AGENT_BEHAVIOUR,MEDIUM,CLOSED,SMS,2026-05-14 08:59:40
COMPLAINT0007890,ACC0018803,BRW0011897,2026-04-27 12:46:02,PAYMENT,LOW,OPEN,CALL,2026-05-14 12:46:02
COMPLAINT0007891,ACC0023688,BRW0010144,2026-03-11 10:59:07,PAYMENT,LOW,RESOLVED,SMS,2026-03-13 10:59:07
COMPLAINT0007892,ACC0002504,BRW0001115,2026-02-06 16:28:59,PAYMENT,CRITICAL,INVESTIGATING,CALL,2026-02-09 16:28:59
COMPLAINT0007893,ACC0001582,BRW0005823,2026-03-21 22:02:52,HARASSMENT,LOW,INVESTIGATING,CALL,2026-03-31 22:02:52
COMPLAINT0007894,ACC0010914,BRW0002778,2026-03-06 19:05:12,HARASSMENT,MEDIUM,RESOLVED,WHATSAPP,2026-03-24 19:05:12
COMPLAINT0007895,ACC0027672,BRW0001993,2026-01-12 01:57:17,WRONG_CONTACT,HIGH,OPEN,WHATSAPP,2026-01-31 01:57:17
COMPLAINT0007896,ACC0028346,BRW0007009,2026-03-05 17:56:38,DND,MEDIUM,OPEN,WHATSAPP,2026-03-07 17:56:38
COMPLAINT0007897,ACC0019709,BRW0003955,2026-05-26 11:34:24,PAYMENT,HIGH,OPEN,EMAIL,2026-05-30 11:34:24
COMPLAINT0007898,ACC0006906,BRW0010716,2026-02-04 08:13:12,DND,LOW,CLOSED,WHATSAPP,2026-02-20 08:13:12
COMPLAINT0007899,ACC0019523,BRW0004872,2026-02-08 20:37:34,HARASSMENT,HIGH,RESOLVED,WHATSAPP,2026-02-26 20:37:34
COMPLAINT0007900,ACC0003595,BRW0011922,2026-04-11 08:44:12,DISPUTE,CRITICAL,OPEN,EMAIL,2026-04-17 08:44:12
COMPLAINT0007901,ACC0014971,BRW0009137,2026-05-21 19:32:35,AGENT_BEHAVIOUR,LOW,RESOLVED,SMS,2026-06-07 19:32:35
COMPLAINT0007902,ACC0006207,BRW0000379,2026-07-02 07:06:25,AGENT_BEHAVIOUR,HIGH,INVESTIGATING,EMAIL,2026-07-06 07:06:25
COMPLAINT0007903,ACC0015118,BRW0002192,2026-05-29 23:59:38,PRIVACY,CRITICAL,INVESTIGATING,EMAIL,2026-06-02 23:59:38
COMPLAINT0007904,ACC0018015,BRW0011228,2026-07-24 20:00:55,DISPUTE,MEDIUM,CLOSED,WHATSAPP,2026-08-08 20:00:55
COMPLAINT0007905,ACC0024001,BRW0009378,2026-05-29 23:24:08,WRONG_CONTACT,CRITICAL,RESOLVED,SMS,2026-06-03 23:24:08
COMPLAINT0007906,ACC0010872,BRW0000623,2026-05-08 04:56:17,DND,HIGH,OPEN,FIELD,2026-05-20 04:56:17
COMPLAINT0007907,ACC0000240,BRW0008456,2026-04-18 18:30:55,PAYMENT,CRITICAL,INVESTIGATING,WHATSAPP,2026-05-01 18:30:55
COMPLAINT0007908,ACC0004123,BRW0006609,2026-03-02 21:44:28,HARASSMENT,LOW,INVESTIGATING,SMS,2026-03-21 21:44:28
COMPLAINT0007909,ACC0009713,BRW0002771,2026-01-07 09:50:55,DND,MEDIUM,OPEN,EMAIL,2026-01-11 09:50:55
COMPLAINT0007910,ACC0003295,BRW0011597,2026-02-16 10:32:41,DND,LOW,CLOSED,SMS,2026-03-05 10:32:41
COMPLAINT0007911,ACC0025402,BRW0007599,2026-06-14 14:53:32,PRIVACY,HIGH,RESOLVED,SMS,2026-06-19 14:53:32
COMPLAINT0007912,ACC0017109,BRW0002351,2026-07-15 12:19:27,PRIVACY,MEDIUM,CLOSED,CALL,2026-07-22 12:19:27
COMPLAINT0007913,ACC0025181,BRW0011251,2026-03-19 06:58:42,AGENT_BEHAVIOUR,LOW,CLOSED,EMAIL,2026-03-25 06:58:42
COMPLAINT0007914,ACC0029542,BRW0001803,2026-03-09 10:40:03,AGENT_BEHAVIOUR,CRITICAL,CLOSED,CALL,2026-03-12 10:40:03
COMPLAINT0007915,ACC0003961,BRW0005355,2026-04-14 21:54:34,HARASSMENT,CRITICAL,OPEN,EMAIL,2026-04-17 21:54:34
COMPLAINT0007916,ACC0010146,BRW0003577,2026-05-20 13:07:29,DISPUTE,CRITICAL,OPEN,CALL,2026-05-22 13:07:29
COMPLAINT0007917,ACC0011371,BRW0005440,2026-03-09 03:29:13,PRIVACY,MEDIUM,CLOSED,CALL,2026-03-14 03:29:13
COMPLAINT0007918,ACC0005161,BRW0010282,2026-01-13 20:12:35,PAYMENT,HIGH,CLOSED,SMS,2026-01-25 20:12:35
COMPLAINT0007919,ACC0000621,BRW0008817,2026-05-25 01:39:19,WRONG_CONTACT,HIGH,CLOSED,WHATSAPP,2026-06-05 01:39:19
COMPLAINT0007920,ACC0012966,BRW0003921,2026-03-09 09:48:01,DISPUTE,HIGH,INVESTIGATING,WHATSAPP,2026-03-25 09:48:01
COMPLAINT0007921,ACC0009563,BRW0007836,2026-05-24 13:15:48,HARASSMENT,MEDIUM,CLOSED,FIELD,2026-06-12 13:15:48
COMPLAINT0007922,ACC0001300,BRW0007045,2026-06-14 15:25:08,WRONG_CONTACT,HIGH,OPEN,EMAIL,2026-06-19 15:25:08
COMPLAINT0007923,ACC0002614,BRW0004995,2026-03-01 16:20:46,HARASSMENT,HIGH,CLOSED,EMAIL,2026-03-17 16:20:46
COMPLAINT0007924,ACC0013182,BRW0007061,2026-04-02 03:40:30,WRONG_CONTACT,CRITICAL,CLOSED,EMAIL,2026-04-16 03:40:30
COMPLAINT0007925,ACC0003057,BRW0011749,2026-01-16 08:41:14,HARASSMENT,HIGH,INVESTIGATING,WHATSAPP,2026-02-04 08:41:14
COMPLAINT0007926,ACC0027035,BRW0000195,2026-03-26 19:39:50,AGENT_BEHAVIOUR,HIGH,CLOSED,SMS,2026-03-31 19:39:50
COMPLAINT0007927,ACC0017771,BRW0006913,2026-02-27 07:16:33,AGENT_BEHAVIOUR,HIGH,INVESTIGATING,WHATSAPP,2026-03-02 07:16:33
COMPLAINT0007928,ACC0000219,BRW0003024,2026-05-18 15:44:21,DND,HIGH,INVESTIGATING,EMAIL,2026-06-02 15:44:21
COMPLAINT0007929,ACC0028853,BRW0010475,2026-07-06 18:23:27,AGENT_BEHAVIOUR,HIGH,RESOLVED,WHATSAPP,2026-07-16 18:23:27
COMPLAINT0007930,ACC0003336,BRW0009055,2026-04-18 06:18:46,HARASSMENT,CRITICAL,OPEN,WHATSAPP,2026-05-05 06:18:46
COMPLAINT0007931,ACC0019543,BRW0004669,2026-01-25 06:25:34,PRIVACY,HIGH,RESOLVED,CALL,2026-02-13 06:25:34
COMPLAINT0007932,ACC0014310,BRW0005483,2026-03-14 22:52:31,PAYMENT,CRITICAL,RESOLVED,SMS,2026-03-20 22:52:31
COMPLAINT0007933,ACC0021125,BRW0002190,2026-01-26 08:13:31,DISPUTE,HIGH,INVESTIGATING,CALL,2026-02-10 08:13:31
COMPLAINT0007934,ACC0024530,BRW0000646,2026-04-01 12:34:10,DISPUTE,CRITICAL,CLOSED,SMS,2026-04-13 12:34:10
COMPLAINT0007935,ACC0022635,BRW0001764,2026-06-14 04:51:41,DISPUTE,HIGH,RESOLVED,WHATSAPP,2026-06-21 04:51:41
COMPLAINT0007936,ACC0015785,BRW0003361,2026-06-30 19:48:03,HARASSMENT,LOW,RESOLVED,EMAIL,2026-07-07 19:48:03
COMPLAINT0007937,ACC0018658,BRW0000962,2026-06-26 16:21:30,WRONG_CONTACT,MEDIUM,INVESTIGATING,WHATSAPP,2026-07-15 16:21:30
COMPLAINT0007938,ACC0023556,BRW0003554,2026-04-09 12:07:41,HARASSMENT,CRITICAL,OPEN,EMAIL,2026-04-11 12:07:41
COMPLAINT0007939,ACC0000802,BRW0007440,2026-05-17 11:51:31,DISPUTE,MEDIUM,RESOLVED,WHATSAPP,2026-05-18 11:51:31
COMPLAINT0007940,ACC0015414,BRW0010113,2026-01-13 07:36:58,DISPUTE,CRITICAL,CLOSED,WHATSAPP,2026-01-28 07:36:58
COMPLAINT0007941,ACC0017240,BRW0004419,2026-08-08 10:52:09,HARASSMENT,LOW,CLOSED,FIELD,2026-08-12 10:52:09
COMPLAINT0007942,ACC0029173,BRW0007279,2026-01-04 04:47:52,HARASSMENT,MEDIUM,CLOSED,EMAIL,2026-01-10 04:47:52
COMPLAINT0007943,ACC0009178,BRW0001119,2026-06-01 04:06:40,DISPUTE,LOW,CLOSED,SMS,2026-06-09 04:06:40
COMPLAINT0007944,ACC0028911,BRW0010190,2026-03-21 14:51:06,DND,MEDIUM,OPEN,WHATSAPP,2026-04-05 14:51:06
COMPLAINT0007945,ACC0017388,BRW0005194,2026-02-04 01:24:53,PAYMENT,LOW,CLOSED,EMAIL,2026-02-15 01:24:53
COMPLAINT0007946,ACC0018638,BRW0008552,2026-02-21 08:33:25,DISPUTE,CRITICAL,OPEN,FIELD,2026-03-11 08:33:25
COMPLAINT0007947,ACC0003064,BRW0011525,2026-02-12 18:56:43,PAYMENT,LOW,OPEN,FIELD,2026-02-25 18:56:43
COMPLAINT0007948,ACC0013351,BRW0005951,2026-08-02 02:07:08,DND,HIGH,INVESTIGATING,SMS,2026-08-19 02:07:08
COMPLAINT0007949,ACC0022588,BRW0006712,2026-04-15 06:20:22,AGENT_BEHAVIOUR,HIGH,RESOLVED,EMAIL,2026-04-26 06:20:22
COMPLAINT0007950,ACC0000214,BRW0011487,2026-06-16 23:42:54,PAYMENT,HIGH,RESOLVED,CALL,2026-06-29 23:42:54
COMPLAINT0007951,ACC0004918,BRW0005933,2026-01-14 13:33:54,WRONG_CONTACT,CRITICAL,OPEN,EMAIL,2026-01-31 13:33:54
COMPLAINT0007952,ACC0023868,BRW0010032,2026-02-04 13:01:12,HARASSMENT,CRITICAL,INVESTIGATING,EMAIL,2026-02-23 13:01:12
COMPLAINT0007953,ACC0004379,BRW0009463,2026-04-28 11:52:42,PRIVACY,HIGH,INVESTIGATING,FIELD,2026-05-02 11:52:42
COMPLAINT0007954,ACC0019622,BRW0006407,2026-04-19 10:53:41,DND,HIGH,INVESTIGATING,CALL,2026-05-07 10:53:41
COMPLAINT0007955,ACC0021548,BRW0005664,2026-03-18 08:02:30,HARASSMENT,MEDIUM,OPEN,CALL,2026-03-25 08:02:30
COMPLAINT0007956,ACC0022647,BRW0005798,2026-02-19 20:26:40,PRIVACY,LOW,INVESTIGATING,SMS,2026-02-24 20:26:40
COMPLAINT0007957,ACC0024050,BRW0001746,2026-07-29 15:25:38,WRONG_CONTACT,CRITICAL,INVESTIGATING,FIELD,2026-08-13 15:25:38
COMPLAINT0007958,ACC0012019,BRW0010915,2026-07-18 07:09:54,DND,LOW,RESOLVED,EMAIL,2026-08-01 07:09:54
COMPLAINT0007959,ACC0014187,BRW0007899,2026-05-28 08:20:59,PAYMENT,HIGH,CLOSED,CALL,2026-06-03 08:20:59
COMPLAINT0007960,ACC0000866,BRW0011919,2026-05-27 20:10:11,DISPUTE,CRITICAL,OPEN,CALL,2026-06-12 20:10:11
COMPLAINT0007961,ACC0013040,BRW0002864,2026-03-11 15:50:39,PRIVACY,LOW,INVESTIGATING,WHATSAPP,2026-03-30 15:50:39
COMPLAINT0007962,ACC0013843,BRW0005145,2026-01-09 19:59:58,DND,CRITICAL,CLOSED,WHATSAPP,2026-01-20 19:59:58
COMPLAINT0007963,ACC0009901,BRW0006541,2026-06-02 15:57:15,DISPUTE,CRITICAL,OPEN,SMS,2026-06-18 15:57:15
COMPLAINT0007964,ACC0008963,BRW0006443,2026-01-31 11:32:58,HARASSMENT,MEDIUM,CLOSED,EMAIL,2026-02-15 11:32:58
COMPLAINT0007965,ACC0028967,BRW0004297,2026-03-02 13:21:27,DND,LOW,OPEN,SMS,2026-03-08 13:21:27
COMPLAINT0007966,ACC0029897,BRW0008386,2026-02-28 09:53:57,DND,HIGH,CLOSED,EMAIL,2026-03-18 09:53:57
COMPLAINT0007967,ACC0010574,BRW0006742,2026-02-04 07:55:45,PRIVACY,MEDIUM,INVESTIGATING,CALL,2026-02-09 07:55:45
COMPLAINT0007968,ACC0016863,BRW0005103,2026-05-12 01:38:11,AGENT_BEHAVIOUR,MEDIUM,RESOLVED,SMS,2026-05-18 01:38:11
COMPLAINT0007969,ACC0022391,BRW0009755,2026-04-15 07:55:01,HARASSMENT,HIGH,INVESTIGATING,FIELD,2026-04-16 07:55:01
COMPLAINT0007970,ACC0024158,BRW0004895,2026-06-10 11:08:23,PRIVACY,HIGH,CLOSED,EMAIL,2026-06-27 11:08:23
COMPLAINT0007971,ACC0015116,BRW0011272,2026-03-03 07:39:45,HARASSMENT,CRITICAL,OPEN,EMAIL,2026-03-07 07:39:45
COMPLAINT0007972,ACC0017019,BRW0007375,2026-01-29 19:49:57,DISPUTE,HIGH,CLOSED,SMS,2026-02-09 19:49:57
COMPLAINT0007973,ACC0001824,BRW0010630,2026-02-04 23:04:33,DND,CRITICAL,INVESTIGATING,SMS,2026-02-23 23:04:33
COMPLAINT0007974,ACC0028129,BRW0011369,2026-05-23 08:27:12,DISPUTE,HIGH,OPEN,CALL,2026-06-09 08:27:12
COMPLAINT0007975,ACC0025354,BRW0011129,2026-03-15 07:41:21,DND,MEDIUM,INVESTIGATING,WHATSAPP,2026-03-29 07:41:21
COMPLAINT0007976,ACC0019759,BRW0011294,2026-04-05 16:49:07,DND,LOW,RESOLVED,FIELD,2026-04-11 16:49:07
COMPLAINT0007977,ACC0023801,BRW0011298,2026-07-22 10:05:35,DISPUTE,CRITICAL,RESOLVED,CALL,2026-07-31 10:05:35
COMPLAINT0007978,ACC0008838,BRW0002192,2026-04-03 23:10:32,PRIVACY,HIGH,OPEN,WHATSAPP,2026-04-19 23:10:32
COMPLAINT0007979,ACC0011057,BRW0003626,2026-05-02 02:26:02,PAYMENT,HIGH,OPEN,CALL,2026-05-08 02:26:02
COMPLAINT0007980,ACC0008057,BRW0008776,2026-07-05 22:16:09,HARASSMENT,HIGH,INVESTIGATING,CALL,2026-07-11 22:16:09
COMPLAINT0007981,ACC0003932,BRW0004539,2026-04-24 09:29:01,AGENT_BEHAVIOUR,LOW,OPEN,SMS,2026-05-02 09:29:01
COMPLAINT0007982,ACC0018799,BRW0000866,2026-03-20 17:32:19,AGENT_BEHAVIOUR,CRITICAL,CLOSED,CALL,2026-03-24 17:32:19
COMPLAINT0007983,ACC0013644,BRW0010199,2026-05-20 03:46:42,AGENT_BEHAVIOUR,MEDIUM,CLOSED,WHATSAPP,2026-05-30 03:46:42
COMPLAINT0007984,ACC0015764,BRW0004810,2026-08-01 11:56:15,PAYMENT,CRITICAL,INVESTIGATING,SMS,2026-08-04 11:56:15
COMPLAINT0007985,ACC0005382,BRW0005946,2026-07-06 09:03:40,AGENT_BEHAVIOUR,CRITICAL,CLOSED,SMS,2026-07-22 09:03:40
COMPLAINT0007986,ACC0015160,BRW0007705,2026-01-07 01:04:26,DISPUTE,CRITICAL,OPEN,CALL,2026-01-24 01:04:26
COMPLAINT0007987,ACC0003941,BRW0010881,2026-01-07 11:26:50,PRIVACY,LOW,RESOLVED,FIELD,2026-01-24 11:26:50
COMPLAINT0007988,ACC0012787,BRW0007049,2026-06-16 03:35:42,AGENT_BEHAVIOUR,LOW,INVESTIGATING,CALL,2026-07-01 03:35:42
COMPLAINT0007989,ACC0004845,BRW0004047,2026-05-12 07:10:58,DISPUTE,MEDIUM,OPEN,WHATSAPP,2026-05-30 07:10:58
COMPLAINT0007990,ACC0015643,BRW0007046,2026-08-07 20:53:28,PRIVACY,MEDIUM,OPEN,SMS,2026-08-21 20:53:28
COMPLAINT0007991,ACC0008800,BRW0008795,2026-02-04 08:33:33,DISPUTE,CRITICAL,INVESTIGATING,CALL,2026-02-20 08:33:33
COMPLAINT0007992,ACC0013706,BRW0003719,2026-03-07 03:23:36,AGENT_BEHAVIOUR,LOW,CLOSED,WHATSAPP,2026-03-24 03:23:36
COMPLAINT0007993,ACC0004042,BRW0004640,2026-05-28 19:59:02,PRIVACY,CRITICAL,OPEN,CALL,2026-06-16 19:59:02
COMPLAINT0007994,ACC0011037,BRW0004290,2026-04-15 19:08:37,WRONG_CONTACT,MEDIUM,RESOLVED,SMS,2026-04-21 19:08:37
COMPLAINT0007995,ACC0018641,BRW0003929,2026-01-10 15:12:47,HARASSMENT,LOW,RESOLVED,CALL,2026-01-12 15:12:47
COMPLAINT0007996,ACC0016241,BRW0000664,2026-01-21 21:51:40,PAYMENT,MEDIUM,OPEN,WHATSAPP,2026-02-07 21:51:40
COMPLAINT0007997,ACC0012026,BRW0001856,2026-06-29 18:18:08,AGENT_BEHAVIOUR,CRITICAL,OPEN,EMAIL,2026-07-14 18:18:08
COMPLAINT0007998,ACC0007681,BRW0005485,2026-08-02 02:15:17,WRONG_CONTACT,MEDIUM,RESOLVED,CALL,2026-08-04 02:15:17
COMPLAINT0007999,ACC0026013,BRW0011839,2026-06-07 19:47:02,PRIVACY,HIGH,RESOLVED,WHATSAPP,2026-06-13 19:47:02
COMPLAINT0008000,ACC0026514,BRW0004635,2026-05-05 19:54:14,AGENT_BEHAVIOUR,CRITICAL,RESOLVED,SMS,2026-05-17 19:54:14
